source_type,file_name,doc_type,page_count,char_count,text
public,acceptable-use-policy.pdf,pdf,10,21977,"State of Illinois 
Department of Innovation & Technology 
Acceptable Use Policy 
D e p a r t m e n t o f I n n o v a t i o n & T e c h n o l o g y 
I n f o r m a t i o n    S e c u r i t y    P o l i c y    –    A c c e p t a b l e    U s e     
P a g e   1 
 
 
 
1 OVERVIEW 
As State of Illinois employees, we have access to State information and State systems, technology 
and other information resources, including State-owned hardware, software, and computer 
network access. This Policy refers to all such information, data, systems, technology, and 
resources collectively as “Information Technology Resources (IT Resources)”. As stewards of IT 
Resources, each of us is responsible for protecting those resources. 
Inappropriate use exposes the State and its agencies to risks including cyber-attacks, compromise 
of network systems and services, information breaches and legal issues. Inappropriate personal 
use of IT Resources on State time also deprives the State of another valuable resource – your 
time and service. 
To avoid these problems, every employee who accesses IT Resources (Users) must know and 
understand the following guidelines and conduct their activities accordingly. 
2 GOAL 
The goal of this Acceptable Use Policy is to establish appropriate and acceptable practices and 
responsibilities regarding the use of IT Resources, which will protect proprietary, personal, 
privileged, or otherwise sensitive data. 
3 SCOPE 
This Acceptable Use Policy requires statewide compliance, and it covers and applies to: 
 
• All State agencies, boards, commissions, IT service providers, and any other entities that 
use IT Resources; 
• All personnel, employees, and contractors, of the Illinois Department of Innovation & 
Technology (“DoIT”), and of all State agencies, boards and commissions that use IT 
Resources. All such personnel are referred to as a “User” or “Users” in this policy; 
• All IT Resources, including systems and technology capabilities developed, acquired, or 
used as a service, whether the IT Resource is internally or externally developed, housed 
or maintained. 
This policy establishes minimum guidelines for acceptable use. A User’s agency policy may 
be more restrictive, and to that extent will supersede the minimum requirements of this 
policy. 

State of Illinois 
Department of Innovation & Technology 
Acceptable Use Policy 
D e p a r t m e n t o f I n n o v a t i o n & T e c h n o l o g y 
I n f o r m a t i o n    S e c u r i t y    P o l i c y    –    A c c e p t a b l e    U s e     
P a g e   2 
 
 
4 REQUIREMENTS 
4.1 General Use and Ownership 
4.1.1 
Every User must avoid all activity that compromises the security, performance or 
integrity of IT Resources, or that negatively impacts the IT Resources or other 
Users. 
4.1.2 
State employees, vendors, business partners, and other governmental agencies 
must first be authorized by DoIT or client agency designated staff before accessing 
IT Resources. 
4.1.3 
All individuals who access IT Resources may be required to undergo personnel 
screening. Such screening could include a background check, which shall be 
proportional to the data classification, business requirements, and acceptable risk, 
each based on the IT Resources being accessed. 
4.1.4 
Users must use IT Resources within the scope of their employment or contractual 
relationship with the State only, and must agree to abide by the terms of this 
policy. Such agreement will be evidenced by the User’s acceptance of the terms 
and conditions of this policy. 
4.1.5 
Users shall promptly report to their supervisor and/or the service desk all security 
incidents, disruption of service, actual or suspected theft, loss and/or 
unauthorized disclosure of IT Resources. 
4.1.6 
The State audits IT Resources to secure its information systems and ensure 
compliance with this policy. 
4.1.7 
Limited, reasonable personal use of State Network Resources, in accordance with 
this Policy, is allowed. Users should be aware that all usage may be monitored and 
there is no reasonable expectation of privacy in the use of IT Resources. 
 
4.2 Security and Information 
4.2.1 
All Users must undergo Cybersecurity Awareness Training, pursuant to 20 ILCS 
450/25. 
4.2.2 
Users may access, use or share IT Resources only to the extent necessary to fulfill 
assigned job duties. All IT Resources must be handled with due care and 
confidentiality. Users who create, receive, process, edit, store, distribute or 
destroy IT Resources which are confidential, sensitive in nature, and/or governed 
by federal or state laws, rules or regulations must understand their responsibilities 
to protect such information. 

State of Illinois 
Department of Innovation & Technology 
Acceptable Use Policy 
D e p a r t m e n t o f I n n o v a t i o n & T e c h n o l o g y 
I n f o r m a t i o n    S e c u r i t y    P o l i c y    –    A c c e p t a b l e    U s e     
P a g e   3 
 
 
 
4.2.3 
All computing devices, which include personally owned devices, that connect to the 
State of Illinois internal network must first be authorized. 
4.2.4 
System and user level passwords must meet DoIT’s password length and complexity 
requirements. 
4.2.5 
Use of another User’s password or any other authentication capabilities is strictly 
prohibited. 
4.2.6 
User privileges must not be elevated without formal approval by authorized 
personnel. 
4.2.7 
Technical personnel must utilize accounts specified for elevated privileges. 
4.2.8 
Computing devices must be secured with a password-protected screensaver 
enabled, as applicable. Users must lock the screen or log off/sign out of the device 
when the device is unattended. 
4.2.9 
Users must use caution when opening e-mail attachments received from unknown 
senders, as attachments may contain malware. Users must also use caution when 
clicking on hyperlinks in email, as this could result in a successful cyber-attack. 
 
4.3 Unacceptable Use 
The following activities are prohibited. State Users may be exempted from these restrictions 
during the course of their legitimate job responsibilities (e.g., systems administration staff 
may have a need to disable the network access if it is disrupting production services). 
Under no circumstances should any State resource be used to engage in any illegal activity. 
The examples listed below are by no means exhaustive, but attempt to provide a framework 
for activities that fall into the category of unacceptable use. 
 
4.3.1 
Prohibited System and Network Activities 
4.3.1.1 
Violations of any copyright, trade secret, patent or other intellectual property, 
or any similar laws or regulations. This includes, but is not limited to, the 
installation or distribution of ""pirated"" or any other software products that are 
not licensed for use by the State. 
4.3.1.2 
Unauthorized copying, sharing and/or distribution of copyrighted material. 
4.3.1.3 
Exporting software, technical information, encryption software or technology, 
in violation of international or regional export control laws. The appropriate 

State of Illinois 
Department of Innovation & Technology 
Acceptable Use Policy 
D e p a r t m e n t o f I n n o v a t i o n & T e c h n o l o g y 
I n f o r m a t i o n    S e c u r i t y    P o l i c y    –    A c c e p t a b l e    U s e     
P a g e   4 
 
 
management should be consulted prior to export of any material. 
4.3.1.4 
Careless introduction of malicious programs into the network or server (e.g., 
viruses, worms, Trojan horses, and e-mail bombs). 
4.3.1.5 
Revealing your account password to others or allowing others to use your 
account. This includes family and other household members. If the User losses 
control of their credentials they should report this to the helpdesk or their 
appropriate IT or Security staff and immediately change their network/email 
password. 
4.3.1.6 
Using IT Resources to obtain or transmit material that is in violation of sexual 
harassment or hostile workplace laws in the User's local jurisdiction, including 
but not limited to publishing, distributing, selling, displaying, possessing 
obscene materials such as pornography, child pornography, cyberbullying and 
threats of violence. 
4.3.1.7 
Effecting security breaches or disruptions of network communication. 
4.3.1.8 
Port scanning or security scanning is expressly prohibited unless prior 
notification to DoIT Division of Information Security is made. Security scanning 
conducted by or with express authorization from the Chief Information 
Security Officer (“CISO”) is excluded from this prohibition. 
4.3.1.9 
Executing any form of network monitoring that will intercept data not 
intended for the User’s host, unless this monitoring activity is a part of the 
User’s normal job/duty. 
4.3.1.10 
Circumventing User authentication or security features of any host, network 
or account. 
4.3.1.11 
Installing password crackers, denial of service tools, key loggers or any other 
software or tools designed to acquire unauthorized access to data or IT 
Resources. Use of such tools can be acceptable, but only with express 
authorization from the CISO. 
4.3.1.12 
Utilizing tools such as unauthorized browsers to access the ‘dark web’ unless 
expressly authorized by the CISO. 
4.3.1.13 
Introducing honeypots, honeynets, or similar technology on the State network 
unless expressly authorized by the CISO. 
4.3.1.14 
Interfering with or denying service to any User (for example, a denial of service 
attack). 
4.3.1.15 
Using any program/script/command, or sending messages of any kind, with 

State of Illinois 
Department of Innovation & Technology 
Acceptable Use Policy 
D e p a r t m e n t o f I n n o v a t i o n & T e c h n o l o g y 
I n f o r m a t i o n    S e c u r i t y    P o l i c y    –    A c c e p t a b l e    U s e     
P a g e   5 
 
 
the intent to interfere with, or disable, a User's terminal session, via any 
means, locally or via the Internet/Intranet/Extranet. 
4.3.1.16 
Providing information about, or lists of, State employees to parties outside of 
State established processes. 
4.3.1.17 
Sending or sharing with unauthorized persons any information that is 
confidential by law, rule or regulation, or which may compromise the security 
of the State, IT Resources, and/or DoIT Client Agencies. 
4.3.1.18 
Installing software that has not been authorized in writing by the requestor’s 
manager and an appropriate service request submitted to designated IT staff 
or Help Desk for processing. 
4.3.1.19 
Attaching devices that have not been authorized in writing by the requestor’s 
manager and then submit appropriate service request to designated IT staff or 
Help Desk for processing. 
4.3.1.20 
Using IT Resources to play or download games, music or videos that are not in 
support of business functions. 
4.3.1.21 
Using peer-to-peer or file sharing software must be authorized by the CISO. 
4.3.1.22 
Utilizing IT Resources for activities that violate policies established by State 
agencies, boards or commissions. 
4.3.1.23 
Moving, adding, or altering the security and/or security-related configurations 
of State owned workstations, mobile devices, network equipment, software 
or services. 
4.3.1.24 
Sharing or storing IT Resources via unauthorized cloud services. 
 
4.3.2 
Prohibited Email and Communication Activities 
The purpose of the State’s e-mail system is for correspondence relating to the mission of 
the agency, board or commission. E-mail is a resource provided to agencies, boards and 
commissions, and Users to enhance work performance and productivity, enable efficient 
communication, and to record and preserve the work performed in accordance with State 
law. The following are prohibited activities: 
 
4.3.2.1 
Sending ""junk mail"" or advertising material to individuals who did not 
specifically request such material (email spam). 
4.3.2.2 
Any form of harassment via email, telephone, or instant messaging. 
4.3.2.3 
Unauthorized use, or forging, of email header information. 

State of Illinois 
Department of Innovation & Technology 
Acceptable Use Policy 
D e p a r t m e n t o f I n n o v a t i o n & T e c h n o l o g y 
I n f o r m a t i o n    S e c u r i t y    P o l i c y    –    A c c e p t a b l e    U s e     
P a g e   6 
 
 
4.3.2.4 
Solicitation of email for any other email address (other than that of the 
poster's account), with the intent to harass or to collect replies. 
4.3.2.5 
Creating or forwarding ""chain letters"", ""Ponzi"" or other ""pyramid"" schemes of 
any type. 
4.3.2.6 
Sending unsolicited email from within the State networks. 
4.3.2.7 
Users are not allowed to create or open archived .PST files unless first 
authorized in writing by the requestor’s manager and then submit appropriate 
service request to designated IT staff or Help Desk for processing. 
4.3.2.8 
The Enterprise email system includes a disclaimer notification at the bottom 
of every email sent from the system. Additional disclaimers must be approved 
by the User’s agency senior management or their legal department. 
4.3.2.9 
Sending broadcast messages to all agency email Users within the scope of the 
Enterprise Email system without appropriate authorization. 
4.3.2.10 
Misaddressed messages shall not be forwarded unless the User is familiar with 
both the sender and the recipient, and knows the message pertains to 
legitimate State business. In all other instances the sender should be notified, 
if possible, that the message was misaddressed or misdirected and the email 
deleted. 
4.3.2.11 
Users may not create email rules or other automated processes to forward any 
email to external email accounts; personal or otherwise. This includes carbon 
copying to personal accounts. 
4.3.2.12 
Users cannot retain or export a copy of email when terminating employment 
with the agency unless authorized by agency senior management or agency 
legal department. 
 
4.3.3 
Prohibited Activities When Using Collaboration Tools (Audio, Video, File Sharing, 
Group Chat, Remote tools and Online Meeting tools): 
4.3.3.1 
Using collaboration resources for monetary gain or for commercial, religious, 
or political purposes not directly related to State business. 
4.3.3.2 
Capturing, opening, intercepting or obtaining access to collaboration tools, 
except as otherwise permitted in the performance of assigned job 
responsibilities. 
4.3.3.3 
Giving the impression to others that the User is representing, giving opinions 
or otherwise making statements on behalf of DoIT, unless in the performance 

State of Illinois 
Department of Innovation & Technology 
Acceptable Use Policy 
D e p a r t m e n t o f I n n o v a t i o n & T e c h n o l o g y 
I n f o r m a t i o n    S e c u r i t y    P o l i c y    –    A c c e p t a b l e    U s e     
P a g e   7 
 
 
of assigned job responsibilities. 
4.3.3.4 
Users will not directly or by implication employ a false identity. 
 
4.3.4 
Prohibited Blogging and Social Media Activities 
4.3.4.1. 
Nothing in this Policy is intended to interfere with, restrain, or impinge upon 
any User’s Constitutional rights, nor upon communications regarding wages, 
hours, or other terms and conditions of employment. Users have the right to 
engage in or refrain from such activities in accordance with any other 
applicable statues, rules, regulations or policies. 
4.3.4.2. 
Users are prohibited from making comments or otherwise communicating 
about customers, residents, vendors, suppliers, coworkers, or supervisors in 
a manner that is vulgar, obscene, threatening, intimidating, harassing, 
libelous, or discriminatory on any grounds. 
4.3.4.3. 
Privacy and confidential information requirements also apply to blogging and 
social media activities. As such, Users are prohibited from revealing any 
private, confidential or proprietary information, trade secrets or any other 
material protected from disclosure by applicable statutes, rules, standards, 
contracts and policies when engaged in blogging and/or social media activities. 
4.3.4.4. 
When using social media in a non-official, or personal capacity: 
• 
Users who identify themselves as a State employee or have a public- 
facing position should ensure their profile and related content conforms to 
applicable requirements, such as (but not limited to) the State Officials and 
Employees Ethics Act (5 ILCS 430). 
• 
Users should add a disclaimer to their social networking profile, 
personal blog, or other online presences that clearly state that the opinions or 
views expressed are the User’s alone, and do not represent the views of the 
User’s employing agency or the State. 
• 
In a publicly accessible forum, Users shall not discuss any agency or 
State-related information that is not already considered public information. 
The discussion of sensitive, proprietary, or confidential information is strictly 
prohibited. This rule applies even in circumstances where password or other 
privacy controls are implemented. 
4.3.4.5. Users must comply with all applicable laws regarding trademarks, logos, 
intellectual property, rights of publicity, and any other third-party rights. Users 

State of Illinois 
Department of Innovation & Technology 
Acceptable Use Policy 
D e p a r t m e n t o f I n n o v a t i o n & T e c h n o l o g y 
I n f o r m a t i o n    S e c u r i t y    P o l i c y    –    A c c e p t a b l e    U s e     
P a g e   8 
 
 
may not infringe on State-owned trademarks, logos, intellectual property, or 
rights of publicity. 
 
4.4 Internet Access 
Internet access is provided to meet informational needs and support the mission and goals 
of the State. All Internet usage utilizing IT Resources falls under this Acceptable Use Policy, 
regardless of equipment ownership. Misuse of Internet access may result in loss of Internet 
access privileges, or discipline, up to and including discharge. 
Internet use is monitored by the State. Suspected misuse of the Internet should be reported 
to the applicable DoIT Client Agency for review and determination of appropriate action. 
 
 
5 POLICY COMPLIANCE 
In order to implement this Policy, DoIT may establish supplemental policies, standards, 
procedures and guidelines and designate responsibility to specific personnel. To the extent 
necessary, each Client Agency and/or DoIT Division must establish procedures to achieve 
Policy compliance. It is the responsibility of all Users to understand and adhere to this Policy. 
The DoIT Division of Information Security will verify compliance with this policy through 
various methods, including but not limited to, business tool reports, internal and external 
audits, and feedback to the Policy owner. 
All Users of DoIT and DoIT client agencies are required to complete the Ethics Training 
Program and Cyber Security Awareness training as part of the initial training for new users 
and annually thereafter. Any break in service, as defined by governing HR policy, will require 
retraining. 
Any exception to this Policy must be approved by the DoIT Division of Information Security in 
writing and in advance of any action otherwise contrary to this Policy. 
Failure to comply with this Policy may result in the CISO, or designee, temporarily 
discontinuing or suspending the operation of the information system, access, solution and/or 
resource until such compliance is established by the CISO or designee. Failure to comply with 
this Policy could also result in discipline, up to and including discharge. 
Noncompliance with this Policy may constitute a legal risk to the State, an organizational risk 
to the State in terms of potential harm to employees or resident security, or a security risk 
to State Network Operations and the user community, and/or a potential personal liability. 

State of Illinois 
Department of Innovation & Technology 
Acceptable Use Policy 
D e p a r t m e n t o f I n n o v a t i o n & T e c h n o l o g y 
I n f o r m a t i o n    S e c u r i t y    P o l i c y    –    A c c e p t a b l e    U s e     
P a g e   9 
 
 
The 
presence of unauthorized data in the State network could lead to liability on the part of the 
State, in addition to the individuals responsible for obtaining it. 
6 APPLICABLE LAWS, GUIDELINES OR SOURCES 
Applicable laws, rules and regulations include, but are not limited to, those found in the 
State Enterprise Information Security Policy, and the State Officials and Employees Ethics 
Act, 5 ILCS 430 and 20 ILCS 450/25. 
7 RELATED POLICIES, STANDARDS AND GUIDELINES 
(1) Criminal Justice Information Security 
(2) Federal Tax Information Security 
(3) Payment Card Data Protection 
(4) Protected Health Information Security 
 
 
 
 
 
Revision history and approvals are reflected in ServiceNow.

 
.,,.,e 0t 11111101, 
Department of Innovation &Technology 
Acceptable Use Policy 
,;;;ovatio-n &Technology
 
State of Illinois 
Department of Innovation & Technology 
Acceptable Use Policy 
 
 
 
 
CERTIFICATION 
I have been issued a copy of the Department of Innovation & Technology Acceptable Use Policy. 
I understand that compliance with the State’s policies and regulations is a condition of employment 
and that it is my obligation to read, understand, and remain current with any new or amended 
policy, rule, directive or regulation. I further understand that a violation of any State policy, rule, 
directive or regulation may result in disciplinary action, up to and including discharge. 
[Please sign below] 
 
 
 
 
Signature 
Date 
 
 
 
 
I UNDERSTAND THAT NO STATEMENT IN THIS POLICY SUPERSEDES THE 
PERSONNEL CODE OR ANY NEGOTIATED CONTRACT, NOR DOES THIS POLICY 
CONSTITUTE OR IMPLY ANY CONTRACTUAL OBLIGATIONS. 
 
 
IT IS THE RESPONSIBILITY OF EACH EMPLOYEE TO COMPLETE THIS 
CERTIFICATION AND RETURN IT TO HIS OR HER IMMEDIATE SUPERVISOR. THE 
SUPERVISOR MUST FORWARD THE COMPLETED FORM TO THE PERSONNEL OFFICE 
FOR INCLUSION IN THE EMPLOYEE’S OFFICIAL PERSONNEL FILE."
public,Employee-Handbook.pdf,pdf,94,197473,"Page | 1 
 
 
 
 
 
 
 
 
 
 
 
 
 
 
 
University of North Georgia 
Employee Handbook 
 
 
 
 
 
 
 
 
 
 
 
 
 
 
 
 
 
 
 
 
 
If you need this document in an alternate format for accessibility 
purposes (e.g., Braille, large print, audio, etc.), please contact the 
Human Resources Department at hr@ung.edu or 678-717-2232. 
 
 
 
 
 
 
 
 
 
 
 
 
 
 
 
University of North Georgia, 82 College Circle, Dahlonega, GA  30597 
Phone: (706) 864-1440   Fax: (706) 864-1365 

 
 
Page | 2 
 
 
 
 
 
The University of North Georgia is a University System of Georgia leadership institution and is 
The Military College of Georgia and the state’s seventh largest public university. The University 
is an equal opportunity educational institution that does not discriminate based on race, color, 
sex, sexual orientation, age, religion, national origin, or disability. 
 
UNG (University of North Georgia) Mission Statement 
 
The University of North Georgia, a regional multi-campus institution and premier senior military 
college, provides a culture of academic excellence in a student-focused environment that includes 
quality education, service, inquiry, and creativity. This is carried out through broad access to 
comprehensive academic and co-curricular programs that develop students into leaders for a 
diverse and global society. The University of North Georgia is a University System of Georgia 
leadership institution and is The Military College of Georgia. 
 
 
Human Resources Mission Statement 
 
The Division of Human Resources is a strategic partner in supporting the goals and values of 
University of North Georgia by recruiting, developing, and keeping a highly qualified workforce. 
 
 
 
Purpose 
 
This handbook will enable you to have a more thorough understanding of the benefits of 
employment with University of North Georgia. This guide to university policies and practices is 
intended solely to provide guidance and it is not an employment contract nor does it create any 
type of contractual obligations. Neither you nor the University is bound to continue the 
employment relationship if either, at any time, chooses to end it. 
 
The University reserves the right to change, revise, or eliminate any of the policies, benefits, and 
practices described here. Also, some of the policies and provisions contained here may not apply 
to faculty members. Provisions applying solely to the faculty are described in the Faculty 
Handbook. Please visit the UNG Human Resources website for more information.  
 
 
While this handbook provides much detail, no handbook can provide for all circumstances. 
Accordingly, Human Resources welcomes your ideas and suggestions on how the information in 
this handbook might be changed for the better. Likewise, Human Resources will answer any 
questions you may have regarding the University’s policies, procedures, and practices. 
 
We welcome you into our growing organization and trust that you will have a long and 
rewarding career with University of North Georgia. 
 

 
 
Page | 3 
 
 
 
 
About Our Handbook 
 
This handbook is designed to assist you with your employment with University of North Georgia 
(UNG). It includes basic University information, governance, structure, compensation and 
benefits programs, and employee relations policies. Please read this handbook and keep it for 
future reference. The policies, procedures and processes stated in this handbook are to work 
with those set by your division or department and are subject to change at the discretion of the 
University and its governing body. Sometimes, you will receive information from your 
department, division or the University addressing the administration of these policies. If you 
have any questions regarding any of the statements in the handbook, please see your supervisor 
or contact Human Resources. 
 
 
University System of Georgia 
University of North Georgia is part of The University System of Georgia that began operation in 
1932 and is among the oldest unified statewide systems of public higher education in the United 
States and includes all state operated universities, four-year colleges, and two-year colleges in 
Georgia. 
 
Board of Regents (BOR) 
The BOR is the single governing and management authority for public higher education in 
Georgia. Today the BOR is comprised of eighteen members, five of whom are appointed from the 
state-at-large, and one from each of the thirteen congressional districts. 
 
Shared Governance 
The four major constituencies of the university community (faculty, staff, administrators, and 
students) review and respond to important issues and conditions affecting them through their 
elected representative Council. 

 
 
Page | 4 
 
 
 
 
 
TABLE OF CONTENTS 
 
1.0 
EMPLOYMENT POLICIES 
 
1.0.1 
Equal Opportunity Statement/Affirmative Action 
 
1.0.2 
Americans with Disabilities, Disabled Veterans and Veterans of the 
Vietnam Era 
 
1.0.3 
Anti-Harassment Policy/Sexual Harassment Policy 
 
1.0.4 
Substance Abuse Policy 
 
1.0.5 
Staff Grievance Procedure 
 
1.0.6 
Performance Policy 
 
1.0.7 
Conflict of Interest (Including Outside Employment/Activities) 
 
 
1.0.8 
Political Activities 
 
1.0.9 
Gratuities/Receipt of Gifts 
 
1.0.10   Possession of Weapons/Workplace Violence 
 
1.0.11   Policy on Tobacco 
 
1.0.12   Policy on Amorous Relationships (BOR, 8.2.18.6) 
 
1.0.13   Relocation 
 
1.0.14   Travel Regulations and Travel Forms 
 
1.1 
Categories of Employment 
 
1.1.1 
Regular 
 
1.1.2 
Temporary 
 
1.1.3 
Special Employment Situations 

 
 
Page | 5 
 
 
 
  
1.2 
Hiring and Termination Guidelines 
 
1.2.1 
Pre-Employment Screening 
 
1.2.2 
Conditions of Employment 
 
1.3 
Orientation 
 
1.3.1 Identification Card 
 
1.3.2 Official Forms and Updates 
 
 
1.3.3 
Participation in Teacher’s Retirement System (TRS), Optional 
Retirement Plans (ORP) or Georgia Defined Contribution Plan (GDCP) 
 
1.4 
Provisional Period 
 
 
1.4.1 
Provisional Period for New Hires, Transfers and Rehires 
 
 
1.4.2 
Benefit Status during Provisional Period 
 
 
1.5 
Reduced Hours 
 
1.6 
Alternative Work Schedule 
 
1.7 
Termination Guidelines 
 
1.7.1 
Clearance/Exit Interview 
 
1.7.2 
Reductions in Force 
 
1.7.3 
Rehire after Termination 
 
1.7.4 
Resignation 
 
1.7.5 
Retirement 
 
1.8 
Reporting of Fraud, Waste, Abuse and Harassment 
 

 
 
Page | 6 
 
 
 
 
2.0  
CLASSIFICATION AND COMPENSATION 
 
2.1 
Compensation 
 
2.2 
B-Cat Classification System 
 
2.3 
Pay Plan/Salary Structure 
 
2.3.1 
Salary Ranges 
 
2.3.2 
Employment Classification 
 
2.4 
Employment Opportunities Posting 
 
2.5 
Minimum Qualifications 
 
2.5.1 
Transfer 
 
2.5.2 
Employment in Multiple Positions 
 
2.6 
Pay Adjustments 
 
2.6.1 
Advanced Salary Increases Processes 
 
2.6.2 
Merit Increases 
 
2.6.3 
Promotion 
 
2.6.4 
Stipend 
 
2.6.5 
Lateral Transfer 
 
2.6.6 
Demotion 
 
2.7 
Job Evaluation Process 
 
2.7.1 
Position Review Process 
 
2.7.2 
Job Analysis and Job Audit 
 
2.7.3 
Desk Audit 
 
2.8 
Administrative Salary Adjustments 

 
 
Page | 7 
 
 
 
 
2.9 
Deductions 
 
 
2.9.1 
Payroll Deductions 
 
 
2.9.2 
Required Deductions 
 
 
2.9.3 
Optional Deductions 
 
2.10 
Garnishments and Withholding 
 
2.11 
Pay Periods 
 
 
2.11.1  Time Reporting 
 
 
2.11.2  Paychecks 
 
 
 
2.11.3  Direct Deposit 
 
 
2.11.4  Report of Absence 
 
3.0  
BENEFITS 
 
3.1 
General Benefits Information 
 
3.2 
Benefits Eligibility 
 
 
3.2.1 
New Employees 
 
 
3.2.2 
Eligible Dependents 
 
3.3 
Health Insurance 
 
3.4 
Dental Insurance 
 
3.5 
Accident Insurance  
 
3.6 
Life Insurance 
 
3.6.1 
Group Life Insurance 
 
3.6.2 
Supplemental Life Insurance 
 
3.6.3 
Spouse and Child Life Insurance 

 
 
Page | 8 
 
 
 
 
3.7 
Disability Income Insurance 
 
3.8 
Section 125 Plan-Flexible Spending Accounts 
 
3.8.1 
Qualifying Events for Mid-Year Changes 
 
3.8.2 
Transfer of Benefits to another Unit within the University System of Georgia 
 
 
3.9 
Continuing Benefit Plans at Termination 
 
3.9.1 
Disabled Status 
 
3.9.2 
Dependents 
 
3.10 
Tuition Assistance Program (TAP) 
 
3.11 
General and Professional Insurance 
 
3.12 
Retirement Plans 
 
3.12.1   Social Security 
 
3.12.2   Georgia Defined Contribution Plan 
 
3.12.3   Teachers Retirement System of Georgia 
 
3.12.4   Optional Retirement Plan (Regents Retirement Plan) 
 
3.12.5   Voluntary Supplemental Retirement Accounts 
 
3.13 
Flexible Spending Accounts 
 
3.13.1   Healthcare Spending Account 
 
3.13.2   Dependent Care Flexible Spending Account 
 
3.14 
Georgia Higher Education Savings Plan 
 
3.15 
Appealing Denied Benefit Claims 
 
3.16 
Employment after Retirement 
 
 

 
 
Page | 9 
 
 
 
4.0 
VACATION, SICK LEAVE AND LEAVE OF ABSENCE 
 
4.1 
Time-off Benefits 
 
4.1.1 
Holidays 
 
4.1.2 
Vacation 
 
4.2 
Sick Leave 
 
4.2.1 
Eligibility 
 
4.2.2 
Annual Allowance and Accumulation 
 
4.2.3 
Reporting Absences Due to Illness 
 
4.2.4 
Physician’s Statement 
 
4.2.5 
Physician’s Return to Work Certification 
 
4.2.6 
Shared Sick Leave Program 
 
4.2.7 
Sick Leave without Pay 
 
4.2.8 
Sick Leave for Terminating Employees 
 
4.3 
Workers’ Compensation 
 
4.3.1 
Work Related Injuries 
 
4.3.2 
Workers’ Compensation Return to Work Program 
 
4.4 
Personal Leave 
 
4.4.1 
Benefits during Personal Leave 
 
4.4.2 
Unapproved Personal Leave 
 
4.5 
Administrative Leave 
 
4.6 
Family and Medical Leave 
 
4.6.1 
Family Leave Entitlement 
 

 
 
Page | 10 
 
 
 
4.6.2 
FMLA Notice and Certification 
 
4.6.3 
Paid vs. Unpaid Leave 
 
4.6.4 
Benefits Coverage during Leave 
 
4.6.5 
Job Restoration 
 
4.6.6 
Return from Leave 
 
4.6.7 
Extension of Leave 
 
4.7 
Military Leave 
 
4.7.1 
Definition of Military Leave 
 
4.7.2 
Duration of Military Leave 
 
4.7.3 
Benefits during Military Leave 
 
4.7.4 
Return from Military Leave 
 
4.8 
Parental Leave 
 
4.9 
Educational Leave 
 
4.10 
Educational Support Leave 
 
4.11 
Death in the Family 
 
4.12 
Court Duty Leave  
 
4.13 
Voting Leave 
 
4.14 
University Closing 
 
5.0  
WORKPLACE PRACTICES 
 
5.1 
Work Schedules 
 
5.1.1 
Attendance 
 
5.1.2 
Breaks 
 

 
 
Page | 11 
 
 
 
5.2 
Employee Records 
 
5.2.1 
Access to Employee Records 
 
5.2.2 
Disclosure of Information 
 
5.3 
Employee Health and Safety 
 
5.3.1 
Emergency Treatment 
 
5.3.2 
Campus Safety and Security Fire and Emergency Services 
 
5.3.3 
University of North Georgia Public Safety 
 
5.3.4 
Georgia Public Employees Hazardous Chemical Protection and Right to 
Know Act of 1988 
 
5.3.5 
EAP/Faculty and Staff Assistance 
 
5.4 
Use of University Services and Property 
 
5.4.1 
North Georgia Stationery 
 
5.4.2 
Mail and Packages 
 
5.4.3 
Visitors 
 
5.4.4 
Children in the Workplace 
 
5.4.5 
Business Activities 
 
5.4.6 
Pets/Animals on Campus 
 
5.4.7 
University Equipment 
 
5.4.8 
Operation of State-Owned Vehicles and Rentals 
 
5.4.9 
Appropriate Usage (Computer/Telecommunications) 
 
5.4.10 
Check Cashing and Cash Advances 
 
5.4.11 
Employee Parking at UNG 
 

 
 
Page | 12 
 
 
 
6.0 
STAFF DEVELOPMENT 
 
6.1 
Performance Reviews 
 
6.2 
Training and Development Programs 
 
7.0 
INTERNAL PROBLEM RESOLUTION 
 
7.1 
Problem Resolution 
 
8.0 
EMPLOYEE PERFORMANCE AND CONDUCT 
 
8.1 
Performance Evaluation & Development Planning 
 
8.2 
Performance Evaluation Process 
 
 
8.2.1 
Interim Evaluation 
 
8.3 
Conduct Guidelines 
 
 
8.3.1 
Job Abandonment 
 
 
8.3.2 
Personal Appearance 
 
 
8.3.3 
Work Environment Appearance 
 
8.4  
Progressive Discipline 
 
  
8.4.1 Progressive Discipline Steps 
 
GLOSSARY OF TERMS 
 
 
 
 

 
 
Page | 13 
 
 
 
 
1.0 
EMPLOYMENT POLICIES 
 
University of North Georgia recognizes that the ability of its employees is its greatest asset and 
thus, endeavors to support employees’ efforts to realize their full potential by: 
 
• 
Employing and promoting based on merit. 
• 
Providing opportunities for training and development to all employees; and 
• 
Opportunities for advancement 
 
The pages of this handbook expand on these employment principles, setting forth guidelines 
that affect your job. 
 
Each new employee shall read and become familiar with the contents of the policies and 
procedures of the University, Board of Regents, and the University System of Georgia (USG). 
 
In accordance with BOR 8.2.5 Employee Orientation and Training, all mandatory training 
required by an institution must be approved by the institution’s Chief Human Resources 
Officer (CHRO) and the institution’s President. No institution training may include 
ideological tests, affirmations, or oaths, including diversity statements. Individual units and 
departments within an institution are not permitted to mandate training for department 
employees beyond that approved by the institution’s CHRO and President. 
 
 
1.0.1 Equal Opportunity Statement/Affirmative Action 
 
Equal opportunity and decisions based on merit are fundamental values of the University 
System of Georgia (USG) and the University of North Georgia (UNG). Discrimination on 
the basis of an individual’s age, color, disability, genetic information, national origin, race, 
religion, sex, or veteran status (“protected status”) is prohibited. No individual shall be 
excluded from participation in, denied the benefits of, or otherwise subjected to unlawful 
discrimination, harassment, or retaliation under, any UNG program or activity because of 
the individual’s protected status; nor shall any individual be given preferential treatment 
because of the individual’s protected status, except that preferential treatment may be 
given on the basis of veteran status when appropriate under federal or state law. 
 
All employment processes and decisions, including but not limited to hiring, promotion, 
and tenure, shall be free of ideological tests, affirmations, and oaths, including diversity 
statements. The basis and determining factor for all such decisions should be that the 
individual possesses the requisite knowledge, skills, and abilities associated with the role, 
and is believed to have the ability to successfully perform the essential functions, 
responsibilities, and duties associated with the position for which the individual is being 
considered. At the core of any such decision is ensuring the institution’s ability to achieve 

 
 
Page | 14 
 
 
 
its mission and strategic priorities in support of student success. 
 
For additional information or to file a complaint under the provisions of this policy, 
employees should contact the Human Resources Office by calling 706-864-1440 or by 
email at hr@ung.edu. Additional information may be found here.  
 
Every member of the University community is expected to uphold this policy as a matter of 
mutual respect and fundamental fairness. All faculty, staff, and student members must 
fulfill the spirit and law of equal Employment and Affirmative Action. 
 
For additional information, please visit the following link:  Non-Discrimination Policy 
 
1.0.2 Americans with Disabilities, Disabled Veterans & Veterans of the Vietnam Era 
 
It is the policy of University of North Georgia not to discriminate against any employee or 
applicant for employment because he or she is an individual with a disability, a disabled 
veteran, or a veteran of the Vietnam Era. It is also the policy of the University of North 
Georgia to take affirmative action to employ and advance in employment qualified 
disabled veterans, veterans of the Vietnam Era and individuals with disabilities. This 
policy applies to all employment actions including, but not limited to, advertising, 
recruitment, hiring, compensation, retention, training, demotion, promotion or transfer, 
layoff, Reduction in Force (RIF) or termination and tenure. Persons wishing to self-
identify as an individual with a disability, disabled veteran or veteran of the Vietnam era 
should contact the Human Resources Department.  
 
To ensure compliance, operational responsibility for implementing and monitoring this 
policy and maintaining and updating the affirmative action plan for individuals with 
disabilities, disabled veterans and veterans of the Vietnam Era lies with the Human 
Resources Department. Every member of the University community is expected to uphold 
this policy as a matter of mutual respect and fundamental fairness in human relations. This 
policy has the unequivocal support of the Office of the President. All members of the 
faculty, staff, and student body are expected to ensure that nondiscriminatory practices are 
followed at the University of North Georgia. 
 
Americans with Disabilities Act (ADA) 
 
University of North Georgia prohibits discrimination against qualified individuals with 
disabilities who can perform the essential functions of the job, with or without reasonable 
accommodation(s). An individual is disabled under the Act if he or she: 
 
 
Has a physical or mental impairment that limits one or more major life activities; or 
 
Has a record of such an impairment; or 
 
Is regarded as having such impairment 
 

 
 
Page | 15 
 
 
 
UNG provides, and will continue to provide, reasonable accommodation to enable the 
hiring and retention of qualified employees who are able to perform the essential functions 
of their positions. Any person wishing to self-identify as disabled or request a reasonable 
accommodation due to a disability should contact Human Resources or complete our 
online ADA Request Form 
 
 
1.0.3 Prohibit Discrimination & Harassment 
 
University of North Georgia is committed to maintaining a working and study 
environment free of objectionable and disrespectful conduct. All members of the 
university community must be able to pursue their goals, educational needs, and 
working lives without intimidation or injury generated by intolerance and harassment. 
UNG follows BOR Policy – Prohibit Discrimination & Harassment, and addresses 
harassment in all forms, covering those with legally protected status for reasons of race, 
sex, religion, color, age, national origin, ancestry, or disability, as well as those who are 
harassed for other reasons such as sexual orientation. 
 
UNG reaffirms its commitment to freedom of speech as guaranteed by the First 
Amendment to the United States Constitution, as well as its commitment to academic 
freedom.  Additional information on the University’s commitment to Freedom of 
Expression and Academic Freedom may be found here, as well as in BOR Policy 6.5.  
 
It is an unlawful discriminatory practice for any employer, because of the sex of any 
person, to discharge without cause, to refuse to hire, or otherwise discriminate against any 
person with respect to any matter directly or indirectly related to employment. Harassment 
of an employee based on sex violates law and Board of Regents Policy.  
 
Sexual harassment of employees or students in the University System is prohibited and 
shall subject the offender to dismissal or other sanctions after compliance with procedural 
due process requirements. Unwelcome sexual advancements, requests for sexual favors, 
and other verbal or physical conduct of a sexual nature constitutes sexual harassment 
when: 
 
1. Submission to such conduct is made explicitly or implicitly a term or 
condition of an individual’s employment or academic standing.  
2. Submission to or rejection of such conduct by an individual is used as a basis 
 
for employment or academic decisions affecting an individual; or 
3. Such conduct unreasonably interferes with an individual’s work or academic 
performance or creates an intimidating, hostile or offensive working or academic 
environment. 
 
Information about the Jeanne Clery Act as it relates to Sexual Misconduct:  
 

 
 
Page | 16 
 
 
 
USG (University System of Georgia) institutions are committed to reducing incidents of 
Sexual Misconduct, providing prevention tools, conducting ongoing awareness and 
prevention programming, and training the campus community in accordance with the 
Jeanne Clery Disclosure of Campus Security Policy and Campus Crime Statistics Act 
(“Clery Act”) and the Violence Against Women Act (“VAWA”). Prevention programming 
and training will promote positive and healthy behaviors and educate the campus 
community on consent, sexual assault, sexual harassment, alcohol, and drug use, dating 
violence, domestic violence, stalking, bystander intervention, and reporting. 
 
It is important that we share this information with you to ensure uniformity throughout 
the USG in reporting and addressing Sexual Misconduct. This Policy applies to all 
members of the USG community. To report concerns of possible Clery violations, please 
complete the CSA reporting form: Click Here to Report a Clery Incident. 
 
Additionally, University of North Georgia prohibits dating violence, domestic violence, 
sexual assault, and stalking, as required by the Jeanne Clery Disclosure of Campus 
Security Policy and Campus Crime Statistics Act. These are defined within the Clery Act 
as: 
 
Dating violence: Violence committed by a person who is or has been in a social 
relationship of a romantic or intimate nature with the alleged victim. The existence of 
such a relationship shall be decided based on the reporting party’s statement and with 
consideration of the length of the relationship, the type of relationship, and the frequency 
of interaction between the persons involved in the relationship. Dating violence includes, 
but is not limited to, sexual or physical abuse or the threat of such abuse but does not 
include acts covered under the definition of domestic violence. 
 
Domestic violence:  A felony or misdemeanor crime of violence committed by a current or 
former spouse or intimate partner of the victim; by a person with who the victim shares a 
child in common; by a person with who is cohabitating with, or has cohabitated with, the 
victim as a spouse of intimate partner; by a person similarly situated to a spouse of the 
victim under the domestic or family violence laws of the jurisdiction in which the crime of 
violence occurred, or by any other person against an adult or youth victim who is 
protected from that person’s acts under the domestic or family violence laws of the 
jurisdiction in which the crime of violence occurred. 
  
Sexual assault:  An offense that meets the definition of rape, fondling, incest, or statutory 
rape defined as 
·       Rape:  Penetration, no matter how slight, of the vagina or anus with any body 
part or object, or oral penetration by a sex organ of another person, without the 
consent of the victim. 
·       Fondling:  The touching of the private body parts of another person for the 
purpose of sexual gratification without the consent of the victim, including 

 
 
Page | 17 
 
 
 
instances where the victim is incapable of giving consent because of his/her age 
or because of his/her temporary or permanent mental incapacity. 
·       Incest: Sexual intercourse between persons who are related to each other within 
the degrees wherein marriage is prohibited by law. 
·       Statutory Rape:  Sexual intercourse with a person who is under the statutory age 
of consent. 
  
Stalking: Engaging in a course of conduct directed at a specific person that would cause a 
reasonable person to fear for the person’s safety or the safety of others or suffer 
substantial emotional distress. Course of conduct means two or more acts, including, but 
not limited to, acts in which the stalker directly, indirectly, or through third parties, by 
any action, method, device, or means, follow, monitors, observes, surveils, threatens, or 
communicates to or about a person or interferes with a person’s property. Reasonable 
person means a reasonable person under similar circumstances and with similar identities 
to the victim. Substantial emotional distress means significant mental suffering or anguish 
that may, but does not necessarily, require medical or other professional treatment or 
counseling. 
 
 
Reporting Procedures  
 
Any employee who feels they have been the victim of sex-based harassment should 
contact the Office of Title IX or submit a report online and discuss possible options and 
resources. For employee involved matters, the Office of Title IX and Human Resources 
work closely together to provide appropriate support and fair treatment while handling 
in a prompt, thorough, and equitable manner.  
 
To report concerns of possible Clery violations, please complete the CSA reporting form: 
Click Here to Report a Clery Incident. 
 
1.0.4 Substance Abuse Policy 
 
University of North Georgia expressly prohibits the use, possession, sale, or distribution of 
alcoholic beverages on campus except at authorized functions and locations in alignment 
with the University’s Events with Alcohol policy. This includes, but is not limited to, 
campus grounds, campus buildings, and offices, and both on and off-campus events where 
the employee is present in a working capacity.  
 Campus events where alcohol is served will be governed by the Events with Alcohol and 
Tailgating policies and procedures.   
 The unlawful possession, manufacture, distribution, dispensation, and use of illicit drugs 

 
 
Page | 18 
 
 
 
and alcohol by employees on the University campus is prohibited and violations of this 
policy will result in appropriate disciplinary action. Faculty and staff are expected to 
adhere to the policies of the University and observe the basic standards of good conduct, 
meet appropriate standards of performance, and observe all local, state and federal laws 
relative to unlawful use of illicit drugs and alcohol. 
All alcohol and illegal drug use is prohibited during the operation of state-owned vehicles 
and rentals for state business. 
 
The adherence to university policies on alcohol and drugs shall be the individual and 
personal responsibility of each employee of the University. Any employee who violates the 
policy on substance abuse shall be subject to disciplinary action, up to and including 
termination from the University. Additionally, effective March 1, 2025, for employees who 
drive students in the conduct of university business, being under the influence of any drug 
identified by the US Department of Transportation’s Federal Motor Carrier Safety 
Administration as a drug that makes a commercial motor vehicle driver medically 
unqualified (see list here), even with valid prescription, is prohibited when driving 
students unless the prescribing physician certifies in writing to the university that the 
prescribed medication(s) do(es) not interfere with the employee’s ability to safely operate a 
motor vehicle. Physician certifications should be provided in advance of performing these 
duties.  
 
1.0.4.a Drug and Alcohol Testing 
 
 
The University is committed to maintaining safe, healthy and efficient 
working conditions for its students and employees. In accordance with 
O.C.G.A. 45-20-90, the University must perform pre-employment, random, 
and post-accident drug and alcohol testing of its employees in safety-
sensitive job functions. University employees in safety-sensitive job 
functions shall be: 
 
1. Employees holding or required to hold a Commercial Driver’s License 
(CDL) as a job description requirement. 
2. Employees designated to operate heavy equipment during their duties 
(front loader, backhoe, forklift, etc.). 
3. Campus Police Officers or other security personnel. 
 
Additionally, the University may perform reasonable suspicion drug and 
alcohol testing in accordance with this policy and the USG HRAP Policy 
on Drug Testing.  
 
Controlled Substance Testing 
 

 
 
Page | 19 
 
 
 
Controlled substance testing shall be performed by urinalysis administered 
by a laboratory approved by the National Institute on Drug Abuse or the 
College of American Pathologists. Testing will be performed for, but not 
limited to, the presence of cannabinoids, cocaine, opiates, amphetamines, 
barbiturates, benzodiazepines, propoxyphene, phencyclidine (PCP) or a 
metabolite of any such substances. 
 
Penalties for Positive Test Result 
 
Employees testing positive for a controlled substance or illegal drug, or 
those who refuse to test, may be subject to disciplinary action up to and 
including unpaid suspension or termination. Employee suspensions for 
violations of this policy shall be for not less than two months. 
 
The suspended or dismissed employee shall be informed in writing of the 
reasons for the action taken and granted a reasonable opportunity (not less 
than five working days) to respond to the next highest authority prior to the 
effective date of the action; provided however, that under emergency 
circumstances when immediate action is necessary, the employee may be 
forthwith dismissed, demoted or suspended, with or without pay, by the 
immediate supervisor, pending a review by the next highest authority. 
Any such employee who disagrees with the actions taken shall be entitled to 
the dispute resolution options of the Dispute Resolution policy found in the 
UNG Policy Database. 
 
An employee who has been dismissed or suspended without pay that is 
overturned via the Dispute Resolution process may be entitled to recover 
back pay unless the President or his designee determines otherwise.  
 
In accordance with BOR 8.2.17 – Voluntary Disclosure of Drug Use, if, prior 
to notification of screening by urinalysis or arrest, an employee notifies his or 
her supervisor that he or she illegally uses a controlled substance, including 
marijuana or a dangerous drug, and is receiving or agrees to receive 
treatment under a drug abuse and education program approved by the 
President, such employee shall not be terminated by the University on 
account of voluntarily disclosed drug use for up to one year as long as the 
employee follows the treatment plan. Retention of such employee shall be 
conditioned upon satisfactory completion of the program. The employee’s 
work activities may be restructured if it is deemed advisable in the opinion 
of the employee’s immediate supervisor in consultation with Human 
Resources, the institution President, or the Chancellor. 
 
Alcohol Testing 
 

 
 
Page | 20 
 
 
 
Alcohol testing of employees shall be performed by breath analysis 
administered by a certified breath-alcohol technician. Testing will be 
performed for the presence of alcohol in concentrations of 0.02 grams 
percent blood alcohol concentration (g % BAC) or greater. “alcohol” means 
ethyl alcohol, hydrated oxide of ethyl, or spirits of wine, from whatever 
source or by whatever process produced.  
 
Penalties for Positive Test Results 
 
If the results of an employee’s breath analysis test indicate an alcohol 
concentration of .02% or greater, the employee should be immediately 
removed from safety sensitive duties. A second confirmation test should 
occur no less than 15 minutes nor more than 20 minutes after the original 
test. Employees who test above .02%, or those who refuse to test, may be 
subject to disciplinary action up to and including unpaid suspension or 
termination.  
 
The suspended or dismissed employee shall be informed in writing of the 
reasons for the action taken and granted a reasonable opportunity (not less 
than five working days) to respond to the next highest authority prior to the 
effective date of the action; provided however, that under emergency 
circumstances when immediate action is necessary, the employee may be 
forthwith dismissed, demoted or suspended, with or without pay, by the 
immediate supervisor, pending a review by the next highest authority. 
Any such employee who disagrees with the actions taken shall be entitled to 
the dispute resolution options of the Dispute Resolution policy found in the 
UNG Policy Database. 
 
An employee who has been dismissed or suspended without pay that is 
overturned via the Dispute Resolution process may be entitled to recover 
back pay unless the President or his designee determines otherwise.  
 
If, prior to a breath-analysis, an employee notifies his or her supervisor that 
he or she has an alcohol abuse problem and is receiving or agrees to receive 
treatment under an alcohol abuse and education program approved by the 
President, such employee shall be retained by the University for up to one 
year as long as the employee follows the treatment plan. Retention of such 
employee shall be conditioned upon satisfactory completion of the 
program. 
 
1.0.5 Staff Grievance Procedure 
 
The Staff Grievance Procedure is available to any classified employee or 

 
 
Page | 21 
 
 
 
administrative officer working at least .50 FTE (full-time equivalency) who has 
completed the provisional employment period. The Staff Grievance Procedure is 
not available to temporary employees, faculty, students, or non-University 
employees (consultants, contractors, etc.). 
 
The Staff Grievance Procedure may be used by an eligible employee to bring a 
grievance about: 
 
 
An action or decision that is inconsistent with a specific University 
rule, regulation, or policy. 
 
A suspension, demotion, or other disciplinary action(s); or 
 
An involuntary termination (involuntary terminations do not include 
resignation or retirement) 
 
This Grievance Procedure may not be used to bring a grievance about: 
 
 
Performance evaluations. 
 
Flexible work option(s) decisions. 
 
Reductions in force. 
 
Salary and position classification determinations. 
 
Organization of a department or allocation of its resources. 
 
Termination of funding; or 
 
Non-renewal of a limited term position. 
 
Complaints regarding allegations of discrimination based on race, color, religion, 
national origin, sex, age, sexual orientation, veteran status, or disability should be 
directed to the UNG Human Resources Department. If an employee wishes to file 
a grievance, they may do so by contacting Human Resources. 
 
Employees should contact Human Resources for questions or clarification 
concerning the filing of a grievance or informal problem resolution services. 
 
1.0.6 Performance Policy 
 
University of North Georgia supports a consistent, continuous, and communicated 
performance management process. As required by Board of Regents policy, a 
formal, written performance evaluation is to be completed at least once every fiscal 
year.  
 
1.0.7 Conflict of Interest (Including Outside Employment/Activities) 
 
The University expects that all its employees will be professionally committed to 
their UNG responsibilities. The University also supports employees who wish to 

 
 
Page | 22 
 
 
 
engage in outside employment or activities which contribute to their professional 
development or serve the community if such efforts are consistent with UNG goals 
and do not interfere or even appear to be a conflict of interest/interference with 
regular and punctual discharge of university duties. 
 
Employees may not accept or retain outside employment or responsibilities which 
would result in ethical, legal, financial, or other conflicts or competition with the 
interests and purposes of UNG. UNG equipment, supplies, materials, or services may 
not be used to support outside employment. 
 
If, while engaged in outside employment or activities, an employee represents him or 
herself as affiliated with UNG any reports generated by the employee must say that 
the work represents the opinion of the author and carries no official endorsement by 
UNG. 
 
Employees who have questions regarding possible conflicts of interest should seek 
advice from their management or click on this link: UNG HR - Conflict of Interest Page. 
 
Employees who wish to engage in outside employment or activities that conflict with 
their UNG responsibilities must obtain the approval of their manager and functional 
Vice President, using a “Request to Engage in Outside Employment/Activities” form 
prior to making a commitment. A conflict of interest can create an appearance of 
impropriety that can undermine confidence in the person, profession, or the 
University. To avoid actual or the appearance of conflict of interest, any employee 
who engages in remuneration activity in any field related to UNG programs must 
have prior approval of their Vice President. All employees will have to complete an 
Outside Activities Form annually.  
 
1.0.8 Political Activities Policy and Prohibition on Certain Political Activities 
 
In accordance with the University Policy on Expressive Activity, the University will 
protect the freedoms of speech, expression, petition, and peaceful assembly, while 
maintaining its right to impose reasonable time, place, and manner restrictions 
concerning acts of expression and dissent. Nothing in the Political Activities Policy 
is intended to infringe or restrict free expression rights guaranteed by the United 
States Constitution or the Georgia Constitution.   
 
Employees should review the University’s Political Activities Policy, and further 
comply with BOR Policy 8.2.18.3 – Prohibition on Certain Political Activities which 
includes: 
 
1. Employees may not manage or take an active part in a political 
campaign which interferes with the performance of duties or services 

 
 
Page | 23 
 
 
 
for which he or she receives compensation from the USG. 
2. Employees may not hold elective political office at the state or federal 
level. 
3. Employees seeking elective political office at the state or federal level 
must first request a leave of absence without pay beginning prior to 
qualification as a candidate in a primary or general election and ending 
after the general or final election. If elected to state or federal office such 
person must resign prior to assuming office. 
4. Employees may seek and hold elective office at other than the state or 
federal level, or seek and hold an appointive office, when doing so does 
not conflict or interfere with the employee's duties and responsibilities 
to the University or the USG. 
5. Employees engaging in political activities and/or associated political 
expression must do so only in their personal capacity and shall not 
speak on behalf of the University or the USG or hold themselves out as 
representing the University or the USG, unless specifically authorized 
by the University or the USG. 
6. When a University employee engages in political activities and/or 
associated political expression in their personal capacity, such employee 
must take reasonable steps to avoid any appearance that such political 
activities and/or associated political expression represents the views of, 
or is endorsed by, the University or the USG. For example, University 
employees are not prohibited from noting in a biographical description 
their employment status, title, or affiliation with the University or the 
USG, or their background and credentials, but if an employee does so, 
the employee must make clear that the employee is not speaking in the 
employee’s capacity as an employee of the University or the USG. 
7. University employees are prohibited from using state property, 
resources, or materials (including work email) or work time to 
communicate personal political views or in conjunction with any 
political campaigning. In addition, employees are prohibited from using 
any University registered trademarks when expressing personal 
opinions on political issues, unless they are expressly authorized to do 
so. 
1.0.9 Gifts/Gratuities and Employee Expenses Paid by Vendors 
 
No employee may accept gratuities, courtesies, or gifts in any form whatsoever 
from any person or persons, corporations or associations directly or indirectly 

 
 
Page | 24 
 
 
 
seeking to use such actions for securing favorable comment or consideration on 
any commercial commodity process or undertaking. To review the full policy, 
please reference USG HRAP Gifts/Gratuities and Employee Expenses Paid by 
Vendors. 
 
The following are not considered a gratuity or gift: 
 
• Food or beverage consumed at an occasional meal or event, provided the 
value is reasonable. 
• Promotional items distributed to the general public. 
• Textbooks, software, and instructional materials to be reviewed by 
teaching faculty. 
• An award, plaque, certificate, memento, or similar item given in 
recognition of the recipient's civic, charitable, political, professional, 
private, or public service or achievement. 
• Legitimate salary, honoraria, benefit, fees, commissions, or expenses 
associated with the recipient's non-public business, employment, trade, or 
profession. 
• Consulting fees, honoraria or financial benefits from sponsors or 
foundations, received in conformance with University System, campus 
policies and Georgia law. 
• Gifts to or from University System foundations or other separately 
incorporated charitable entities. (BOR, 8.2.18.4 GRATUITIES) 
 
1.0.10 Possession of Weapons/Workplace Violence 
 
The University is committed to creating and maintaining a working, learning and 
social environment that is free from violence for all members of the University 
community. Civility, understanding and mutual respect toward all members of the 
University community are major factors providing excellence in teaching and 
learning. Acts or threats of physical violence, including verbal abuse, harassment, 
terrorism, hate, prejudice, stalking, intimidation, and/or coercion that involve or 
affect the community will not be tolerated. These threats or acts of violence include 
conduct against persons or property that are severe and offensive, and create a 
hostile, abusive, or intimidating work environment. 
 
Regarding Georgia House Bill 280, also known as “Campus Carry” bill. The 
following applies: 
 
UNG is a public university and as such, a weapon may be carried only if you have 
Georgia weapons license, are twenty-one or older, fingerprinted and background 
checked. 
 

 
 
Page | 25 
 
 
 
A weapon is NOT allowed in the following areas:  Athletic venues, student 
housing, fraternity and sorority houses, faculty academic offices, offices where 
disciplinary proceedings are held, spaces where classes are held for high school 
students including dual-enrollment programs as well as pre-school and childcare 
facilities. The burden falls on the carrier to be aware of the bill’s restrictions. 
 
If an employee has been confronted with a violent incident, he/she is encouraged 
to report such incident to his/her supervisor and to the University Police 
immediately. 
 
1.0.11 Policy on Tobacco 
 
To protect the health of the University community, tobacco is prohibited on all 
campuses. (BOR, 9.1.7) 
 
1.0.12 Policy on Amorous Relationships  
 
1. Please open the link below and scroll to section 8.2.18.6 to review the 
Board of Regent’s policy on Amorous Relationships: 
 
Amorous Relationships, 8.2.18.6 
 
1.0.13 Relocation 
 
Normally, payment for moving and relocation expenses may be authorized only 
for newly hired full-time faculty and administrative and professional staff 
employees at the Director level and above who are moving from a distance more 
than fifty miles from University of North Georgia. The new employee must be 
expected to work on a regular full-time basis at UNG for at least one (1) year. 
Authorization of expenses for any individual not meeting this definition requires 
prior approval from the appropriate vice president. Please refer to the Moving 
and Relocation Expenses Policy for covered expenses, rates, and forms. 
 
1.0.14 Travel Regulations and Travel Forms 
 
To ensure compliance and avoid incurring non-reimbursable expenses, it is 
important that each employee review the State travel regulations prior to any travel. 
All regulations and available forms can be found on the UNG Comptroller Travel 
website. 
 
Employees and their supervisors are responsible for ensuring they submit expense 
reports in compliance with State policies.  
 
1.1 Categories of Employment 

 
 
Page | 26 
 
 
 
 
Depending on the number of hours worked, employees will be designated as full-time or 
part-time employees. Employees, whether full-time or part-time, are classified as either 
exempt or non-exempt in accordance with the requirements of applicable wage and hour 
laws. The terms exempt and nonexempt are from federal law (the Fair Labor Standards 
Act, or FLSA). The FLSA designates the types of jobs that must be tracked and paid on an 
hourly (non-exempt) basis, and the types of jobs that may be paid on a salaried (exempt) 
basis. 
 
The University’s employment categories are as follows: 
 
1.1.1 
Regular 
 
Staff employed for a continuous period expected to exceed one year are “regular” 
employees. Human Resources is responsible for determining if a position is 
regular or temporary and whether it is exempt or non-exempt in compliance with 
Federal law. 
 
1.1.1a Full-Time 
 
 
Full-time employment consists of a regular schedule of 40 hours per week 
and is eligible for all University benefits. 
 
1.1.1b Part-Time 
 
 
Part-time employment consists of a regular schedule of less than 40 hours 
per week. It is the policy of University of North Georgia that employees 
regularly scheduled and budgeted to work 30 or more hours per week are 
eligible for most benefit programs, subject to any specific requirements 
described under each benefit program. 
 
1.1.1c Limited Term 
 
 
Limited Term or fixed-duration employment is more than six months' 
duration but with a date of termination specified at the time of hire (not to 
exceed three years). Limited Term appointments may be governed by 
specific terms and conditions of employment established at the time of 
hire and approved by Human Resources. Unless eligibility for benefits is 
modified by the specific terms of the appointment, Limited Term 
employees scheduled to work more than 30 hours per week, unless 
specified, are eligible for participation in most employee benefit programs. 
 
1.1.1d Employment on a Grant or Contract 
 
 

 
 
Page | 27 
 
 
 
If a position at the University is funded by a grant or a contract, it is subject 
to the availability of funds. If the grant or contract funds are exhausted or 
reduced, or the grant or contract is completed or cancelled, this employment 
may terminate without the right of employee appeal. An employee working 
in a position funded by a grant or contract should take accrued vacation 
during the term of the grant or contract since funds may not be available to 
pay for accumulated vacation after the grant or contract ends. 
 
1.1.2 Temporary 
 
Employees who are not employed as ""regular"" employees are ""temporary"" 
employees. Temporary employees may be hired directly or retained through a 
temporary staffing agency approved by DOAS. Temporary employees may be 
employed part-time or full-time for a period no longer than six calendar months. 
Although student assistants are considered temporary employees, they are NOT 
subject to these service and reemployment restrictions. 
 
Temporary - Occasional: Occasional employees are a subcategory of temporary. 
An individual with an “occasional"" appointment works sporadically, but might 
work on a recurring basis, as needed, over a period longer than six (6) months. 
These individuals may work full-time or part-time for brief periods, but their total 
FTE over the course of a year should not exceed 49% of the time. 
 
There are three types of temporary personnel: 
 
1.1.2a Temporary 
 
All temporary, hourly employees not currently enrolled in classes at the 
University and not identified as student assistants are designated as 
temporary employees. 
 
Temporary employees may work no more than 40 hours per week in a 
university department or in combination with a job elsewhere in the 
University, except in cases of pre-approved written authorization by the 
immediate supervisor. 
 
1.1.2b Student Assistant 
 
 
All hourly employees who are currently enrolled in at least a half-time 
credit load at the University with the intention of earning a degree and are 
not identified as temporary non-student employees or as regular classified 
employees are designated as student assistants. 
 
Student Assistants are temporary non-exempt, non-benefited employees 

 
 
Page | 28 
 
 
 
whose primary relationship with the University is that of student and not 
employee. Student Assistants are exempt from FICA tax withholdings 
(Social Security and Medicare) if they are registered for at least six credit 
hours of undergraduate classes AND work no more than 25 hours per 
week. Foreign National students on an F-1 or J-1 visa are limited to twenty 
work hours per week. 
 
During the summer term, Student Assistants not taking classes could 
continue to work if they met the enrollment requirements the preceding 
spring term and are registered appropriately for the following fall term. 
During these breaks, the employee will be categorized as Part Time Staff. 
Under this classification, the employee may work up to 19 hours a week and 
will be taxed as a temporary non-student employee. 
 
Student Assistants enrolled in zero credit hours during the summer term 
can be hired, by request from the employing department, as Temporary 
Staff. Under this classification, the employee may work up to 40 hours a 
week and will be taxed as a temporary non-student employee. 
 
 
Graduate Assistants 
 
Graduate Assistants must be accepted to a graduate degree program of 
study and enrolled in at least a half‐time credit load at the University of 
North Georgia. Graduate Assistants are non-exempt, biweekly employees 
and can work no more than 25 hours per week. 
 
The Graduate Assistantship Program is designed to provide an opportunity 
for a graduate student to work on projects related to the student’s major 
field of study in exchange for financial support. Graduate Assistantships 
with a tuition waiver are awarded to qualified full-time graduate students 
in the Fall and Spring semesters for a minimum number of twelve (12) 
weeks of work and in the Summer Semester for a minimum of five (5) 
weeks of work. The tuition waiver and stipend earned are paid by the 
hiring department. To remain eligible for a Graduate Assistantship, 
students must remain in academic good standing. Individuals who resign 
or are terminated from the position of Graduate Assistant may be 
financially responsible for all or part of the semester’s tuition. 
1.1.2c Consultant/Independent Contractor 
 
 
People in this category are not University employees. They are on a contract 
to provide services to a department or unit and are not subject to the 
benefits outlined in this Handbook. Human Resources will decide who is 

 
 
Page | 29 
 
 
 
an employee versus a consultant/contractor based on IRS (Internal Revenue 
Service) guidelines. 
 
1.1.3 Special Employment Situations 
 
1.1.3a Employment of Foreign Nationals 
 
 
The employment and/or payment of nonresident foreign nationals shall 
follow all applicable federal laws and shall comply with all relevant visa 
restrictions (B.O.R. 8.2.4 Employment of Foreign Nationals 8.2).  
 
1.1.3b Employment of Relatives 
 
 
The basic criteria for the appointment and promotion of employees shall be 
proper qualifications and performance. Relationships by family or marriage 
shall constitute neither an advantage nor a disadvantage. 
 
 
No individual shall be employed in a department or unit who will result in 
the existence of a subordinate-superior relationship between such 
individual and any relative of such individual through any line of 
authority. As used here, ""line of authority"" shall mean authority extending 
vertically through one or more organizational levels of supervision or 
management. This standard does not apply to the temporary or part-time 
employment of children under age 25. 
 
For this policy, relatives are defined as spouses, parents, children, 
brothers, sisters, in-laws, and individuals who live in the employee’s 
household. 
 
1.1.3c Employment of Retirees 
 
 
An individual who has retired from the University System of Georgia and 
is receiving benefits from the Teachers Retirement System (TRS), the 
Employees Retirement System (ERS), or the Regent’s Optional Retirement 
Plan (ORP), may be eligible for reemployment part-time. Reemployment of 
USG retirees by the University System of Georgia must fall under the 
following conditions: 
 
1.   The reemployment of a University System of Georgia retiree must be 
approved by the president. Faculty must send a copy of a hiring 
proposal to Academic Affairs. Staff must give hiring proposals to HR 
(Human Resources). 
2.   A rehired retiree must have a minimum break of at least one month 

 
 
Page | 30 
 
 
 
between the effective date of his/her retirement and the effective date of 
his/her reemployment. 
3.   The work commitment of a rehired retiree must be less than half-time, 
i.e., 49% or less. 
4.   The salary that is paid to a rehired retiree must be 
 
i.   No more than 49% of the annual benefit-base 
compensation amount that he/she was earning at the time of 
his/her retirement, with consideration for the average merit 
increase percentages that have been applied since the employee 
retired, or; 
ii.   No more than 49% of the average compensation for the position 
into which the retiree is being hired based on the institutions’ 
existing compensation plan, or, if not applicable, the average 
compensation of existing or previous incumbents, or; 
iii.   No more than 49% of a reasonable market competitive rate for 
the position into which the retiree is being rehired as 
determined by the institutional chief human resources officer. 
 
 5.   The salary that is paid to a rehired retiree must be consistent with 
his/her work commitment. 
 
 
1.1.3d Employment of Minors 
 
 
The employment of all persons under the age of 18 years shall follow the 
regulations of the U.S. Department of Labor and may require an 
employment certificate issued by the school system. 
 
1.2 Hiring and Termination Guidelines 
 
1.2.1 Pre-Employment Screening 
 
The pre-employment screening process consists of a national background check 
and supplementary job-related screenings such as drug testing, credit report and 
driving record checks. 
 
1.2.1a Background Check 
 
A background investigation will be conducted on the candidate of choice 
for all regular and temporary positions. Per BOR guidelines, a background 
check may also be needed for employees who are promoted or reclassified. 
Offers of employment shall be conditional pending the result of the 
background investigation that will include, at a minimum, the following: 
 

 
 
Page | 31 
 
 
 
 
A state and federal criminal history check covering a minimum of 
seven (7) years. Only criminal convictions are considered when 
examining an applicant’s eligibility for employment per BOR 
guidelines. 
 
A nationwide sex offender search. 
 
A social security number check; and 
 
For all professional, faculty and academic positions, an academic 
credentials check. 
 
1.2.1b Drug Testing 
 
The University is required to perform drug and alcohol testing of its 
employees in high-risk job functions, as defined in the UNG Alcohol and 
Drug Policy.  
 
1.2.1c Consumer Credit Reports 
 
Satisfactory credit reports are required prior to the issuance of a University 
Purchasing Card to an employee. Credit reports are conducted by Human 
Resources whenever an applicant and/or employee applies or reapplies for 
a University Purchasing Card and consents to a credit check. No 
Purchasing Card will be issued to an employee who refuses consent to a 
credit review.  
 
If a position requires the use of a Purchasing Card and the applicant and/or 
employee does not provide consent for a credit report or fails to meet the 
University credit guidelines, termination of the job offer and/or 
employment may occur. A copy of the credit report will be provided to 
each applicant and/or employee upon request. An applicant and/or 
employee may provide written information to Human Resources 
explaining mitigating factors regarding an applicant and/or employee 
credit report. Human Resources will, in its sole opinion, decide if the 
information presented is reliable evidence beyond the individual's control. 
Once Human Resources has completed its credit check, all credit report 
information will be kept separate from the employee's personnel file and 
will not be provided to the employee's department. 
 
1.2.1d Driving Records 
 
Positions that require that an individual to drive a UNG vehicle, or 
regularly drive on behalf of UNG, will require a periodic driving record 
review by the Director Risk Management and Compliance. 
 
1.2.2 Conditions of Employment 

 
 
Page | 32 
 
 
 
 
The following actions are required of all Employees as a condition of employment: 
 
1.2.2a Completion of I-9 - This form shows an individual’s legal right to 
employment in the United States and by law must be completed within 
three business days of employment or the employee is subject to 
termination. 
 
1.2.2b Direct Deposit of Paycheck - University of North Georgia provides for 
the direct deposit of pay to most banks and credit unions anywhere in the 
country. 
 
1.2.2c Federal and State Withholding Forms - The W-4 (Federal) and G-4 
(State) forms indicate the withholding status of the employee and must be 
completed upon employment. The withholding status is used to determine 
the amount of federal and state taxes to be withheld by the employer. 
 
1.2.2d Benefits Forms Completion - For benefits eligible employees only: The 
online benefit enrollment process (for example, health insurance) must be 
completed within 30 days of the employee’s benefits eligibility date with the 
University to participate in benefit programs. 
 
1.2.2e Loyalty Oath - All employees of the University System of Georgia 
who receive public funds for services rendered as employees must affirm 
that they will support the Constitution of the United States and the 
Constitution of the State of Georgia. The Loyalty Oath must be completed as 
required by the laws of the State of Georgia. 
 
1.2.2f Security Questionnaire - The Georgia Security Questionnaire must be 
completed for all persons employed for 30 or more days. 
 
The Sedition and Subversive Activities Act of 1953 (Georgia Law 16-11-5 et 
seq.) requires each new employee to sign, prior to employment in State 
Government, a questionnaire that is designed to establish that there are no 
reasonable grounds to believe that he/she is a subversive person. A  
subversive person is defined as one who commits, advocates, or teaches 
any act intended to overthrow or destroy the government of the United 
States or government of the State of Georgia by force or violence, or who is 
a knowing member of a subversive organization. 
 
1.2.2g Transcripts/Diplomas - For any employment action including initial 
employment or promotion, where education is a determining factor, the 
University will require certified copies of transcripts or other official 
documents before a final offer of employment can be made. An initial offer 

 
 
Page | 33 
 
 
 
of employment may be made pending final receipt of documents when 
unofficial transcripts or official documents have already been submitted.  
 
1.2.2h Ethics Training - The University System of Georgia mandates a three-
pronged approach to ensure ethical conduct by faculty, staff, administrators, 
vendors, contractors, and members of the Board of Regents. New employees 
must complete the training within 90 days of hire. The ethics training 
course is mandatory for all faculty and staff and must be renewed yearly. 
 
1.3 Orientation 
 
Orientation is required of all employees, regular and temporary faculty, staff, and student 
assistants. You can meet this requirement by either going through the “Online Orientation 
Program” or physically attending the quarterly “New Employee” presentation. The 
quarterly events are posted online and require registration.  
 
The orientation program provides critical information concerning policies, procedures, 
and employee benefits. 
 
In addition to taking part in the University orientation program, each new employee 
should meet with his or her supervisor, who will explain the responsibilities of the 
position, departmental policies, and procedures. 
 
The new employee shall be responsible for reading and familiarizing himself/herself with 
the contents of the appropriate policy and/or procedures manuals at his/her institution. 
 
1.3.1 Identification Card 
 
Employees must obtain an UNG ID Card as soon as possible upon employment 
from the Card Services Offices. ID Cards can be obtained at Card Services. 
Campus locations are: 
 
 
Cumming:  Information Desk 
 
Dahlonega:  Hoag Student Center, Room 104 
 
Gainesville:  Student Center 
 
Oconee:  Faculty Building 
 
Blue Ridge:  Dahlonega Campus, Hoag Student Center, Room 104 
 
The UNG ID Card is the official University of North Georgia card that is used for 
identification purposes and for access to many facilities on campus. For a complete 
listing of card services, please visit the UNG Card Services webpage. 
 
 
The UNG ID Card is the property of University of North Georgia and upon leaving 
the University employees are expected to return the card to their immediate 

 
 
Page | 34 
 
 
 
supervisor. 
 
If the card is lost or stolen, employees must immediately deactivate the card and 
contact Card Services. The recipient of the card is responsible for all usage of the 
card prior to proper notification to Card Services. After the card has been 
reported missing to Card Services, a replacement card can be issued. There is a 
replacement fee for lost, stolen, damaged or unreturned cards. 
 
1.3.2 Official Forms and Updates 
 
New employees will be asked to complete forms for payroll and benefit purposes 
and will be responsible for the continuing accuracy of all information, including all 
criminal actions. As necessary, change of address, telephone number and tax 
withholding status can be completed via new change forms or a new W-4.  
 
1.3.3 Participation in Teachers Retirement System (TRS), Optional Retirement 
Plans (ORP) or Georgia Defined Contribution Plan (GDCP) 
 
Online election for membership in the Teachers Retirement System of Georgia 
(TRS) or one of the Optional Retirement Plans (ORP) must be completed. 
Employees eligible for the optional retirement plans have 60 days from their hire 
date to make an election. This election is irrevocable. 
 
Georgia law requires that all state employees except student employees must be 
part of a public retirement system and take part in Social Security during their 
employment with University of North Georgia. 
 
The State of Georgia has created a retirement plan for temporary employees called 
the Georgia Defined Contribution Plan (GDCP) to comply with this legislation. 
The employee contributes 7.5% of gross pay per pay period to the plan. The 
deduction is an after-tax deduction. Employees who are contributing to the TRS or 
Employees Retirement System (ERS) with another employer are not eligible 
for Georgia Defined Contribution Plan. 
 
Temporary employees taking part in GDCP may request a refund of all 
contributions to the plan after 30 days of non-contribution. To request a refund, 
contact GDCP at 1-800-805-4609 or go online at www.ers.ga.gov. Set up an 
account and request a refund. 
 
1.4 Provisional Period 
 
1.4.1 Provisional Period for New Hires, Transfers and Rehires 
 

 
 
Page | 35 
 
 
 
Each new staff employee must serve the first six months of employment at the 
University of North Georgia in a provisional status. University System employees 
transferring to another University System institution, or the University System 
Office, are subject to a 6 month (180 days) provisional period upon beginning at 
the new location. During this time, the new employee can evaluate the University 
as a place to work. Likewise, the supervisor will evaluate the employee’s job 
performance. If the employee’s work performance is not satisfactory, the employee 
will be notified in writing during the six-month provisional period and the 
employee may be terminated at any time during the provisional period without the 
right of appeal. 
 
Public Safety Department employees are subject to the same provisional 
employment requirement as other staff employees, except that the six-month 
provisional period will not begin until any person employed as a police officer has 
completed his/her mandated training for certification as a police officer. This 
special provision only applies to those Public Safety employees for whom 
specified training is mandated by state law and such training occurs after their 
employment. 
 
Employees in the six-month provisional period are not eligible for transfer 
or promotion within the University during that period.  
 
Employees who have successfully completed a provisional period and who are 
transferring to or being promoted into a new position within the same institution 
will not be subject to another provisional period. However, employees must serve 
at least 6 months (180 days) in a new position before becoming eligible for transfer 
or promotion. 
 
Former employees who are terminated and then rehired will be considered new 
employees and will have another provisional period. 
 
 
1.4.2 Benefit Status during Provisional Period 
 
A new hire must be employed on or before the fifteenth of a month to qualify for 
accrual of vacation/annual leave for that month. Employees on provisional 
statuses, who are otherwise eligible, may enroll in benefit programs immediately, 
except where specified otherwise.  
 
1.5 Reduced Hours 
 
Occasionally, due to the needs of the University, employees may be required, with 
notification, to reduce the number of hours worked per week. In these instances, the 
employee will be given at least two weeks’ notice when possible. 

Page | 36 
An employee may also request a reduction in hours. This request should be made to 
his/her direct supervisor. The supervisor should consult with Human Resources before 
answering the request. 
1.6 Alternative Work Schedule 
University of North Georgia offers flexible scheduling to staff. Flexible scheduling offers 
creative approaches to completing an employee’s workload while promoting work/life 
balance. Standard working hours for the University are 8:00 a.m. to 5:00 p.m., Monday 
through Friday. All changes to this schedule require supervisor's approval. 
1.7 Termination Guidelines 
Supervisors should consult with Human Resources prior to initiating termination actions 
against an employee. 
Upon review by Human Resources, supervisors may notify the employee of the terms 
and conditions of termination. If immediate supervisory action is required, supervisors 
may suspend the employee and notify Human Resources. A completed Personnel Action 
Form noting the dismissal and reason must be given to Human Resources. 
Prompt submission of a Personnel Action Form is necessary to prevent employee over-
payment. The Personnel Action Form is required to permit Human Resources to comply 
with the reporting requirements of the Georgia Department of Labor. When an employee 
quits without written notice, a telephone call or e-mail to Human Resources, pending 
submission of the Personnel Action Form, will help in preventing over-payments. If an 
employee's termination date is known in advance, a Personnel Action Form should be 
submitted at least five (5) days prior to the last day worked. 
Upon termination for any reason, an employee shall be compensated in a lump sum 
payment for all unused accrued annual leave (up to a maximum of 360 hours). If any 
portion of an employee’s compensation is funded by a grant or other funding sources, the 
terms set forth by the grant or funding partner will determine if the payout of vacation 
hours is allowed. 
On the employee’s last day, his/her supervisor is responsible for collecting all University 
property, including, but not limited to: ID and passwords, keys, parking permit, 
equipment, books, and any other University property. 
1.7.1 Clearance/Exit interview 
Employees who terminate employment must complete the UNG exit process. It is 

 
 
Page | 37 
 
 
 
the responsibility of the employee to assure the University that he/she does not 
have any outstanding obligations to the University. This process is normally 
completed on the last working day and includes, but is not limited to, returning ID, 
keys, parking permit, equipment, books, P-Card, and any other University 
property. It also includes updating employee contact information. 
 
The employee must remove any University records on personal devices (iPhones, 
iPads, Android devices, home computers, pen drives, etc.) prior to separation. 
 
If the exiting employee owes money to the University, North Georgia is 
authorized to hold accrued vacation pay to cover the obligation. If the exiting 
employee keeps UNG property unauthorized, UNG retains the right to hold the 
final paycheck until it is returned. Important: if the employee does not complete 
the clearance process, any regular pay and vacation pay that is due to the 
employee may be delayed. 
 
A final paycheck will be deposited directly into the terminated employee's direct 
deposit account on record with payroll. 
 
An Exit Interview with Human Resources is optional and should be requested by 
the employee in advance of their last day.  
 
1.7.2 Reductions in Force 
 
Some situations, such as lack of funding, lack of work, or reorganization may 
necessitate a reduction in force (RIF). When personnel reductions become 
necessary, affected employees will be given advance notice when possible so that 
they may seek employment elsewhere within or outside of UNG. 
 
Staff employees who are terminated, demoted, or otherwise adversely affected 
by reorganization, redirection, program modification or financial exigency, as 
approved or determined by the University President or designee, are not 
governed by the procedures described in the Grievance Process. 
 
1.7.3 Rehire after Termination 
 
Former employees who are terminated for cause are not eligible for rehire. 
However, former employees who were terminated for cause may request Human 
Resources to review the case and determine eligibility for rehire. 
 
1.7.4 Resignation 
 
Resignation is voluntary relinquishment of employment by an employee. An 
employee should submit written notification of termination a minimum of two 
weeks prior to his/her last day worked to his/her supervisor, with a copy to 

 
 
Page | 38 
 
 
 
Human Resources. Before leaving, the employee must return all University 
property including keys, I.D. cards, etc.  
 
1.7.5 Retirement 
 
No staff member will be required to retire because of age. 
 
The requirements for retirement under TRS can be found in the BOR Policy 
Manual, Section 800. Employees planning retirement are encouraged to discuss 
their plans with the Benefit Staff in Human Resources and their retirement 
provider well before their planned retirement dates. 
 
1.8 Reporting of Fraud, Waste, Abuse and Harassment 
 
University of North Georgia recognizes that an ethical, efficient, and effective work 
environment is essential to our continuing to successfully carry out our mission. As a 
result, we have always placed a high priority on assuring that each member of our 
University Community has the opportunity and means to convey any matter that could 
compromise that environment. Reporting through your supervisory chain often produces 
the most thorough and prompt resolution of a matter and is encouraged. However, other 
reporting avenues, such as the University Police, Human Resources, and Internal Audit, 
have been and continue to be readily available.  
 
Of special concern are fraud, waste, abuse, and harassment, given that they directly 
impact our stewardship responsibilities and the well-being of individuals within our 
UNG Campus Community. We would encourage you to report any other significant 
issue as well through any of the methods available to you. 
 
2.0 
CLASSIFICATION AND COMPENSATION 
 
2.1 Compensation 
 
University of North Georgia’s classification and compensation program for staff and 
administrative officers is administered by Human Resources. The program consists of pay 
plans and structures that are designed to group positions that have similar duties, levels 
of responsibility, skills, and educational requirements as the same general levels of pay. 
 
The pay rates for each job title are determined by the knowledge, training, skills, and level 
of responsibility assigned to that position. In addition, every effort is made to ensure 
equitable salary ranges are in keeping with similar positions in the local, regional, and 
national markets. 
 
2.2 B-Cat Classification System 
 

 
 
Page | 39 
 
 
 
The B-Cat system is based on general job categories linked to the Federal Integrated 
Postsecondary Education and Data System (IPEDS) job classifications. Every employee’s 
job title is assigned a specific B-Cat Identification code. The B-Cat system uses a logic that 
assembles similar types of positions by function allowing institutions to “customize” their 
campus working titles and to build compensation programs appropriate to their own 
competitive job markets. 
 
2.3 Pay Plan/Salary Structure 
 
The Pay Plan/Salary Structure is a series of pay grades and pay ranges into which each 
title is assigned. The University utilizes a salary structure that provides UNG with a 
means of administering the salaries of its employees in a manner which is internally fair 
and equitable and externally competitive.  
 
 
2.3.1 Salary Ranges 
 
Salary ranges spread from the minimum salary to the maximum salary of the 
career level. Differences between one pay grade to the next are 7.5%; the range 
spread for each pay grade is 40%. All salary ranges have a minimum, midpoint 
and maximum. Incumbent salaries are to be administered within the established 
ranges. 
 
The Standard Hiring Range is from the minimum of the first quartile to the first 
quartile of the pay grade. Exceptions may be requested for up to 10% above the 
first quartile for new hires with applicable experience and/or education beyond 
the minimum posted requirements: 
 
 
Exception rates for new hires will not exceed rates paid to similarly qualified 
incumbents in the same classification with the same department or school. 
 
The hiring department or school must be able to fund start rates greater than the 
minimum; the source of funds must be identified prior to any job offer. 
 
Hiring supervisors who believe circumstances call for additional compensation 
above what was outlined may seek review and approval from Human Resources 
Classification and Compensation personnel. All offer letters for staff positions are 
initiated from Human Resources. No offer can be extended without prior approval 
from Human Resources. 
 
Calculations for any additional compensation may be affected by official campus 
closings, official campus holidays, or an individual’s paid time off during the pay 
period. 

 
 
Page | 40 
 
 
 
 
 
2.3.2 Employment Classification 
 
All employee job titles at University of North Georgia are assigned a Fair Labor 
Standards Act (FLSA) status either exempt or non-exempt. 
 
2.3.2a Exempt 
 
 
Exempt status is assigned to positions that are not eligible for overtime 
pay as defined by the Fair Labor Standards Act (FLSA). Employees in 
executive, administrative, and professional positions are typically exempt 
under the FLSA and are paid a designated salary, regardless of the 
number of hours they work in a week. Such positions are hence “exempt” 
from the FLSA. 
 
The University is not obligated under FLSA regulations to provide 
compensatory time to exempt employees. However, a supervisor may 
award compensatory time if it is decided that the situation warrants such 
an action. This practice should be consistent across the department and 
should not be on an hour-for-hour basis. Any time awarded but not used 
will not constitute a financial obligation to the University. An employee 
who has accrued comp time must request use of the time of his/her 
manager.  
 
2.3.2b Non-Exempt 
 
 
Non-exempt employees are subject to the provisions of the Fair Labor 
Standards Act (FLSA) and are eligible to be compensated for hours 
worked more than 40 hours per week. Employees that are assigned non- 
exempt status use the OneUSG Connect time and attendance system to 
record all hours worked. If a non-exempt employee works more than 40 
hours in the workweek, they must be compensated accordingly. Generally, 
UNG grants compensatory time at a rate of time‐and‐a‐half for hours 
worked over forty in one work week. In certain cases, overtime pay may be 
granted at the rate of time-and-a-half. Decisions on what method of 
payment are determined by departmental administrators and specific 
circumstances. Overtime must be approved in advance by the supervisor. 
Failure to obtain advance approval for overtime may result in disciplinary 
action. An employee who has accrued comp time must request use of the 
time from his/her manager. 
 
Calculations for any additional compensation may be affected by official 
campus closings, official campus holidays, or an individual’s paid time off 

 
 
Page | 41 
 
 
 
during the pay period. 
 
 
2.4 Employment Opportunities Posting 
 
Human Resources maintains a current listing of vacancies on its web site. Employees are 
encouraged to use the web site as a resource for potential promotion or transfer 
opportunities. Interested employees may apply online for any position for which they are 
interested and qualified. 
 
2.5 Minimum Qualifications 
 
Minimum qualifications are intended to help ensure comparable basic hiring standards for 
comparable positions across campus. Minimum qualifications are the threshold of 
education and experience required to perform a given job. An individual with an 
education level and/or experience below the stated minimum qualifications for a job title is 
not considered minimally ""qualified"" for the position, and therefore not considered a 
viable applicant. Only viable applicants can be interviewed and selected for a position. 
 
2.5.1 Transfer 
 
An internal transfer is the movement of an employee from one position to another 
within the University usually within the same pay grade or from a State of 
Georgia agency or the University System to University of North Georgia. 
 
Employees transferring to or from a State of Georgia entity or other institution in 
the University System of Georgia should consult with Human Resources regarding 
the transfer of their benefits and paid time. Employees transferring from one 
University System of Georgia entity to another are required to serve an additional 
6-month probationary period. 
 
 
2.5.2 Employment in Multiple Positions 
 
Employees may be employed in only one full-time position or classification within 
the University System of Georgia at any given time. If an employee wishes to 
accept another position in addition to a current position at the University or within 
the University System of Georgia, the following rules will apply: 
 
 
The combined work time for both positions cannot exceed 1.0 percent of 
full-time status (or 40 hours per week) 
 
Both positions must be the same FLSA classification, either exempt or 
non-exempt 
 
Acceptance of the second position must be approved by the employee’s 

 
 
Page | 42 
 
 
 
department head and Human Resources 
 
2.6 Pay Adjustments 
 
2.6.1 Advanced Salary Increases Process 
 
• 
Institutions may adjust employee compensation because of multiple factors 
to include merit adjustments, promotions, position reclassification, 
counteroffers, in-range adjustments, etc. 
• 
Employee compensation adjustments are an institutional decision and 
should be consistent with the approved institutional compensation plan. 
However, cumulative fiscal year adjustments greater than or equal to ten 
percent above the USG’s annual salary and wage guidance require 
advanced approval by the Chancellor other than the instances shown 
below. 
 
The following salary increases greater than or equal to ten percent above the USG’s 
annual salary and wage guidance do not require the Chancellor’s approval: 
 
• 
Results in a salary below $100,000. 
• 
It is a promotional increase at or below the mid-point of the salary grade for 
the new job classification. 
• 
Is for a faculty member moving into an administrative role, in which the 
salary will convert from a ten-month salary to a 12-month salary, as long as 
the institution has a consistent formula for faculty administrative 
appointment salary rate conversions. 
 
 
2.6.2 Merit Increases 
 
The University recognizes and rewards individual performance by awarding 
merit increases. The funds available for merit increases vary from year to year 
depending upon budgetary constraints set by state legislators, the University 
System of Georgia and identified marketplace and economic conditions. The 
University System of Georgia develops merit increase guidelines that establish 
ranges for individual merit increases based on performance criteria. University of 
North Georgia then decides how merit increases will be administered and 
awarded to employees. 
 
2.6.3 Promotion 
 
A promotion is the shift of an employee from one job title or position to another 
having more responsible duties or involving more skill (higher classification). To 

 
 
Page | 43 
 
 
 
be promoted, the employee must meet the minimum job qualifications required by 
the new job title or position. 
 
Promotional increases will be granted based on: 
 
   Salaries of incumbents in similar jobs in the work group to ensure 
internal equity. 
   The incumbent’s qualifications including any related prior 
experience, skills, contributions, and potential. 
  The size of the promotion 
 
Typically, a promotion increase will be decided using the established guidelines 
for determining starting salaries. In no case will an increase be granted which 
would place an incumbent’s salary below the minimum. 
 
2.6.4 Additional Compensation 
 
Additional compensation is appropriate when an individual is assigned, in 
writing, a major component of a job at a higher pay grade and is held accountable 
for the full scope of the job on a temporary basis (this includes temporary 
assignment necessitated by need). Additional compensation is appropriate only in 
limited situations as all employees are expected to fill in for their co-workers 
during vacations and other short-term absences without additional compensation. 
Supervisors should determine if a stipend or additional temporary compensation 
is warranted. The amount of temporary compensation should typically be up to 
10% or as determined by Human Resources. Added compensation should not 
continue for more than 12 months. 
 
Employees determined by the institution to be non-exempt, as defined by the Fair 
Labor Standards Act (FLSA) and performing duties outside of the employee’s 
normal job responsibilities could qualify for overtime pay. Therefore, non-exempt 
employees should be paid the overtime rate if the employee physically works over 
40 hours (about 1 and a half days) in the workweek. 
 
If a position has changed over time or if substantive duties have been assumed that 
are beyond the scope of what might be considered for a position with that title, the 
position should be submitted for review to Human Resources via the template 
supplied on the Human Resources website. 
 
If an FLSA exempt employee performs task(s) during the employee’s regular work 
schedule that is(are) not part of the employee’s normal job responsibilities, or 
temporary assignment job responsibilities, the employee must use annual leave for 
the portion of time during which the other task(s) is(are) performed. 

 
 
Page | 44 
 
 
 
 
Under no circumstances should an employee receive supplemental pay for a 
task while receiving regular compensation for the same time period. 
Supplemental compensation does not add to earnings used for retirement 
calculations, and retirement deductions/contributions are not taken/made. 
However, each retirement plan (TRS, ERS, or ORP) has its unique definitions 
relative to earnings that are “pensionable” (subject to retirement calculations), and 
the retirement plan provider has the final determination as to whether earnings are 
pensionable. The Supplemental Pay Procedure process in the SSC SOP (PRA-PY-001-
PR-001) provides guidance relative to determining if supplemental pay is earnable 
compensation (subject to retirement contributions) by the various retirement plans. 
Please consult the SSC for aid in making these determinations. 
 
Employees receiving supplemental pay shall be paid said supplemental 
compensation via the institution’s payroll system. Supplemental compensation 
paid to employees who are on the institution’s payroll shall not be paid as per 
diem and fees or as stipends. Supplemental compensation is subject to 
withholding per Internal Revenue Service and appropriate state taxing agency 
regulations. 
 
2.6.5 Lateral Transfer 
 
A lateral transfer is defined as a movement from one position to another at the 
same pay grade. A lateral transfer normally does not result in a change in salary 
since the assignments are in the same pay grade with the same salary range. 
 
2.6.6 Demotion 
 
A demotion is defined as a reassignment from one position to another position at a 
lower pay grade or salary range. A demotion can also be defined as a reassignment 
of duties to a lower level of pay or responsibility even if there is not a change in the 
employee’s job title or position. 
 
Involuntary demotions may occur if work is eliminated, abolished, or reorganized, 
as a disciplinary action or if a staff member is unable to perform the work 
satisfactorily. The salary and classification for an individual who is involuntarily 
reassigned will be determined by Human Resources. 
 
2.7 Job Evaluation Process 
 
The University’s job evaluation process is designed to maintain consistency in the use of 
various job titles. This process ensures that employees performing similar duties have the 
same or similar job titles with corresponding pay levels. The job  

 
 
Page | 45 
 
 
 
The evaluation process requires a comparative analysis of a position to determine if the 
current classification and/or compensation levels are appropriate. The job evaluation 
process also includes the review of required knowledge, skills and abilities needed to 
perform duties assigned to a position. A review of current market data may be required 
during the job evaluation process as a means of obtaining the University’s goals in: 
 
 
Attracting and keeping qualified individuals by matching job skills with the 
assigned position. 
 
Ensuring that internal and external equity issues are addressed. 
 
Encouraging professional growth for employees; or 
 
Recognizing necessary knowledge and skills required for a position and ensuring 
the employee is appropriately compensated for performing them. 
 
2.7.1 Position Review Process 
 
The position review process is the job evaluation process used for position 
reviews. The process includes a formal review by Human Resources and is used 
to: 
 
 
 
Classify a new position. 
 
Review a vacant position; or 
 
Review incumbent position for update of duties 
 
Any other reviews (i.e., FLSA review, market analysis, etc.) 
 
The process for position review, whether it is a new position or a reclassification, 
initially begins with the submittal of a position description form found on the 
Human Resources website. Classification and Compensation personnel will review 
for appropriate title and requirements, then benchmark for appropriate pay grade 
and salary range. Classification and Compensation personnel will report back to 
the requesting area with results and prepare to post vacant positions or solidify 
changes to existing position incumbents.  
 
2.7.2 Job Analysis and Job Audit 
 
A position only needs to be reviewed if its duties have changed significantly over 
time, or if substantive new duties have been assumed that are beyond the scope 
of what might be expected for a position with that title. 
 
If an employee believes their position should be reviewed for reclassification, the 
employee should discuss the possibility with their immediate supervisor. If the 
manager concurs, position review materials should be submitted to HR 
Classification and Compensation staff for review. Employees may be asked to help 
describe the duties they perform, so that the information fully reflects the current 

 
 
Page | 46 
 
 
 
scope of responsibilities. Position reclassifications involving incumbents will be 
considered for review twice a year, with the effective date being January or July, 
depending on the time the submittal is provided.  
 
Human Resources will review the information provided and notify the manager 
of the classification review decision.  
 
2.7.3 Desk Audit 
 
If the initial results from Human Resources are in dispute by the requesting area 
supervisory chain, Human Resources may decide to perform a desk audit and 
interview the incumbent (if any) and the supervisor of the position. Desk audits 
can help clarify tasks performed and levels of responsibility. If, after the desk 
audit process is complete, the requesting department and classification/ 
compensation personnel remain in disagreement, the Associate Vice President of 
Human Resources may review to assist in final determinations. 
 
2.8 Administrative Salary Adjustments 
 
Certain rare and exceptional circumstances may occur from time to time that warrant 
special salary adjustments. Such adjustments are not part of the normal compensation 
plan. Requests for special salary adjustments should be made to the Associate Vice 
President for Human Resources. Human Resources will consult with the Division Vice 
President or President. 
 
 
2.8.1 Interim and Acting Assignments 
 
Temporary salary adjustments may be warranted when additional responsibilities 
are assigned on an interim or acting basis, or when an interim or acting 
appointment is made. These adjustments are subject to budgetary authorization 
and funding limitations as well as human resources review to ensure a temporary 
increase is warranted. 
 
Reassignments as described in this policy shall normally be for no less than one 
month and no more than twelve months and shall only occur when the 
responsibilities being undertaken by the employee are those of another position 
that is vacant or because of temporary sufficient change in the duties and 
responsibilities of a filled position. A temporary pay increase may be made when a 
significant change in duties and responsibilities occurs. Such pay increases may 
only be made if funding is available. The pay increase should be consistent with 
additional responsibilities assigned and with institutional salary guidelines; and 
should be approved by the Chief Human Resources Officer or designee. The pay 
increase should generally be at least the minimum of the salary range for the 

 
 
Page | 47 
 
 
 
position for which the interim or acting appointment is made. The former rate of 
pay will be re-assigned when the interim or acting assignment is completed. 
 
2.9 Deductions 
 
2.9.1 Payroll Deductions 
 
Each employee’s paycheck will have specific deductions as required by law, 
University of North Georgia regulation and/or at the employee’s request as listed 
below. 
 
2.9.2 Required Deductions 
 
     Federal and State Income Taxes 
     Social Security (FICA), if applicable 
     Teachers Retirement System Contributions or Optional Retirement Plan 
Contributions  
     Georgia Defined Contribution Plan (for Temporary Employees Only) 
 
Employee Parking Fee 
 
 
 
University of North Georgia employees are required to pay for parking on 
each campus. The fee will be payroll deducted from all full and part time 
faculty and staff’s regular paychecks.  
 
 
 
12 Month Non-exempt staff – annual fee will be deducted between twenty-
four pay checks.  
 
10 Month Non-exempt staff - annual fee will be deducted between twenty 
pay checks. 
 
12 Month Exempt faculty and staff - annual fee will be deducted between 
twelve pay checks. 
 
10 Month Exempt faculty and staff - annual fee will be deducted between 
ten pay checks. 
 
Below are the fees based on employee status: 
 
Faculty/Staff Parking Fee 
 
 
 
 
 
 
 
 
 
 
Annual Fee 
Employee Type  
 
 
 
 
Amount 
FT Faculty 10 & 12 Mo 
 
 
 
 
$200 
FT Staff 
 
 
 
 
 
 
$200 
PT Faculty (Non/partially benefitted - less than 30 hrs) $100 
PT Staff (Non/partially benefitted - less than 30 hrs) 
$100 

 
 
Page | 48 
 
 
 
Graduate Students 
 
 
 
 
    * 
Student Workers  
 
 
 
     
    * 
 
*Already pay Student Parking Fee and should utilize student parking spaces only.  
 
 
2.9.3 Optional Deductions (This list is not all inclusive): 
 
 
Tax-Sheltered 403(b) retirement contributions 
 
457 Deferred Compensation Plan 
 
Insurance premiums 
 
Annual Fund campaign gifts 
 
Flexible Spending Account contributions (Unreimbursed Medical or 
Dependent Care) 
 
All temporary employees employed by UNG are exempt from Teacher Retirement 
System contributions and Optional Retirement Plan contributions and are not eligible for 
insurance benefits but are required to contribute to the Georgia Defined Contribution 
Retirement Plan unless already contributing to or receiving benefits from either TRS or 
ERS with another employer. 
 
2.10 Garnishments and Withholding 
 
The University considers the acceptance and settlement of just and honest debt to be a 
mark of personal responsibility. The University is required by law to accept and process 
garnishments served by court officials. Failure to meet financial obligations causes 
discredit to the University. Repeated instances of default in the payment of debt are 
sufficient grounds to terminate employment from the University System of Georgia. 
 
The University is authorized to hold paychecks and/or deduct from regular paychecks or 
vacation pay amounts owed by its employees for any fine, fee, penalty, or other financial 
obligation to the institution. 
 
2.11 Pay Periods 
 
2.11.1 Time Reporting 
 
Provisions of the Fair Labor and Standards Act require that non-exempt employees 
record hours worked per work week per pay period. The official work week for all 
non-exempt employees begins at 12:01 a.m. on Saturday and ends at 12:00 a.m. the 
following Saturday. Hours worked more than forty per week will be compensated 
at one and one-half times the hourly rate or compensatory time off. 
 
OneUSG Connect software is used to record and track time and attendance. Non- 

 
 
Page | 49 
 
 
 
exempt staff must record hours worked each day in OneUSG Connect, as well as 
sick, vacation and holiday hours taken to be paid. Exempt employees must use 
OneUSG Connect software to report exception time (sick, vacation, etc.) to be 
paid. Falsification of or failure to record time may result in failure to get paid 
and/or disciplinary action including termination. 
 
ALL TIME RECORDS MUST BE APPROVED BY BOTH THE EMPLOYEE 
AND AN AUTHORIZED REVIEWING AUTHORITY. 
 
2.11.2 Paychecks 
 
Non-exempt employees are paid bi-weekly, with payments made every other 
Friday. Any pay adjustments not reporting to Payroll Services in time for 
processing in the current payroll will be reflected on the next paycheck. Insurance 
premiums are deducted out of the first two paychecks of each month but will be 
adjusted by payroll as needed to collect any amounts due. 
 
Monthly staff are compensated on the last working day of each month that includes 
premium deductions as needed. 
 
2.11.3 Direct Deposit 
 
It is mandatory that all employees activate direct deposit for their payroll 
transactions. Direct deposit will ensure your net pay is deposited into your 
selected account(s) on the payment date. This mitigates the risk associated with 
lost or late paychecks that often require a week or ten days to be replaced. 
 
University of North Georgia provides for the direct deposit of pay to any 
participating bank or credit union in the country. Direct deposit enrollment or 
changes can be completed online using the OneUSG Connect Self-Service portal. 
 
If you are unable to obtain a bank account for direct deposit, please contact 
Human Resources for assistance.  
 
2.11.4 Report of Absence 
 
Exempt and non-exempt staff must record and report all absences through 
OneUSG Connect. Falsification of or failure to record time may result in failure to 
get paid and/or disciplinary action including termination. 
 
 
3.0 
BENEFITS 
 
3.1 General Benefits Information 
 
University of North Georgia offers benefits eligible employees the opportunity to 

 
 
Page | 50 
 
 
 
participate in various benefit plans provided by the Board of Regents and/or University of 
North Georgia, that include but are not limited to health insurance, dental insurance, 
vision insurance, life insurance, accidental death and dismemberment insurance, disability 
income insurance, life insurance, dependent life insurance, pre-tax saving flexible 
spending accounts (health, dependent care) and retirement plans. 
 
The University contributes toward the premiums for health, basic life and matches 
retirement contributions based upon terms set by the Georgia Legislature. 
 
Human Resources provides each eligible employee with complete descriptions and 
comparisons of the available benefit plans, along with the respective monthly premiums. 
For specific information on the available benefit plans, please refer to the Human 
Resources webpage. 
 
3.2 Benefits Eligibility 
 
Employees must be appointed to a position that has an expected duration of at least six 
months and is at 75% FTE (30 hours) or more to be considered ""benefits eligible"". 
Employees must be appointed to a regular position scheduled for 50% FTE (20 hours) or 
more to participate in the TRS or ORP retirement plans. 
 
3.2.1 New Employees 
 
New benefits eligible employees may enroll in available benefit plans within the 
first 30 days of employment without a medical underwriting review. 
 
Employees who do not enroll in benefit plans within the first 30 days of 
employment must wait until the annual open enrollment period to enroll or until a 
qualifying event takes place (see section 3.8.1). Employees should be aware that 
some plans only offer enrollment within the first 30 days of employment which 
may be their only opportunity to enroll in certain benefits. Also, enrollment in 
certain benefit plans during the Open Enrollment period may be based on a 
medical underwriting review's approval. 
 
3.2.2 Eligible Dependents 
 
Eligible dependents include the spouse and dependent children up to age 26 for 
medical insurance. If a dependent becomes medically disabled prior to the age of 
ineligibility, he/she may continue as a dependent with medical certification. A 
marriage license, birth certificate, or other document establishing a dependent 
relationship is required as a condition of dependent coverage. Upon completion of 
benefit enrollment, documentation verifying proof of eligible dependents status 
must be provided to the benefits vendor within 30 days of hire date for the 

 
 
Page | 51 
 
 
 
dependent(s) to be covered under the plan(s). 
 
3.3 Health Insurance 
 
Employees who are benefits eligible have 30 days from their benefits eligibility date to 
select a medical plan from the various plans offered. Every fall the University offers an 
open enrollment period during which employees may change their healthcare plan 
elections and/or levels of coverage. 
 
The University pays a coverage percentage of the total cost of the monthly health 
premium. The employee must pay the remaining portion of the premium through 
payroll deduction. Premiums for medical insurance are withheld from the payroll check 
on a pre-tax basis. 
 
3.4 Dental Insurance 
 
The University provides voluntary dental programs for all benefits eligible employees. 
The employee pays 100% of the monthly insurance premium and the premium is 
withheld from the payroll check on a pre-tax basis.  
 
3.5 Accident Insurance  
 
All regular classified employees under age 70 who are benefits eligible may choose 
supplemental life with accidental death and dismemberment insurance. The employee 
pays 100% of the monthly insurance premium and the premium is withheld from the 
payroll check on an after-tax basis.  
 
3.6 Life Insurance 
 
3.6.1 Group Life Insurance 
 
The University pays the full cost for $25,000 of basic life insurance for all benefits 
eligible employees. 
 
3.6.2 Supplemental Life Insurance 
 
Eligible employees may purchase supplemental life insurance in increments of up 
to eight times their annual salary. The premiums are based on the age of the 
insured and the amount of coverage selected. This is optional coverage and is paid 
entirely by the employee with after-tax premiums. 
 
3.6.3 Spouse and Child Life Insurance   
 
Eligible employees may also insure their dependents (spouse and children). Spouse 

 
 
Page | 52 
 
 
 
life coverage is offered in increments of $10,000 up to a maximum of $500,000 and 
the cost is based on the spouse’s age and the amount of coverage you choose. Up to 
$50,000 coverage of spouse life does not require medical underwriting for newly 
eligible employees. Amounts more than $50,000 will require completion of a 
medical questionnaire and approval from the vendor before coverage becomes 
effective. 
 
You may select coverage for your dependent children in amounts of $5,000, $10,000 
or $15,000 of coverage guaranteed, no medical underwriting required. 
 
3.7 Disability Income Insurance 
 
Full time benefits eligible employees may choose to purchase Short-term disability upon 
hire without evidence of insurability if enrolling within 30 days of hire. If enrolling during 
an Open Enrollment period, evidence of insurability will be required and an approval by 
the vendor before coverage becomes effective. Benefits begin on the 15th day of a qualifying 
disability and continue for a maximum of 11 weeks. STD provides a benefit of 60% of your 
weekly earnings to a maximum of 11 weeks. 
 
Full time benefits eligible employees may choose to purchase Long-term disability upon 
hire without evidence of insurability. Benefits begin on the 91st day or at the end of your 
STD benefits. No long-term benefits are payable under this plan for 12 months for any 
disability due to a condition in which the employee had any medical treatment, 
consultation, care, or services, took prescription medication or had prescription medication 
prescribed in the 3 months prior to enrollment in this plan. LTD provides a benefit of 60% 
of your monthly earnings to a maximum of $15,000 per month. 
 
Please view the Short and Long Disability Summary Plan Descriptions located on the 
Human Resource page of the USG website under Benefits concerning the reduction 
of disability benefits due to age and receiving other benefits.  
 
Benefits are provided if the employee continues to be medically certified as disabled, 
up to retirement age.  
 
Premiums for optional long-term and short-term coverage are deducted after tax. 
 
3.8 Section 125 Plan – Flexible Spending Accounts 
 
University of North Georgia participates in a Section 125 Plan as authorized by the 
Internal Revenue Code. 
 
Employee health, dental, vision and flexible spending account premiums are deducted on 
a pre-tax basis and are not subject to federal tax, state tax and/or FICA. The choices made 

 
 
Page | 53 
 
 
 
by a new employee or during the annual open enrollment period must remain in effect for 
the entire plan year (January 1 – December 31), unless the employee has a mid- year 
qualifying event (refer to section 3.8.1). 
 
The annual open enrollment period normally occurs during the months of October and 
November with coverage dates effective January 1 of the following calendar year. 
 
3.8.1 Qualifying Events for Mid-Year Changes 
 
The IRS regulation, under Section 125, has strict rules regarding the operation of 
these plans. Exceptions are allowed under IRS rules when a member has a 
mid-year qualifying event. Employees are required to notify Human Resources 
within 30 days of the qualifying event through the benefit vendor and supply any 
requested documents to the vendor. Some examples of mid-year qualifying 
events include: 
 
 
 
Change in marital status 
 
Birth or adoption of a child 
 
Death of a covered dependent 
 
Loss of eligibility status by a covered dependent 
 
Change in employment status that affects eligibility for coverage 
 
Loss or gain of healthcare coverage eligibility under Medicare or 
       Medicaid 
 
Change in residence to a location outside of a healthcare plan’s service 
 
3.8.2 Transfer of Benefits to another Unit within the University System of 
Georgia 
 
Employees transferring to another USG institution with accrued vacation of twenty 
or fewer days (160 hours) must transfer to the new unit all accrued vacation. For 
employees with accrued vacation of greater than 20 days (160 hours), an employee 
may choose one of the following options: 
 
 
Transfer of the total accrued vacation balance, not to exceed 45 days (360 
hours); or 
 
Receive payment from the former institution of accrued vacation leave 
more than 20 days (160 hours). The total accrued vacation leave for which 
the employee may be paid shall not exceed 25 days (two hundred hours) 
 
An employee must transfer all accumulated sick leave if there is no break in service. 
 
 
3.9 Continuing Benefits Plans after termination. 
 

 
 
Page | 54 
 
 
 
Terminating employees will keep insurance benefits through the end of the month that they 
terminate, provided the full premiums have been paid. Under the Consolidated Omnibus 
Budget Reconciliation Act (COBRA), employees may choose to continue medical, dental, 
vision, and/or flexible medical spending account for up to 18 months. In special instances, 
the 18-month period may be extended. Participation in the FSA ends if you terminate 
employment. Only expenses incurred prior to the date your participation in the plan ends 
are eligible for reimbursement. Claims for expenses incurred prior to the plan termination 
date must be submitted within the “run out” period. COBRA election must be made within 
60 days from the date COBRA notification is received by the employee. Payment of COBRA 
premiums must be paid in full before coverage is reinstated. 
 
3.9.1 Disabled Status 
 
If a qualified beneficiary is determined to be disabled under Title II or XVI of the 
Social Security Act at the time employment ends and the plan administrator is 
notified within 60 days, the qualified beneficiary may choose benefit continuation 
for up to a total of 29 months following the termination of employment. 
 
3.9.2 Dependents 
 
The spouse of an employee whose coverage ends due to divorce or a child who 
reaches the maximum age for coverage as a dependent may continue coverage for 
thirty-six (36) months. Election must be made within sixty (60) days from the date 
COBRA notification is received. Payment of COBRA premiums must be paid in 
full and on time each month or COBRA coverage will be discontinued. 
 
 
3.10 Tuition Assistance Program (TAP) 
 
Participation in the Tuition Assistance Program shall be available to full time, benefits 
eligible employees who have successfully completed at least six months of employment in 
a benefits eligible position as of the date of the Tuition Assistance Program application 
deadline for the desired academic semester.  
 
Employees who wish to take advantage of the TAP program must qualify as a student 
prior to TAP application submission.  
 
Each “teaching institution” will establish its TAP employee registration period. This 
period will begin a minimum of three (3) days immediately prior to the first day of classes 
to enroll in TAP available classes. The specific dates for the employee registration period at 
each “teaching institution” are available here:  USG TAP Employee Registration Dates. To 
receive the waiver of tuition and mandatory fees, employees must register only 
during the designated employee TAP registration period for your institution of 
choice. If you register for classes prior to the employee TAP registration period, you 

 
 
Page | 55 
 
 
 
risk the chance of your classes being dropped, losing your TAP waiver, or added late 
fees. 
Tuition Assistance Program participation will be granted on a space available basis. Full 
time employees, who meet the applicable admissions standards and who have received 
appropriate prior authorization from their institution, may enroll in up to nine academic 
semester credit hours for each of the three designated semester periods: fall semester, 
spring semester, and summer semester.  
Employees may not enroll in certain programs or courses of study under the TAP policy. 
Go to the University System of Georgia, Human Resources, Benefits, Tuition Assistance 
Program (TAP) tab in the left side bar to see which courses are eligible. 
The federal government currently allows up to $5,250 annually, in employer-provided 
educational assistance benefits, to be “tax free” to TAP participants. This applies to both 
undergraduate and graduate-level courses. An employee must pay taxes on employer-
provided educational assistance benefits of more than $5,250. This amount will be 
included in your wages (Box 1 of your Form W-2). A tax professional should be consulted 
for further information concerning taxable tuition. 
 
For complete policy, please visit this link: Tuition Assistance Program. 
 
 
3.11 General and Professional Insurance 
 
The University, as a unit of the University System of Georgia, provides limited liability 
insurance protection to its employees while in the conduction of the business of the 
University. This insurance covers employees’ legal liability to others for personal or 
bodily injury and property damage resulting from actions or inactions of an employee of 
the University System of Georgia acting within the scope of his or her employment. The 
The Office of the Attorney General will defend the employee from such claims under 
most circumstances. 
 
3.12 Retirement Plans 
 
All employees, excluding student employees and part-time, under certain 
circumstances or temporary employees, must be part of a state sponsored retirement 
program. Benefits eligible University of North Georgia employees must enroll in either 
the Teachers Retirement System of Georgia (TRS) or the Optional Retirement Plan (ORP) 
within 60 days of employment. This election is irrevocable. ORP eligible employees who 
do not make an election within 60 days default into the Teachers Retirement Plan of 
Georgia. (Refer to section 3.12.3 and 3.12.4). 
 
Temporary employees must participate in the Georgia Defined Contribution State Plan 

 
 
Page | 56 
 
 
 
(GDCP). When employment ends with UNG, the temporary employee, if they so 
choose, may request a refund of all the contributions made to the Georgia Defined 
Contribution Plan. 
 
3.12.1 Social Security 
 
Terms, conditions, requirements, reservations, benefits, privileges, and other 
conditions of Title II of the Social Security Act, as amended, apply to all 
employees of the University System except those specifically excluded under the 
agreements with the Employee Retirement System of Georgia. 
 
3.12.1a Employees Covered by Social Security 
 
 
All employees eligible for the Teachers Retirement System of Georgia and 
Optional Retirement Plan are covered by Social Security. 
 
3.12.1b Employees Subject to the Medicare Portion of Social Security Only 
 
 
The following employees are subject to the Medicare portion of Social 
Security only: 
 
 
Temporary, seasonal, or intermittent employees who are 
employed at an hourly rate of pay, including part-time instructors. 
 
 
 
Regular employees working less than half-time (19 hours per week 
or less) 
 
3.12.1c Employees Not Covered by Social Security 
 
Non-resident aliens may be exempt from Social Security deductions, in 
accordance with their visas. All non-resident aliens must undergo a 
UNG tax analysis before claiming exemption from social security. 
 
3.12.2 Georgia Defined Contribution Plan 
 
Temporary employees contribute 7.5% of their wages to the Georgia Defined 
Contribution Plan (GDCP) that is the State equivalent of Social Security. For 
complete policy please visit Employees’ Retirement System of Georgia website. 
 
 
Employees terminating with University of North Georgia may complete a refund 
request of their Georgia Defined contributions. To request a refund, contact GDCP 
at 1-800-805-4609 or go online at www.ers.ga.gov. Set up an account and request a 
refund. 
 

 
 
Page | 57 
 
 
 
3.12.3 Teachers Retirement System of Georgia 
 
The Teachers Retirement System of Georgia (TRS) is a defined benefit plan. 
Employees enrolled in this plan must make contributions as a percentage of gross 
salary. The contribution rate may change each fiscal year. Employee contributions 
are deducted from salary before federal and state income taxes (pre-tax dollars) are 
paid on contributions. Employees pay FICA (OASDI and Medicare) on 
contributions just as on any other salary. Federal and State of Georgia income tax is 
deferred until the account is withdrawn or retirement benefits are received. 
 
Employees who leave the University before retirement are advised to investigate 
their options regarding TRS funds. All withdrawals of funds (not including 
rollovers) are subject to additional tax and penalties. To request TRS refunds, 
employees must use the TRS website. 
 
 
3.12.3a Vesting 
 
 
Vesting in the Teachers Retirement System occurs after ten (10) years of 
service. Service may also be purchased for teaching in the public schools 
of Georgia, State of Georgia employment, birth-related leave, and study 
leave. Up to five years credit may be obtained for service in the armed 
forces of the United States during periods of national emergency. After 
six years of Georgia service, credit may be purchased for out-of-state 
teaching in public schools or colleges. The formula for the purchase of 
out-of-state credit is one year of out-of-state service for each additional 
year of Georgia service up to a maximum of ten years. 
 
3.12.3b Eligibility for Retirement 
 
 
Eligibility for retirement is governed by the Teachers Retirement System 
of Georgia and the Board of Regents. The Board of Regents policy reference 
can be found in the Board of Regents of the University System of Georgia 
Policy Manual, Definition of a University System of Georgia Retiree and 
Eligibility for Retirement Section 8.2.8. 
 
3.12.3c Early Disability 
 
Permanent disability retirement is available at any age if the TRS member 
has at least 10 years of service. 
 
3.12.4 Optional Retirement Plan (Regents Retirement Plan) 
 
The Optional Retirement Plan is available to exempt faculty and staff. Employees 
enrolled in this plan must make contributions as a percentage of gross salary. This 

 
 
Page | 58 
 
 
 
contribution rate is applicable regardless of the source of salary. Employee 
contributions are deducted from salary before federal and state income taxes (pre-
tax dollars) are paid on the contributions. Employees pay FICA (OASDI and 
Medicare) on contributions as with any other salary. Federal and State of Georgia 
income tax is deferred until the account is withdrawn or retirement benefits are 
received. 
 
Contributions may be distributed among various funds offered. Members may 
change fund selections on a regular basis as per fund rules via the 
Retirement@Work platform.  
 
Employees eligible for the optional retirement plan have 60 days from their hire 
date to make an election. If no election is made, participation will default to the 
Teachers Retirement System Plan. This election is irrevocable. 
 
3.12.4a Vesting 
 
Vesting in the Optional Retirement Plan is immediate. Since vesting is 
immediate, the total funds, including the state’s contributions, remain in 
the member’s name for his or her retirement. 
 
If the member becomes permanently and totally disabled or dies, all 
monies in the fund, including the State’s contribution and appreciation or 
depreciation of the funds, would be made available to the member or the 
named beneficiary. 
 
3.12.4b Eligibility for Retirement 
 
 
Eligibility for retirement is governed by the Board of Regents. The Board 
of Regents policy reference can be found in the Board of Regents of the 
University System of Georgia Policy Manual, section 8.2.8-- Definition of a 
University System of Georgia Retiree and Eligibility for Retirement.  
 
 
3.12.5 Voluntary Supplemental Retirement Accounts 
 
University of North Georgia provides voluntary retirement programs to eligible 
employees. These programs allow employees to set aside additional funds for 
retirement on pre-tax basis.  
 
3.12.5a Tax-Sheltered Plans 403(b) 
 
 
Most employees* are eligible to participate in a voluntary tax-deferred 
plan offered through UNG under provision 403(b) of the Internal Revenue 

 
 
Page | 59 
 
 
 
Code (IRC). This plan allows participants to direct a portion of their 
income, on a pre-tax or after-tax basis, into any of a number of investment 
vehicles such as annuity contracts and mutual funds. Employees make the 
full contribution, via salary reduction (there are no employer 
contributions). Employees may enroll or change their elections for the 
403(b) plan at any time, including during the annual benefits open 
enrollment period. 
 
A variety of retirement companies offer investment options. Information is 
available from Human Resources. 
 
3.12.5b Deferred Compensation Plans 457(b) 
 
 
University of North Georgia offers a voluntary deferred compensation plan 
under provision 457 of the Internal Revenue Code (IRC). This plan allows 
employees to defer a portion of their income, on a tax-sheltered basis, into 
any of a number of investment vehicles. Taxes are deferred until the money 
is withdrawn. Unlike a 403(b) plan, withdrawals at times other than 
retirement do not carry an additional penalty. Employees make the full 
contributions, via salary reduction (there are no employer contributions). 
Employees may enroll or change their elections for the 457 plans at any 
time, including during the annual benefits open enrollment period. 
 
Employees may participate in both the 403(b) and the 457 plans. 
 
*Tax treaties disallow non-immigrant foreign nationals who work in the 
U.S. from excluding such contributions from their taxable income, so 
there is no tax advantage to participation. 
 
3.13 Flexible Spending Accounts 
 
University of North Georgia offers programs that allow individuals to set aside 
funds on a pre-tax basis for certain healthcare, dependent care expenses. 
Depending upon the program, employees may reduce their salaries by an amount 
up to $2,700 per year for medical and $5,000 for dependent care. 
 
3.13.1 Healthcare Flexible Spending Account 
 
The healthcare flexible spending account may be used to cover the cost of medical, 
dental, and related expenses that are not otherwise paid by other insurance (i.e., 
medical, drugs, dental plan co-pays, and deductibles and qualifying out-of-pocket 
medical and dental expenses that fall outside your plans' coverage). Employees may 
enroll within 30 days of being hired or after a qualifying event or during the annual 

 
 
Page | 60 
 
 
 
benefits open enrollment period. To participate in the Healthcare Spending Account, 
employees must re-enroll each plan year. 
 
Note that setting up a Healthcare FSA can save employees substantial tax dollars on 
predictable medical costs. However, employees are forewarned - any unspent 
funds left in the account after the end of the plan year are forfeited per IRS rules. 
The plan year is defined as January 1 through December 31. Expenses incurred 
during the plan year can be submitted for reimbursement until March 31 of the 
following year. 
 
3.13.2 Dependent Care Flexible Spending Account 
 
The dependent care flexible spending account may be used to cover the cost of 
qualifying childcare, eldercare, or care of other legal dependents. Employees may 
enroll within 30 days of being hired or a qualifying event, or during the annual 
benefits open enrollment period. 
 
Note that setting up a Dependent Care FSA can save employees substantial tax 
dollars on predictable costs. However, employees are forewarned - any unspent 
funds left in the account after the end of the plan year must be forfeited per IRS 
rules. 
 
Under the law, the combined dependent care contributions of both parents 
cannot exceed the maximum allowable election set by the IRS (currently 
$5,000.00). 
 
3.14 Georgia Higher Education Savings Plan 
 
Employees may participate in the Georgia Higher Education Savings Plan through 
payroll deduction. The program, known as a 529 Plan, allows employees to set aside 
money for higher education expenses - for their children, grandchildren, or other 
beneficiaries of their choice (including themselves). Under current law, any earnings 
grow tax-free in the account and are tax-free when withdrawn and used for 
education purposes. Employees who participate in the program may also be eligible 
for a state tax credit for such contributions. 
 
Participation in the Georgia plan does not mean that the beneficiary must attend 
college in Georgia. The fund may be used for qualified higher education expenses at 
accredited postsecondary institutions across the country. Accounts can be opened 
with as little as $15 and have high allowable total limits (more than $200,000). A 
variety of investment options are available. To learn more about the program, visit 
State of Georgia, Path2College 529 Plan website. 
 
3.15 Appealing Denied Benefit Claims 
 

 
 
Page | 61 
 
 
 
Denied benefit claims must be contested directly through the benefits provider such as 
Blue Cross/Blue Shield. 
 
3.16 Employment after Retirement 
 
When an individual retires from the University System of Georgia and is receiving benefits 
from the Teachers Retirement System, the Employees Retirement System, or the Regent’s 
Retirement Plan, he/she shall not be reemployed by the University System without the prior 
approval of the Board of Regents. When an employee has retired from the University 
System of Georgia, he/she may be reemployed by the University System of Georgia under 
the following conditions: 
 
1.   The reemployment of a University System of Georgia retiree must be approved 
by the Board of Regents. 
2.   A rehired retiree must have a minimum break of one month between the 
effective date of his/her retirement and the effective date of his/her 
reemployment. 
3.   The work commitment of a rehired retiree must be less than half-time (i.e., less 
than 50%). 
4.   The salary that is paid to a rehired retiree must be 
a.  less than 50% of the annual benefit-based compensation amount that 
he/she was earning at the time of his/her retirement, with consideration 
for the average merit increase percentages that have been applied since 
the employee retired, or; 
b.   Less than 50% of the average compensation for the position into which 
the retiree is being hired based on the institutions’ existing compensation 
plan, or, if not applicable, the average compensation of existing or 
previous incumbents, or; 
c. Less than 50% of a reasonable market competitive rate for the position 
into which the retiree is being rehired as determined by the institutional 
chief human resources officer. 
5.   The salary that is to be paid to a rehired retiree must be consistent with his/her 
work commitment. 
 
4.0 
VACATION, SICK LEAVE AND LEAVE OF ABSENCE 
 
4.1 Time-Off Benefits 
 
These benefits are provided to eligible employees of the University in recognition of their 
need to be off the job for a variety of reasons, including rest and enjoyment, jury/witness 
duty, illness, etc. The University provides a generous and comprehensive time-off 
benefits program. 
 
Eligible employees must have personal leave time available to be compensated for any 

 
 
Page | 62 
 
 
 
day missed. Employees who do not have personal leave time available are in a “Leave 
Without Pay” (LWOP) status. If UNG does NOT elect to place the employee on LWOP 
and the employee is not experiencing a Family Medical Leave Act (FMLA) qualifying 
event, his/her employment with the university will be terminated. 
 
An employee who must be absent or tardy is expected to observe university or work 
group notification standards and complete a leave request form at the earliest possible 
opportunity. Complete rules for using Holiday and Leave Time can be found in UNG 
Policy “B&F-HR – Holidays and Leave.” 
 
4.1.1 Holidays 
 
University of North Georgia observes thirteen official paid holidays each year. 
The holiday schedule is available on the Human Resources web site. Student 
assistants, graduate assistants, part-time instructors, and temporary employees 
are not eligible to receive holiday pay. Official University holidays are: 
 
• New Year’s Day 
• Martin Luther King Jr. Day 
• Memorial Day 
• Juneteenth Day 
• Independence Day 
• Labor Day 
• Thanksgiving Day 
• Friday following Thanksgiving 
• Christmas Eve 
• Christmas Day 
• Winter Break (three floating holidays) 
 
To receive pay for the holidays, an employee must be in paid status the day before 
and the day after the holiday. A terminating employee will not be paid for any 
official holiday occurring after the last working day of his or her employment. 
Note – Holidays listed above are subject to change. Please refer to the Holiday 
Calendar on the Human Resources website. 
 
A normal workday at UNG is eight hours per day and holiday pay will be for eight 
hours and prorated for part-time employment. Hours credited for pay (holiday, 
sick, vacation), but not actually worked, will not be used in computing 
overtime/compensatory time.  
 
4.1.2 Vacation 
 
Vacation time must be approved in advance by the supervisor before it may be 

 
 
Page | 63 
 
 
 
taken. 
 
4.1.2a Eligibility 
 
 
Regular, full-time, and part-time benefits eligible employees are eligible to 
accrue vacation hours. 
 
Full-time staff will accrue ten hours vacation per month for the first five 
years of employment. After the completion of the fifth year of service, 
vacation will accrue at 12 hours per month. Staff with ten or more years of 
service will accrue at 14 hours per month. Administrators and 
Administrative Faculty accrue 14 hours per month regardless of years of 
service. 
 
Regular employees working 30 hours per week, but less than 40, earn and 
accrue vacation hours in an equivalent ratio to their percentage of time 
employed. Temporary employees, including student assistants, graduate 
assistants, part-time instructors, and regular employees who work less than 
one-half time do not earn or accrue vacation time. 
 
An employee must be hired on or before the 15th of the month to accrue 
leave for that month. Leave is accrued on the last working day of the month. 
An employee must have a sufficient leave balance from prior months to 
cover the hours taken through the last day of the vacation. 
 
Otherwise, the employee will be in a “Leave Without Pay Status.” 
 
4.1.2b Carryover of Unused Vacation Days 
 
Unused vacation time will rollover each year; however, on December 31 
of each calendar year, each employee's leave record shall be adjusted to reflect 
no more than 45 days (360 hours) of accrued vacation/annual leave. 
 
4.1.2c Terminal Vacation Pay 
 
All unused, accrued vacation/annual leave, not to exceed 45 days (360 
hours), shall be paid to an employee upon his/her termination from 
employment. If any portion of an employee’s compensation is funded by a 
grant or other funding sources, the terms set forth by the grant or funding 
partner will determine if the payout of vacation hours is permitted. 
 
An employee who terminates on or after the fifteenth of a month shall accrue 
vacation/annual leave for that month. 
 
4.1.2d Record of Earned Vacation 
 

 
 
Page | 64 
 
 
 
 
Accrued vacation and sick time can be viewed by logging in to the OneUSG 
Connect Self Service portal. 
 
4.2 Sick Leave 
 
4.2.1 Eligibility 
 
Regular full-time and part-time benefits eligible employees are eligible to accrue 
sick leave hours. Full-time employees accrue eight hours of sick leave per month. 
Sick leave may be granted at the discretion of the institution and upon approval by 
the supervisor for an employee's absence for any of the following reasons: 
 
 
Illness or injury of the employee. 
 
Medical and dental treatment or consultation. 
 
Quarantine due to a contagious illness in the employee's household. 
 
Illness, injury, or death in the employee's immediate family (spouse, 
parent, brother, sister, child, stepchild, grandparent, grandchild, parent- 
in-law, son-in-law, daughter-in-law, foster parent, or legal guardian) 
requiring the employee's presence. 
 
An employee must be hired on or before the 15th of the month to accrue leave for 
that month. 
 
Leave is accrued on the last working day of the month. An employee must have 
a sufficient leave balance from prior months to cover the hours taken through the 
last day of the absence. Otherwise, the employee will be in a “Leave without 
Pay” status. 
 
4.2.2 Annual Allowance and Accumulation 
 
For all regular full-time employees, sick leave shall be accumulated at the rate of 
one working day per calendar month of service. 
 
Benefitted part-time employees accrue at an equivalent ratio to their percentage 
of employment (i.e., 30-hour employees accrue at three-fourths the rate of full-
time employees). There is no limit to the amount of sick time that an employee 
may accrue and carry into the next calendar year. 
 
Temporary employees, including student assistants, graduate assistants and part-
time instructors do not earn or accrue sick time. 
 
4.2.3 Reporting Absences Due to Illness 
 

 
 
Page | 65 
 
 
 
Employees are expected to report all absences due to illness or injury directly to 
their supervisors or department heads as soon as possible and should indicate 
probable length of absence so that schedule adjustments may be made. 
 
Employees absent for prolonged periods should communicate with their 
supervisors weekly unless on approved leave of absence through Human 
Resources. Supervisors should contact Human Resources when an employee is 
out for longer than three days because of illness or injury or immediately if the 
condition is serious, so that appropriate measures for leave of absence can be 
made. 
 
4.2.4 Physician’s Statement 
 
If an employee is out of work due to illness for three consecutive days, a 
physician's statement is required upon return to work. Under some 
circumstances, supervisors may require an employee to provide a physician’s 
statement for sick leave absences for less than three days. Consultation with 
Human Resources is required. 
 
4.2.5 Physician’s Return to Work Certification 
 
Supervisors reserve the right to request a release from a physician to allow an 
employee to return to work. 
 
Such certification is also requested of employees returning under the Family 
Medical Leave Act (FMLA) or workers’ compensation injury (refer to sections 4.3 
and 4.6). 
 
4.2.6 Shared Sick Leave Program 
 
The purpose of the Shared Leave Program is to provide a means for university 
employees to donate paid sick leave to a shared leave pool. The pool of donated 
leave is available to be used by fellow University employees who donate to the 
pool who are eligible for and require leave while experiencing a life-threatening 
or emergency medical condition. Use of leave from the pool keeps eligible 
employees from taking leave without pay during their time of crisis. All other 
earned leave, i.e., sick and vacation must be exhausted before approval to use 
time from the Shared Leave Program. Complete Shared Leave guidelines are on 
the Human Resources web site in the benefits section.  
 
4.2.7 Sick Leave without Pay 
 
Any employee unable to return to work after exhausting all accumulated sick 

 
 
Page | 66 
 
 
 
leave and accrued vacation leave may request leave without pay for a period not 
to exceed one year. Leave without Pay (LWOP) may be granted at the discretion 
of the President. 
 
If additional LWOP is approved, the employee will have the option to continue 
his/her group insurance benefits while on leave. The institution will continue to 
pay its share of the cost for such period, and the employee must continue to pay 
his/her share of premiums. 
 
If not already exhausted, this sick leave will run concurrent with FMLA. Beyond 
FMLA guidelines there is no job protection offered for this type of leave. 
 
During an unpaid leave status, vacation and sick leave benefits will not continue 
to accrue. 
 
4.2.8 Sick Leave for Terminating Employees 
 
A terminating employee shall not be paid for sick leave earned but not taken. 
However, employees retiring may use accumulated sick leave to earn additional 
service time with Teachers Retirement System. 
 
4.3 Workers’ Compensation 
 
All University employees are covered by state Workers' Compensation laws that 
may provide medical and income benefits if you are injured on the job. Workers' 
Compensation also provides benefits to your dependents if you die as the result 
of a job- related illness or injury. 
 
Risk Management Services self-insures the Workers' Compensation Program for 
the State of Georgia. The program is administered through a contract with 
Georgia Department of Administrative Services by a third-party administrator. 
 
The Workers' Compensation Program provides for monetary supplements for 
absences from work, as well as medical care through the Amerisys Managed 
Care Organization and other costs associated with job related injuries. 
 
A part of the Workers' Compensation Program is ""Georgia Focus,"" which is a 
three-tiered approach to the safety, care, and recovery of employees. The 
program places its focus on taking care of employees. 
 
Georgia Focus Program Manual: 
https://doas.ga.gov/assets/Risk%20Management/RTW%20Publications%20and%
20Forms/RTW_GeorgiaFocus.pdf 

 
 
Page | 67 
 
 
 
 
Tier 1 is a proactive approach to the safety of employees through job hazard 
analysis, education, and corrective actions to hazardous conditions. 
 
Tier 2 is a managed approach to the care of employees in the event of an injury. 
Through the Amerisys Managed Care Organization, employees who have 
suffered a job-related injury are provided timely and effective medical care. 
Timely reporting of injuries by the supervisor ensures injured workers are 
receiving prompt care and benefits to which they are entitled. 
 
Tier 3 is a return-to-work team approach that focuses on an employee's ability as 
opposed to their disability. This approach enables the employee to return to 
work sooner and within their medical restrictions. 
 
4.3.1 Work Related Injuries 
 
In the case of an injury while performing job duties, notify your supervisor 
immediately and call Public Safety at 706-864-1500 and file an incident report. The 
Department of Public Safety will dispatch an officer who will assess the extent of 
the injury and the medical attention that is immediately appropriate. You are 
required to report all claims to Risk Management within 48 hours of the incident by 
calling (706) 864-1463 or emailing riskmanagement@ung.edu. You will be expected 
to cooperate with the claims process by providing all supporting documents as 
requested. This may include, but is not limited to incident reports, witness 
statements, correspondence, photographs, medical records, and bills. Should there 
be a need and if seen by a physician, all paperwork and or associated 
documentation should be provided to Risk Management within 48 hours. 
 
Claims should only be reported by a supervisor. Employees cannot call in their 
own claims. Please see the UNG Risk Management Workers’ Compensation 
website for the reporting phone number and procedures. 
 
4.3.2 Workers’ Compensation Return to Work Program 
 
The University System of Georgia (USG) provides benefits for employees in the 
event of work-related injuries, illnesses, exposures, or accidents as the means to 
return employees to meaningful, productive employment following the injury or 
illness. When an injury, accident, exposure or illness is sustained as a result of, out 
of, or in the course of employment, all employees of the University System of 
Georgia shall be covered under provisions of the Worker’s Compensation Act. 
Information USG’s Policy has been summarized below, but is available in full via 
USG HRAP – Worker’s Compensation and Return-To-Work. 
 

 
 
Page | 68 
 
 
 
USG encourages injured employees to return to work as soon as it is reasonably 
possible in accordance with DOAS guidelines. Individual campus benefits 
departments should work with each employee and their department to develop 
opportunities to return to work in transitional capacities. A Return-To-Work 
Program includes an assessment/identification of duties that can be performed 
during a period of transition to allow an injured employee to work even though 
he/she may not be able to resume their full duties.  
 
If the employee is not physically capable of returning to full duty initially, the 
Return-To-Work Program provides opportunities for offering the employee a 
temporary assignment in which the employee’s regular position is modified: 1) to 
accommodate the employee’s physical capabilities, or 2) to perform a transitional 
assignment with alternate duties. Assignment of any employee to a transitional 
position or modified regular position in accordance with the ReturnTo-Work 
Program, including determination of the pay rate for the transitional position, 
requires review and approval from the human resources department. In the case of 
a faculty member, the human resources department will work with the Vice-
President for Academic Affairs to determine appropriate transitional work and 
compensation 
 
An employee may not return to work without a physician’s release to duty. When 
an employee returns to work, it is the responsibility of the supervisor to inform 
Human Resources immediately. Late notification of return-to-work status may 
result in incorrect payroll reporting for the employee. 
 
4.4 Personal Leave 
 
At the discretion of the President, personal leave without pay for a period of up to one 
year may be approved on a case-by-case basis and when such leave is deemed in the best 
interest of the institution. Approved personal leave allows the employee the right to elect 
to continue his/her group insurance benefits with institutional participation in the cost. 
No vacation or sick leave is accrued during an unpaid personal leave. 
 
Employees must exhaust all earned vacation and sick leave before personal leave is used. 
 
4.4.1 Benefits during Personal Leave 
 
Approved paid leave allows for benefits to continue including the accrual of sick 
and vacation leave. Approved unpaid leave allow employee to retain their 
insurance benefits, but they will be billed by the benefit vendor for their portion of 
the premium request, and it will the employee’s responsibility to pay the vendor 
directly.  
 
Employees on unpaid leave will not continue to accrue vacation or sick leave. 

 
 
Page | 69 
 
 
 
 
4.4.2 Unapproved Personal Leave 
 
An employee not at work must be in an approved leave status. When an employee 
is absent from work and has not made arrangements to be on official leave, 
disciplinary action up to and including termination may occur. Unapproved leave 
will be unpaid or charged to accrued vacation at the supervisor’s discretion and 
approval from Human Resources. 
 
4.5 Administrative Leave 
 
Administrative leave is a leave of absence initiated by the University to deal with unusual 
circumstances in which it is desirable to continue an employee's association with the 
University for the period of the leave. Administrative leave may be with or without pay 
and carries no promise of future re-employment. Administrative leave requires the 
approval of the Associate Vice President of Human Resources. 
 
4.6 Family and Medical Leave 
 
The Family Medical Leave Act (FMLA) provides eligible employees with up to 12 weeks 
of unpaid, job protected leave each rolling 12-month period. A rolling 12-month period 
is defined as 12 months from the date of first absence. To be eligible, the employee must 
be employed for at least one year and have worked at least 1,250 hours over the previous 
12 months. 
 
4.6.1 Family Leave Entitlement 
 
Events that qualify an employee for Family Medical Leave: 
 
 
Birth of a child 
 
Adoption of a child  
 
Family member called to active duty 
 
Employees who have a spouse, parent or child who is on or has been 
called to active duty in the Armed Forces when he/she experiences a 
“qualifying exigency.” 
 
Serious health condition of employee’s child, spouse, or parent 
 
Serious health condition of employee 
 
“Serious health condition” means an illness, injury, impairment, or physical or 
mental condition that involves: 
 
 
Any period of incapacity or treatment connected with inpatient hospital 
care (such as an overnight stay), hospice or residential medical care 

 
 
Page | 70 
 
 
 
facility. 
 
Any period of incapacity requiring sporadic absences from work, school 
 
Or other regular daily activities that also involves continuing treatment 
by (or under the supervision of) a health care provider; or 
 
Continuing treatment by (or under the supervision of) a health care 
provider for a chronic or long-term health condition that is incurable or 
so serious that if not treated would result in a period of incapacity. 
 
Eligible spouses who work for the same employer are limited to a combined total 
of twelve work weeks of leave in a 12-month period to share for the following 
FMLA-qualifying reasons: 
  
• The birth of a child and bonding with the newborn child,  
• The placement of a child with the employee for adoption or foster care, 
and bonding with the newly placed child, and  
• The care of a parent with a serious health condition. 
 
Under some circumstances, employees may take FMLA leave intermittently— 
that means taking leave in blocks of time or by reducing the normal weekly or 
daily work schedule. Where FMLA leave is for birth or placement for adoption or 
foster care, use of intermittent leave is subject to approval by UNG Human 
Resources. FMLA leave may be taken intermittently whenever it is medically 
necessary to care for a seriously ill family member or because the employee is 
seriously ill and unable to work. 
 
Employees who have a spouse, parent, child or who have been named next of 
kin for a service member who incurred a severe injury or illness on active duty in 
the Armed Forces may take up to 26 weeks of leave to care for the injured service 
member. 
 
4.6.2 FMLA Notice and Certification 
 
Employees requesting FMLA must complete the University of North Georgia 
FMLA request form and submit it along with the University System of Georgia’s 
FMLA Medical Certification form to Human Resources. The Medical 
Certification form includes a section for the health care provider to verify the 
existence of a serious health condition. In the case of a foreseeable leave, an 
employee is required to give at least 30-day notice prior to beginning FMLA. If 
the leave is not foreseeable, the employee is required to advise Human Resources 
as soon as practical. Whenever possible, the employee requesting FMLA should 
set up an appointment with Human Resources to provide required paperwork 
and make preparations regarding compensation and benefits. The employee will 
be notified of their eligibility within 5 days of receipt of the request of the 

 
 
Page | 71 
 
 
 
employee or when Human Resources receives notification that the employee’s 
leave may be an FMLA qualifying event. The employee may be required to 
obtain a second or third medical certification, at the University’s expense. 
 
4.6.3 Paid vs. Unpaid Leave 
 
When taking FMLA leave, employees may choose to use either accumulated sick 
and/or vacation leave based on the following criteria: 
 
Sick leave must be used concurrently while employees are taking FMLA. Once 
all sick leave has been exhausted, University of North Georgia will charge leave 
to vacation unless the employee elects to freeze the vacation leave at any given 
point. Written notification from the employee to freeze time is required to stop 
the use of vacation leave to remain in a paid status. Once sick leave has been 
exhausted and vacation leave has been either exhausted or frozen, the remainder 
of the FMLA leave will be in an unpaid leave status. 
 
4.6.4 Benefits Coverage during Leave 
 
During the period of FMLA leave, an employee may retain health, dental, vision 
and life benefits under the same conditions that applied before the leave began. If 
an employee’s share of insurance premiums cannot be deducted from his/her 
pay, the employee will be required to pay his/her share of insurance premiums 
each month while on leave. Failure to pay the employee share of the insurance 
premiums will result in loss of coverage. 
 
4.6.5 Job Restoration 
 
Upon return from FMLA leave, the employee will be restored to his/her original 
position or to an equivalent job with equivalent pay, benefits and other 
employment terms and conditions. 
 
The employee’s use of FMLA will not result in the loss of any employment 
benefit that the employee earned or was entitled to before using FMLA leave. In 
an unpaid leave status, however, the employee will not continue to accrue 
vacation or sick leave benefits. 
 
4.6.6 Return from Leave 
 
Employees should notify Human Resources of their return-to-work date at least 
five (5) business days or as soon as the employee knows, in advance of the 
return-to-work date. A statement from the employee’s physician certifying that 
the employee is physically able to return to work, as well as the signed (by the 

 
 
Page | 72 
 
 
 
physician) employee’s job description must be submitted to Human Resources 
prior to or on the employee’s first day back to work. The employee is responsible 
for ensuring that the documentation is delivered to Human Resources either in 
person, via e-mail or facsimile for review. In some cases, the employee may be 
required to provide a fitness-for-duty certificate prior to being restored to active 
status. 
 
If an employee wishes to return to work prior to the expiration of FMLA leave, 
notification must be given to Human Resources at least five (5) business days 
prior to the employee’s planned return. Human Resources is responsible for 
notifying the employee’s supervisor of the employee’s status. The employee 
must provide medical certification that he/she is able to return to work earlier 
than expected. 
 
4.6.7 Extension of Leave 
 
An employee requesting an extension of FMLA leave due to the continuation, 
recurrence, or onset of his/her own serious health condition or of the serious 
health condition of the employee’s spouse, child or parent must submit a request 
for an extension in writing to Human Resources. The maximum amount of 
FMLA leave that an employee may take during a rolling 12-month period is 12 
weeks (or twenty-six work weeks in the case of caring for an injured service 
member related as spouse, son, daughter, parent, or next of kin). The employee 
must notify Human Resources as soon as it is determined that he/she will not be 
able to return from leave as originally planned. Human Resources is responsible 
for notifying the employee’s supervisor of the employee’s status. 
 
4.7 Military Leave 
 
4.7.1 Definition of Military Leave 
 
Military duty, for the purpose of these regulations, includes any military duty in the 
service of the State of Georgia or the United States. This includes schools conducted 
by the armed forces of the United States. 
 
4.7.2 Duration of Military Leave 
 
Regular benefits eligible employees are entitled to up to 18 days of leave with pay 
while engaged in the performance of military duty and while going to and from 
such duty during normal working hours. The maximum length of military leave 
with pay is eighteen workdays (144 hours) in any one federal fiscal year or 
continuous period. The maximum leave time without pay allowable cannot exceed 
five years. To receive the annual military leave with pay, the employee must 

 
 
Page | 73 
 
 
 
provide a copy of his/her orders to Human Resources. 
 
4.7.3 Benefits during Military Leave 
 
At the expiration of maximum paid military leave time (18 days), continued 
absence by the employee shall be considered as military leave without pay. The 
employee may elect to exhaust accrued vacation leave hours prior to going on an 
unpaid leave status. 
 
During the period of Military Leave Without Pay, an employee may retain 
health, dental and life benefits under the same conditions that applied before the 
leave began. If an employee’s share of insurance premiums cannot be deducted 
from his/her pay, the employee will be required to pay his/her share of insurance 
premiums each month while on leave. Failure to pay the employee share of the 
insurance premiums will result in loss of coverage. 
 
Any regular employee who is required to undergo a physical exam for Selective 
Service or military service is eligible for paid military leave if the exam is 
scheduled during normal working hours. The employee must submit the 
documentation of the exam request to his/her supervisor. 
 
4.7.4 Return from Military Leave 
 
The employee must provide advance notification to the department and Human 
Resources of the return-to-work date. Upon receipt of the notification, the 
individual will be reinstated on payroll if the individual was on leave without 
pay. Employees may be required to provide fitness-for-duty certification prior to 
being restored to active status. 
 
Failure to return from leave for reasons other than a continued serious health 
condition may require the individual to repay the employer's contributions to 
healthcare premiums during the period the individual should have returned. 
 
4.8 Parental Leave 
 
In accordance with Georgia’s Paid Parental Leave law the University provides up to a 
maximum of 240 hours of paid parental leave, during any 12-month period, to eligible 
employees for qualifying life events as defined in this policy. The purpose of paid parental 
leave is to enable the eligible employee to care for and bond with a newborn, newly 
adopted or newly placed foster child of the eligible employee. Parental leave runs 
concurrent with unpaid leave under the Family Medical Leave Act (FMLA).  
 
So long as the use of paid parental leave does not unduly disrupt the institution’s 

 
 
Page | 74 
 
 
 
operations, no institution shall interfere with, restrain, or deny an eligible employee’s leave 
request associated with this policy. Additionally, no institution shall discharge or in any 
other manner discriminate or retaliate against any eligible employee for lawfully 
exercising the provisions of this policy. 
 
Paid parental leave may be taken intermittently or continuously in increments as small as 
one hour. Unused paid parental leave has no cash value at the time an employee separates 
from the University, and unpaid parental leave that remains 12 months after the qualifying 
event will not carry over for future use. Complete policy information is available by 
referencing USG HRAP – Paid Parental Leave. 
 
Medical absences due to pregnancy and childbirth will be considered as any other medical 
leave time and FMLA and Sick Leave provisions apply. See Sick and/or 
Family and Medical Leave (FMLA) for further information. 
 
4.9 Educational Leave 
 
The President or Provost may grant educational leave without pay to full-time employees 
who have at least one year of service at the time of requesting leave. Educational leave may 
not exceed one year at a time and is to be used for obtaining a degree or professional 
certification. Such approved leave allows the employee the right to elect to continue his or 
her group insurance benefits at the same employee rate the individual paid through 
payroll deduction. The employee will be required to pay his/her share of insurance 
premiums directly to the provider each month while on leave since payroll deduction will 
not be available.  
 
4.10 Educational Support Leave 
 
Full-time, benefits eligible employees shall be eligible for up to eight hours of paid leave per 
calendar year for the purpose of promoting education in this state, in accordance with USG 
HRAP - Education Support Leave. Eligible employees must receive approval from their 
supervisor before utilizing this leave, and only activities related to student achievement and 
academic support will qualify. Education support leave is not charged against any other 
leave. Education support leave does not accumulate or rollover and is not paid-out upon 
change of employment status. 
 
4.11 Death in the Family 
 
Benefits eligible employees who have a death in the immediate family may be allowed to 
use accrued sick leave for absences related to the death. Sick leave granted to employees 
more than five days for a death in the employee’s immediate family requires a 
memorandum from the supervisor explaining the circumstances. The immediate family 
in this instance includes the employee’s spouse, parents, children, siblings, stepchildren, 

 
 
Page | 75 
 
 
 
grandparents, grandchildren, foster parents and legal guardian, and in-laws. 
 
Non-benefits eligible employees may be granted time off due to a death in the family. 
However, since such employees do not accrue sick or vacation leave, the leave will be 
unpaid. 
 
4.12 Court Duty Leave 
 
The University of North Georgia follows the University System of Georgia’s HRAP 
on Other Leave (Voting and Court Duty), also referenced in BOR Policy 8.2.7.7, Other 
Leave. 
 
UNG recognizes an employee’s obligation to appear when summoned for court duty 
and shall grant leave with pay to regular fully benefited employees for the purpose of 
serving on a jury or as a witness. Confirmation of appearance may be requested.  
 
Employees may retain juror or witness fees paid by the court. An employee appearing in 
court related to a personal matter will not be granted leave with pay but may take 
vacation, if available. An employee serving as an expert witness must take vacation time 
and it must comply with the “Outside Activity Policy” (See Section 1.0.7). 
 
4.13 Voting Leave 
The University of North Georgia follows the University System of Georgia’s HRAP 
on Other Leave (Voting and Court Duty), also referenced in BOR Policy 8.2.7.7, Other 
Leave. 
 
Employees who need time off from work to vote in local, state or national general 
elections or primaries are eligible for up to two (2) hours of paid leave at the 
beginning or end of their regular workday. Employees who are scheduled to begin 
work at least two (2) hours after the polls open or end work at least two (2) hours 
before the polls close are not eligible for voting leave. As with any foreseeable 
absence, employees should request and obtain approval from their supervisor in 
advance of taking time off to vote and should schedule the time off in a manner that 
minimally disrupts normal agency operations. 
 
4.14 University Closing 
 
In the event of inclement weather or any emergency that jeopardizes the safety of 
employees, the President or designee of the President may declare leave with or without 
pay. In the event inclement weather or other emergencies require closure or delay the 
opening of the University, official notifications will be made via the following 
mechanisms. 

 
 
Page | 76 
 
 
 
Primary notification methods: 
     UNG's Connect-Ed emergency notification system. Students, faculty, and staff 
may register their contact information via Banner or by email to 
emeralert@ung.edu. 
 
The University's web page. Specifically, www.ung.edu/emergency. 
 
Email from the Office of University Relations and/or the Office of Public Safety.  
 
Secondary notification methods: 
 
Official UNG social media: 
 
UNG Facebook page – www.facebook.com/UNG.UniversityofNorthGeorgia  
 
UNG Instagram account – https://www.instagram.com/uofnorthgeorgia/?hl=en  
 
 
Local media outlets to include, but not limited to: 
 
Radio 
WDUN- 550 
AM/102.9 FM 
WNGC-106.1 FM 
WGAU 1340 AM 
WSB radio 95.5 
FM/750 AM 
 
Television 
WSB-TV 
WXIA-TV 
WGCL-TV 
 
Newspaper/Internet 
AccessNorthGA.com 
The Gainesville Times 
Forsyth County News 
Dawson County News 
Athens Banner-Herald 
Atlanta Journal-Constitution 
 
5.0 
WORKPLACE PRACTICES 
 
5.1 Work Schedules 
 
The normal workweek for a full-time, regular employee consists of 40 hours per week. 
Employees may, on occasion, must work more than 40 hours per week. In  
these instances, advance notice will be provided when permissible. Non-exempt 
employees will be compensated for the hours worked more than 40 hours per week in 
accordance with the Fair Labor Standards Act. Work hours and days are determined by 
the needs of the office and will be communicated to the employee by the supervisor. 
There may be an instance when the needs of the University dictate a change in schedule. 
This change will be communicated to the employee by the supervisor with at least a two 
week notice where possible. The University reserves the right to change work schedules 

 
 
Page | 77 
 
 
 
as necessary to meet changing departmental needs. 
 
5.1.1 Attendance 
 
Each employee, exempt and non-exempt, is expected to adhere to their scheduled 
hours. If the employee is unable to report to work as scheduled for any reason, the 
employee should promptly notify his/her supervisor. It is not sufficient to leave a 
message with a co-worker nor should the notification be made by a friend or 
family member except under emergency situations. Such notification should be 
made as far in advance as possible. Failure to give the appropriate notification 
may result in disciplinary action up to and including termination. 
 
In addition, punctuality and regular attendance are key factors in consideration 
for job retention and advancement. Abuse or improper use of leave entitlements, 
including falsification of reasons for leave requests, will be grounds for 
disciplinary action, up to and including dismissal from employment. 
 
5.1.2 Breaks 
 
Breaks are a privilege granted by each individual supervisor and are not a right. 
The needs of the job must be satisfied before breaks can be granted. If the work 
situation permits, the supervisor may authorize a.m. and p.m. breaks of up to 15- 
minutes in duration. Employees on break may leave the work area. 
 
In departments where is it necessary to always have someone on duty, it is the 
employee’s responsibility to ensure that work assignments are covered to the 
approval of the supervisor. Therefore, in some areas, breaks are not possible. 
 
Employees may not forego breaks to accumulate extra time off in the future or to 
make up for tardiness or previous absence. Breaks may not be skipped to leave 
early or come in late and cannot be added to the lunch break. These rest breaks 
are with pay. 
 
5.2 Employee Records 
 
Human Resources maintains for each employee a personnel file that contains 
vital employment information. To ensure that personnel records are up to 
date, it is the employee’s responsibility to promptly notify Human Resources 
of any changes in name, home address, telephone number and emergency 
contact. Notification of change in dependents, marital status or beneficiary 
changes can be initiated through OneUSG Connect but will require additional 
documentation for completion. To respond to emergencies and to provide 
employees with important notices relating to salaries, benefits, and other 

 
 
Page | 78 
 
 
 
matters, it is important that the University have current and accurate records. 
Employees must keep their personal data current with Human Resources and 
as necessary provide written documentation to Human Resources. 
 
5.2.1 Access to Employee Records 
 
The Georgia Open Records Act is a state statute that requires that public records be 
open and available for inspection within three (3) business days of receipt of the 
request. Any Open Records Act requests received by a university official (faculty, 
staff, or administrator) must be responded to within three (3) business days or the 
University official may be penalized under the provisions of the law. There are 
some exceptions to the Open Records Act (e.g., medical records, student 
educational records, etc.). Any requests received should be forwarded immediately 
upon receipt to the Director of Risk Management & Compliance for response on 
behalf of the University.  
 
5.2.2 Disclosure of Information 
 
As a service to employees, Human Resources will furnish third parties outside the 
University dates of employment at the University and an employee’s title or 
position. In instances where payroll information is requested (e.g., salary 
information for the purpose of obtaining a car loan), Human Resources will confirm 
but not furnish salary. If the requesting party requires specific information, they 
will be advised that such information will only be made available with the written 
consent of the employee. 
 
5.3 Employee Health and Safety 
 
The University of North Georgia is committed to achieving excellence in providing a 
safe working and learning environment and supporting environmentally sound 
practices in the conduct of institutional activities. UNG complies with applicable 
environmental and occupational safety laws and regulations. In the absence of specific 
laws or regulations, UNG follows industry standards and good management practices. 
 
The prevention of accidents and the promotion of safety are the responsibility of 
everyone in the University community. Everyone is encouraged to be alert and report 
any unsafe practices and conditions that may present an imminent danger to individuals 
or property. Employees should report these types of conditions to their immediate 
supervisor or to the Office of Environmental Health and Safety. 
 
Environmental Health and Safety provides support to the University in all areas of 
environmental and chemical safety including chemical and other hazardous materials. If 
there are any concerns, employees are encouraged to contact Environmental Health and 

 
 
Page | 79 
 
 
 
Safety. 
 
5.3.1 Emergency Treatment 
 
In the event of a serious or life-threatening emergency on any campus, notify 
University Police at 706-864-1500 or dial 9-1-1.  
 
5.3.2 Campus Safety and Security Fire and Emergency Services 
 
In the event of a fire or evacuation, every employee should follow the fire safety 
evacuation route and vacate the premises until the officials in charge declare the 
premises safe to enter. Exits and areas around fire extinguishers must be always 
kept clear. Periodic fire safety inspections and drills are held to test equipment and 
procedures. For questions about fire safety, contact University Police. 
 
5.3.3 University of North Georgia Public Safety 
 
The University of North Georgia Police Department provides a full range of police 
and ministerial services 24-hours a day, seven days a week on the Dahlonega and 
Gainesville Campuses. On the Cumming and Oconee Campuses, officers are 
assigned to patrol whenever school is in session and has agreements with the 
surrounding law enforcement agencies. The Blue Ridge Campus is patrolled by the 
Fannin County Sheriff’s Office and supported by the UNG Police Department. The 
UNG Public Safety Communications Center may be reached at 706-864-1500 to 
report an on-campus incident or emergency. 
 
5.3.4 Georgia Public Employee Hazardous Chemical Protection and Right to 
Know Act of 1988 
 
To comply with the Georgia “Public Employees Hazardous Chemical Protection 
and Right to Know Act of 1988” a written hazard communications program has 
been established for the University of North Georgia.  
 
The State of Georgia Public Employee Right to Know Act ensures that all public 
employees are accorded certain rights regarding hazardous chemicals in their 
workplace. Employees have both a need and a right to know the identities and 
hazards of the chemicals they use on the job. Please visit Environmental and 
Occupational Safety website.  
 
The University of North Georgia Right to Know coordinator is employed in the 
Department of Environmental Health, Safety. For further information, please call 
(678)717-3434 or visit the department website.  
 

 
 
Page | 80 
 
 
 
5.3.5 EAP/Faculty and Staff Assistance 
 
An Employee Assistance Program (EAP) is available at no cost to University of 
North Georgia faculty, staff, eligible dependents, and household members. The 
EAP is a third-party service, available 24/7, that offers confidential 
consultations, assessments, and short-term counseling for a variety of issues 
ranging from work-related concerns to personal difficulties that affect 
everyday life. EAP representatives are not employees of the University and 
the University does not receive details of services provided.  
 
Employees and supervisors are encouraged to utilize EAP services whenever 
they feel it may be beneficial. Advanced approval through a supervisor or 
Human Resources is not necessary. Supervisors may make referrals to the 
EAP program for those individuals experiencing performance issues at work. 
These referrals should only be made in conjunction with HR. 
 
For additional information you may refer to the UNG Employee Assistance 
Program on the Human Resources website or contact Human Resources 
directly at (706)864-1440. 
 
5.4 Use of University Services and Property 
 
The University strives to maintain the highest standards of personal and business ethics 
and professional conduct. As an employee, you are required to do the same. Your daily 
activities on behalf of the University should always be conducted in an ethical and legal 
manner and conflicts of interest should be avoided. 
 
5.4.1 North Georgia Stationery 
 
UNG stationery is intended for university business and must not be used by 
employees for personal or non-University correspondence. 
 
5.4.2 Mail and Packages 
 
For procedures for university mail please visit the UNG Postal Services website.  
 
5.4.3 Visitors 
 
It is expected that employees will not receive personal visitors during working 
hours on a regular basis. 
 
5.4.4 Children in the Workplace 
 

 
 
Page | 81 
 
 
 
The University cannot accommodate children of employees and students on 
campus during normal operating hours. Children are welcome to make brief 
visits and to attend scheduled events. 
 
5.4.5 Business Activities 
 
Employees who supplement their earnings by the promotion or sale of products 
and services do so entirely on their own initiative and without implied approval or 
endorsement by the University. All such activity, including sampling, soliciting 
orders and deliveries must be conducted entirely outside of working hours and 
entirely outside of university property. 
 
5.4.6 Pets/Animals on Campus 
 
Health, safety, and courtesy reasons preclude the presence of pets in the workplace 
except for approved service animals. For additional information, please review 
UNG’s Animals on Campus Policy.  
 
5.4.7 University Equipment 
 
Electronic mail, voice mail, fax machines and copiers should be used for official 
UNG business only. Employees should understand that electronic mail and voice 
mail messages are not secure and therefore should not be assumed to be private. 
 
5.4.8 Operation of State-Owned Vehicles and Rentals 
 
It is mandatory that every state employee responsible for driving a state-owned 
vehicle or a rental for business purposes complete the annual Motor Vehicle 
Training. This training can be found on the UNG Risk Management website. A 
driver’s history is required to be ran and kept on file as part of the training. A 
review of the Motor Vehicle Policy and safety tips are required. 
 
5.4.9 Appropriate Usage (Computer/Telecommunications) 
 
Respect for intellectual labor and creativity is vital the University of North Georgia. 
Because electronic information is volatile and easily reproduced, respect for the 
work and personal expression of others is especially critical in computing and 
networking environments. The University’s expectation is all information 
technology resources are utilized in a reasonable manner, respecting the public 
trust through which these resources have been provided, the rights and privacy of 
others, the integrity of facilities and controls, state and federal laws, and USG 
policies and standards. Access to the University’s information systems is a 
privilege and is to be treated with the highest standard of ethics. Violations of 

 
 
Page | 82 
 
 
 
authorial integrity, including plagiarism, invasion of privacy, unauthorized access, 
and copyright violations may subject an employee to disciplinary action up to and 
including termination as well as possible legal action. All violations of this policy 
shall be reported to Human Resources. 
 
5.4.10 Check Cashing and Cash Advances 
 
Check Cashing 
Faculty and staff in good standing may cash personal checks up to $50 without 
prior authorization by presenting a valid UNG ID. Two-party checks are not 
accepted. Personal checks more than $50 may be permitted but will require 
approval from the Bursar or an assigned representative. Checks may be cashed 
at the below locations:  
 
 
Bursar’s Office -  
Dahlonega Campus:  Downtown Office Building, Suite 203 
Gainesville Campus:  Administration Building, Room 155 
 
Cash Advances 
Cash advances are issued to employees for travel expenses for the University. It is 
important to note that any advances not cleared within 60 days of the issue date 
will be collected as a payroll deduction. 
 
5.4.11  Employee Parking at UNG 
 
All faculty and staff are required to register for an annual UNG virtual parking 
permit (which is paid through payroll deduction); up to three vehicles may be 
added. Faculty and staff should park in spaces designated as “F/S” or “F/S 24/7”, 
which are located throughout all UNG campuses and near most UNG buildings. 
Faculty and staff are also welcome to use the UNG Shuttle system that exists on 
the Dahlonega and Gainesville campuses. For more information regarding UNG 
Parking Codes, how to obtain a virtual permit, or other questions please contact 
Parking Services at the following locations: 
 
Parking Services 
(706) 864-1697 – Dahlonega, Blue Ridge, and Cumming 
(678) 717-3914 – Gainesville or Oconee 
 
For additional parking information, please refer to the Auxiliary Parking Services 
Vehicle Registration page. 

 
 
Page | 83 
 
 
 
 
6.0 
STAFF DEVELOPMENT 
 
6.1 Performance Reviews 
 
University of North Georgia has established a system of performance evaluations for all 
exempt and non-exempt faculty, staff and administrative employees. All shall be evaluated 
based on the merits of their performance and qualifications. These evaluations may be 
used for making decisions regarding transfer, promotion, demotion, retention, 
supervisory assistance, employee training and development and for consideration in 
salary determination.  
 
All staff are evaluated by the immediate supervisor or department head on an annual 
basis no less frequently than in 12-month intervals. Faculty evaluations are conducted in 
alignment with BOR 8.3.5.1 and the Faculty Annual Evaluation Policy referenced within 
UNG Faculty Handbook 7.1. 
 
 
6.2 Training and Development Programs 
 
The University recognizes that training and development programs improve individual 
and organizational performance and help the University achieve its overall institutional 
goals. Employees should develop, with their supervisors, plans to enhance skills and 
prepare for continually evolving responsibilities in their positions. 
 
Since professional development is part of all employees' performance expectations, 
supervisors should plan for and allow release time from work for training programs 
determined to be mutually beneficial for employees and the University. Such release time 
should be granted to employees in a fair and equitable manner, regardless of experience, 
educational background, or job title. 
 
7.0 
INTERNAL PROBLEM RESOLUTION 
 
7.1 Problem Resolution 
 
Employees are encouraged to participate in an informal resolution process. The informal 
resolution process may be utilized by consulting with an employee’s supervisor, 
Employee Assistance Program (EAP), and the University’s Ombudsperson. For info on 
Faculty procedures see the Faculty Resources Tab within the Academic Affairs website. If 
any of these processes are not successful, or the employee feels the matter needs to be 
escalated, the employee may initiate a formal complaint through Human Resources. (See 
Section 1.0.5) 

 
 
Page | 84 
 
 
 
  
8.0 
EMPLOYEE PERFORMANCE AND CONDUCT 
 
8.1 Performance Evaluation and Development Planning  
 
The primary purpose of performance evaluation and development planning is employee 
development through structured interaction between manager and employee. The program 
is designed to maximize quality of performance at UNG by measuring performance, 
creating development plans, and providing a basis for salary recommendations under the 
UNG merit pay policy. This program is applicable to all regular non-faculty and regular 
non-teaching faculty employees at UNG. An accurate job description should always be 
used as the basis for performance evaluations. Evaluations and development plans must be 
specific and meaningful for both the employee and his or her manager, who share the 
responsibility for a successful process. The UNG Performance Evaluation Form should be 
used by the evaluator in evaluating his/her direct staff. 
8.2 Performance Evaluation Process 
 
The job performance of each University of North Georgia staff member should be 
appraised: 
 
 During the provisional period 6 month (180 days) for new University employees;  
and 
 Once a year for all employees outside of their provisional period. Graduate 
Assistants, Student Assistants and Student Workers are excluded. 
 
 
The Evaluation Process: 
 
A. During the month of February (or within 30 days after hire for employees hired 
after February), each manager should meet individually and privately with each 
of his or her employees. During this meeting, the manager and employee 
discuss the employee’s job responsibilities and what levels of performance will 
be expected for the year. The manager provides to the employee a copy of the 
employee’s Job Description (if the employee does not have a copy) and review 
elements the annual performance evaluation. Expected performance should be 
specific and consistent with the Department’s current strategic plan. 
B. At the end of the performance period (typically during the month of February), 
managers evaluate each of their employees on their performance during the 
previous calendar year, utilizing multiple sources of performance data including 
manager observations, solicited and unsolicited peer evaluations, and comments 
from colleagues and associates. Evaluation information is input into the 
OneUSG ePerformance system by both the supervisor and employee, and 
should be reviewed and discussed by both parties. Annual evaluations become 
part of an  employee’s personnel file.  

 
 
Page | 85 
 
 
 
C. If another manager supervised the employee for a significant part of the period 
of evaluation, input from that manager should be obtained and utilized in 
preparing the evaluation. 
D. If the overall performance rating is “unsatisfactory” the employee must 
participate in a Performance Improvement Plan. 
E. If the current manager has not supervised the employee for at least 90 days, the 
performance evaluation should be accomplished by the second-level manager or 
by the previous UNG manager. 
F. Senior administrators may be evaluated on an academic year basis (instead of a 
calendar year basis) if their managers wish to do so. In those cases, performance 
evaluations and development planning should be held in July or August. 
 
Performance evaluations are conducted annually through the OneUSG platform and will 
be announced by Human Resources along with training opportunities for completion. 
 
Employees have 30 days from the date of signature on the evaluation to include any 
comments with the evaluation. 
 
8.2.1 Interim Evaluation 
 
Supervisors are encouraged to give continuous and ongoing feedback to 
employees as it relates to their performance. Supervisors are also encouraged to 
conduct at least one interim performance evaluation during the evaluation period. 
This evaluation does not have to be formal but should provide feedback to 
recognize and reinforce positive performance, to identify areas needing 
improvement and to develop an improvement plan when necessary. 
 
The annual performance evaluation should not be the first and only time each 
year that an employee hears feedback on his/her performance. 
 
8.3 Conduct Guidelines 
 
CODE OF CONDUCT 
 
As a University of North Georgia employee, you are expected to demonstrate 
reasonable effort and productivity as well as adhere to published rules and 
regulations and to accept customs and standards of courtesy, conduct, and 
cooperation. The following are examples of actions which are unacceptable to the 
University, and which may result in disciplinary action or discharge. This is not to 
be considered an all-inclusive list: 
 
• 
Failure or being unfit to perform assigned duties. 
• 
Commission/Conviction of a felony or crime involving moral turpitude. 
• 
Bringing discredit to the University. 

 
 
Page | 86 
 
 
 
• 
Insubordination. 
• 
Negligence. 
• 
Falsifying records, reports, or information. 
• 
Theft. 
• 
Misuse of telephone or computer services. 
• 
Intoxication or drinking on the job. 
• 
Failure to report an absence or reason for an absence. 
• 
Taking unauthorized leave. 
• 
Habitual absence or tardiness. 
• 
Discourteous or disruptive behavior. 
• 
Unauthorized absence from assigned work area. 
• 
Interfering with the work performance of another employee. 
• 
Wasting materials. 
• 
Willfully damaging equipment or property. 
• 
Willfully violating safety regulations. 
• 
Gambling. 
• 
Sleeping while on duty. 
• 
Using or selling drugs on university premises. 
• 
Job Abandonment. 
• 
Willfully violating law or policy prohibiting discrimination. 
• 
Any other misconduct interfering with performance of duties. 
• 
Violation of University procurement card or purchasing policies. 
 
8.3.1 Job Abandonment 
 
When an employee does not report to work for three consecutive, scheduled 
workdays and does not communicate with the department as to his/her 
whereabouts or intentions regarding the job, the employee may be terminated for 
job abandonment.  
 
8.3.2 Personal Appearance 
 
University of North Georgia is a varying environment, and it is difficult for the 
university to have one uniform dress code. However, University of North Georgia 
is a professional organization with an elevated level of visibility in the 
community. Discretion in style of dress and behavior is essential to the efficient 
operation of the University. Employees are, therefore, required to dress in 
appropriate attire and to behave in a professional, business-like manner. 
Questions about appropriate attire and behavior may be directed to the 
employee’s supervisor. 
 
8.3.3 Work Environment Appearance 
 

 
 
Page | 87 
 
 
 
Employees are required to keep their work environments clean and orderly and 
all equipment in good working condition. 
 
8.4 Progressive Discipline 
 
The Progressive Discipline process is designed to be constructive and corrective 
while promoting employee success. It gives employees the information necessary 
to understand aspects of work performance, attendance and/or behavior that are 
unacceptable, identifies the improvements that are expected and provides the 
opportunity for employees to demonstrate the expected improvements. The goal is 
to improve performance, attendance, or behavior and to assist employees in taking 
ownership in these areas. 
 
It is the responsibility of the employee to adhere to the expectations outlined by 
the supervisor and by the university. 
 
 
It is recommended that all employees be provided an opportunity to go through 
the progressive discipline process; however, there may be circumstances that 
warrant immediate termination. In addition, there is no required number of 
instances that a supervisor must warn or reprimand an employee before 
termination is warranted. 
 
8.4.1 Progressive Discipline Steps 
 
It is recommended that department management document all steps of the 
corrective discipline process as they occur, as well as warnings of further corrective 
action if the unacceptable performance and/or behavior is not corrected. In each 
step, department management is advised to state the next step to be taken if the 
performance does not improve. However, in cases of serious misconduct, the 
employee may be immediately terminated or suspended from the work force. 
 
When an employee's performance or behavior is unsatisfactory, a progressive 
process is strongly advised. The steps involved in the process may include verbal 
discussion, written warning, suspension without pay or termination. Any 
disciplinary step may be omitted depending upon the severity of the incident. It is 
encouraged that supervisors contact Human Resource for assistance with the 
Progressive Discipline process.  
 
Verbal Disciplinary Action 
 
The initial disciplinary action should be verbal whenever possible. The 
discussion should be firm but fair and ensure that the employee clearly 
understands the established standards and expectations with respect to 
the unacceptable performance or behavior. 

 
 
Page | 88 
 
 
 
 
A written record of the date and content of such discussions should be 
maintained by the supervisor. 
 
Written Disciplinary Action 
 
Verbal disciplinary action of an employee that does not result in 
needed improvements, or if the initial situation indicates a need for 
stronger action, the next step is a formal discussion followed by a written 
disciplinary warning to the employee. The written warning outlines the 
undesired behavior, states expectations, and lists consequences if issues 
continue. 
 
Human Resources is available to assist department management with the 
warning letter. Copies of the warning letter should be maintained in the 
appropriate departmental file, and a copy should also be sent to Human 
Resources to be placed in the official employee file. 
 
Suspension Without Pay Action 
 
Suspension without pay follows a verbal or written disciplinary warning 
if the desired results have not been accomplished or in situations where 
the employee’s conduct warrants more serious consequence. The length 
of the suspension should depend upon the facts of each case, (e.g., type 
and severity of the behavior, previous work record of the employee and 
previous disciplinary actions). 
 
The suspension should be clearly explained in a written disciplinary 
warning to the employee and should indicate any consequences of 
further performance, attendance, or behavior issues. Whenever possible, 
Human Resources should be contacted before this action is taken. If it is 
not reasonable to contact Human Resources beforehand, the supervisor 
should contact Human Resources afterwards with detailed information 
and to ensure appropriate adjustments are made regarding pay.  
 
Dismissal Action 
 
Dismissal is advised when, among other reasons, an employee has 
engaged in serious misconduct, or an employee has not corrected 
performance and/or behavior. 
 
Prior to dismissing an employee, department management must review 
the situation and related information with Human Resources and supply 

 
 
Page | 89 
 
 
 
appropriate documentation. 
 
If Human Resources approves the dismissal, it is advised, when possible, 
that the dismissal be communicated both verbally and in writing. The 
written letter of termination should include the reason for termination, 
effective date, applicable information regarding termination from the 
University. Human Resources can provide guidance on composing the 
letter of dismissal. 
 
Information regarding eligibility for rehire may be found through review 
of the USG HRAP -  Eligibility for Rehire.  
 
 

 
 
Page | 90 
 
 
 
 
GLOSSARY OF TERMS 
 
Absenteeism – work time lost when employee does not come to work as scheduled. 
 
Administrators and Administrative Faculty – President; Vice President; Associate Vice 
President; Provost; Associate Provost; Dean; Associate Dean; Librarians. 
 
Allocated Position – an established position funded through the budget process. 
 
Alternative Dispute Resolution - includes dispute resolution processes and techniques that fall 
outside of the government judicial process. 
 
Americans with Disabilities Act – Federal law prohibiting discrimination against a qualified 
individual with a disability; also known as ADA. 
 
Applicant - someone who a) expresses an interest in a position, b) completes the required 
application process, and c) meets the minimum hiring standards for the job; and d) at no point. 
in the selection process prior to receiving an offer of employment, removes himself/herself from 
further consideration or otherwise indicates that he/she is no longer interested in the position. 
 
Base Hourly Rate – the hourly rate corresponding to the annual salary range assigned to an 
employee. 
 
Break in Service - A break in service occurs when an employee has a break in employment 
within the University System of Georgia, State of Georgia Agency and/or any affiliate of either. 
 
 
Budgetary Unit – describes a department, center or an office that has a budget. 
 
Classification – positions that have similar duties and responsibilities are assigned the same 
descriptive title and the same requirements as to education, experience, knowledge, and ability. 
 
COBRA (Consolidated Omnibus Budget Reconciliation Act) – Federal law that provides for 
continuation of group healthcare benefits for former employees and their families. 
 
 
Continuous Service – shall mean service commencing with the employee’s hire date and 
continuing until broken by termination. 
 
Cost-of-Living Adjustment (COLA) – pay adjustment given to employees regardless of their 
performance; usually linked to inflation. 
 
 
Date of First Benefitted Employment – the date used to mark the beginning of regular, 
benefited employment with UNG. This date is used to determine leave accruals. 

 
 
Page | 91 
 
 
 
 
 
Demotion – a decrease in the duties and responsibilities assigned to an employee and a 
downward change in his/her classification and salary range. 
 
Disability Benefits – monthly benefits paid under the Social Security Act to workers and 
eligible dependents or paid through a disability plan offered by UNG. 
 
Employee Right-to-Know Law – Occupational Safety and Health Act (OSHA) standard that 
requires the use of labeling, Material Safety Data Sheets, training, written hazard 
communication programs to inform employees of hazardous chemicals in the workplace. 
 
Employment Date – the date an employee was employed by UNG. 
 
Exempt Employee – An employee that meets the FLSA requirements for exemption to overtime 
pay. 
 
FLSA - Fair Labor Standards Act - regulates employee overtime status, overtime pay, minimum 
wage, record keeping and other administrative concerns and designates which jobs/positions are 
tracked and paid on an hourly basis and those that are paid on a salary basis. 
 
FMLA – Family Medical Leave Act - entitles employees to take up to 26 weeks of unpaid leave 
each rolling 12-month period to care for a family member or because of a serious health 
condition of the employee. 
 
403(b) Plans – financial plan to contribute pretax dollars toward retirement savings allowed to 
employees of certain tax-exempt organizations. University employees may have a 403(b) in 
addition to their required retirement plan. 
 
Full-Time Employee – employee shall perform job duties forty (40) hours per calendar week. 
 
Garnishment of Wages – a creditor obtains a court order requiring an employer to attach an 
employee’s earnings to pay back a debt. 
 
 
Georgia Defined Contribution Plan - created by the 1992 Georgia Law, Act 996 and became 
effective on July 1, 1992; also known as GDCP. The administration and responsibility for the 
GDCP is under the Board of Trustees of the Employees’ Retirement System (ERS). The purpose 
of this law was to provide a retirement system for temporary, seasonal, and part-time employees 
of the State of Georgia who were not eligible for membership in the Employees’ Retirement 
System (ERS) or the Teachers Retirement System (TRS). 
 
Grievance Procedure – a process to resolve employee grievances. 

 
 
Page | 92 
 
 
 
 
Group Term Life Insurance – insurance carried by employers for their employees that provides 
a lump-sum payment to the employee’s beneficiaries. 
 
HIPAA (Health Insurance Portability and Accountability Act) – Act intended to improve 
health-care coverage portability and accessibility. 
 
Holiday – one of 12 specific days identified by University of North Georgia within the calendar 
year as an official day off with pay for regular employees. 
 
Immediate Family - Defined as spouse, parent, brother, sister, child, stepchild, grandparent, 
grandchild, parent-in-law, son-in-law, daughter-in-law, foster parent, legal guardian. 
 
Job Abandonment – Job abandonment is a form of resignation, and the employee may be 
released without application of the policy and procedures on discipline and dismissal. 
 
Job Analysis – a systematic study of jobs to determine what activities and responsibilities they 
include, relative importance and relationship with other jobs, qualifications necessary for 
performance of jobs and conditions under which work is performed. 
 
Job Description – a summary of the most key features of a job, including minimum hiring 
standards, required tasks, knowledge, skills, abilities, and responsibilities. 
 
Job Posting – a public display of current open positions so interested and qualified 
employees may apply. 
 
 
Lateral Transfer - a movement from one position to another at the same pay grade. 
 
Minimum Requirements – minimum level of knowledge (through education or training), skills 
and abilities that are required to perform the essential job functions assigned to a position. 
 
Non-Exempt Employee – a job status established by the FLSA as an hourly waged employee. 
any hours worked over 40 hours must be paid overtime at a rate of time and a half unless the 
staff member prefers compensatory time at the rate of time and a half. 
 
Ombudsperson - A designated neutral party who provides confidential and informal assistance 
for resolving University-related concerns, especially those that are not being adequately 
addressed through usual procedures; the ombuds is independent of the University's formal 
administrative structure and will consider all sides of an issue in an impartial and objective 
manner; the ombuds cannot impose solutions, but will identify options and strategies for 
resolution. 
 
Optional Retirement Plan (ORP) – The Optional Retirement Plan (ORP) of the University 

 
 
Page | 93 
 
 
 
System of Georgia is a legislatively established retirement plan that was enacted in 1990. The 
ORP is a defined contribution plan qualified under the applicable provisions of Code Section 
4.01(a). 
 
Overtime – time worked by a non-exempt employee above the normal forty (40) hour work 
week. 
 
Part-Time Employee – an employee who works less than 40 hours a week. 
 
Performance Evaluation – the process that documents the degree to which an employee 
accomplishes work requirements and performance standards. 
 
Performance Management – the process that provides an opportunity for employees and 
supervisors to discuss development goals and create plans to achieve them. 
 
Performance Standards – expectations of management translated into behaviors and results 
that employees can deliver. 
 
Personal Leave Balance – Unexpended vacation and sick leave as well as compensatory 
time balances that are available to an employee at a given time. 
 
Preferred Qualifications – qualifications that are “ideal” for an applicant to have, but are not 
necessary to perform the essential job functions (or duties assigned to a position). 
 
Progressive Discipline – A process designed to identify employee performance or behavior 
that falls below expectations and to outline constructive and corrective actions to promote 
employee success. 
 
Promotion – an increase in the duties and responsibilities assigned to an employee and an 
upward change in his/her current job classification and salary range. 
 
Provisional Period – the period in which each new employee is required to serve the first six 
months of employment at the University System of Georgia. 
 
Qualifying Event – A qualifying event may necessitate mid-year changes in benefits status or 
enrollment. Examples of qualifying events may include adoption or birth, death of a dependent, 
dependent's loss of full-time student status, divorce, marriage, or job status change for spouse. 
 
Reclassification – a change in the duties and responsibilities assigned to an employee and a 
change in his/her current job classification. 
 
 
Regular Employee – an employee of the University who is hired for continuous service. 

 
 
Page | 94 
 
 
 
 
Resignation - voluntary relinquishment of employment by an employee. 
 
Rolling 12-Month Period – A twelve-month period marked at the beginning by a request for 
leave of absence and ending at the end of the succeeding twelve months. 
 
Service Date – The initial date of hire at University of North Georgia or any other member of the 
University System of Georgia; the employee must have no break in service between 
employments for the service date to carry-forward. 
 
Sexual Harassment – unwelcome sexual advances, requests for sexual favors and other verbal 
or physical conduct of a sexual nature. 
 
Temporary Employee – an employee who is hired for a pre-established period, full-time or 
part-time, and is not eligible for benefits. 
 
 
Termination – end of employment, whether voluntary or for cause. 
 
Transfer - the movement of an employee from one position to another within the University or 
University System of Georgia. 
 
Vesting – process by which retirement benefits become non-forfeitable. The time period to 
which an employee has a right to the employer contributions in a retirement plan. Vesting 
determines the percentage of a retirement account that may be paid out upon termination of 
employment, or upon retirement, and is usually determined by years of eligible employment. 
 
For the TRS defined-benefit plan, a member with at least ten years of creditable service has a 
vested right to a benefit at age 60. If an employee has 10 or more years of creditable service and 
leave a TRS covered position, they will be entitled to a service retirement benefit upon attaining 
age 60 if they have not withdrawn their TRS contributions prior to that time. 
 
For the ORP defined-contribution plan member vesting is immediate. 
 
Workers’ Compensation – state insurance program paid for by employers (UNG); designed to 
protect workers in cases of work-related injuries or diseases related to workers’ employment. 
 
Work Period – The time from the beginning of scheduled work hours until the beginning of 
a scheduled break, or from the end of a scheduled break until the end of scheduled work 
hours."
public,FIT Employee Handbook.pdf,pdf,11,28351,"1 
Copyright © 2025, Office of Human Resource Management and Labor Relations, Fashion Institute of Technology. All Rights Reserved. 
 
 
 
Fashion Institute of Technology 
Employee Handbook 

2 
Copyright © 2025, Office of Human Resource Management and Labor Relations, Fashion Institute of Technology. All Rights Reserved. 
 
A Note to Our Employees: 
This Employee Handbook (“Handbook”) is designed to help you understand the college’s mission, 
policies, procedures, and responsibilities as a Fashion Institute of Technology (“FIT”) employee. 
This Handbook is not an employment contract, nor is it intended to create contractual obligations of any 
kind. Handbook information is only for explanatory and illustrative purposes and does not supersede the 
precise language of FIT’s policies, practices, collective bargaining agreement, or benefit plans. FIT 
reserves the right to modify this Handbook at any time. FIT notifies employees of substantial changes to 
the Handbook or official college policies via FIT email, but employees are ultimately responsible for 
keeping current on all policies, procedures, benefits, and working conditions. 
If you have questions regarding this Handbook, please contact the Office of Human Resources at (212) 
217-3650 or the HR Solutions Center. 
About FIT 
One of New York City’s premier public institutions, FIT is an internationally recognized college for design, 
fashion, art, communications, and business. We’re known for our rigorous, unique, and adaptable 
academic programming, experiential learning opportunities, academic and industry partnerships, and 
commitment to research, innovation, and entrepreneurship. 
While our pedagogical mission is to prepare our students for professional excellence in design and 
business, our broader ethos is to foster creativity, inspire leadership, impart a global perspective, and 
educate students to embrace inclusiveness, commit to sustainability, and engage with community. We 
encourage students, scholars, teachers, and industry colleagues to cross traditional boundaries of both 
geography and disciplines. Together we strive to develop innovative design and strategic business 
solutions that will upend the status quo, create personal and professional opportunity, and have a 
lasting and sustainable global impact. 
● Mission and Vision 
● Civility and Inclusion 
Policies, Procedures, and Enrichment 
FIT Policies 
FIT’s policies connect the college’s mission to the everyday actions of our community, clarify the 
institution's expectations of its individual members, mitigate risk, enhance efficiency, and support FIT’s 
compliance with laws and regulations. As an employee, you will receive email notifications regarding 
how to complete annual required trainings on these topics. 
FIT has established official college policies to govern the conduct of its employees. It is the responsibility 
of every FIT employee to be aware of, and to abide by, existing FIT policies, and to demonstrate 
behavior consistent with FIT’s core values. 
Employees are encouraged to report policy violations, in good faith, to the appropriate entity 
designated by the specific policy in question. Employees are expected to cooperate fully, and in a 
forthcoming, timely, and truthful manner with investigations. Employees who report potential or actual 
violations in good faith, or participate in any investigation, will not be discharged, demoted, suspended, 

3 
Copyright © 2025, Office of Human Resource Management and Labor Relations, Fashion Institute of Technology. All Rights Reserved. 
 
threatened, discriminated against, bullied, or endure any other retaliation based on their participation in 
an investigation. For more information, please review FIT’s Employee Code of Ethical Conduct. 
Employees may maintain awareness of college policies by: 
● Reviewing the specific policies noted in this Employee Handbook 
● Visiting the College Policy Library or the Policies A-Z page for access to all other FIT policies 
● Carefully reading all college-wide policy announcements regarding new or revised college 
policies 
Sexual Harassment 
FIT seeks to create and maintain a safe environment where all members of the community – students, 
faculty, administrators, staff, guests, and visitors – can learn and work free from the fear of sex or 
gender discrimination, as well as sexual misconduct. FIT prohibits sexual misconduct and will promptly 
investigate all allegations of sexual misconduct and take appropriate disciplinary action upon finding a 
violation of the Sexual Misconduct Response policy. 
The college is committed to providing support to victims of sexual misconduct and to providing support 
services and accommodations. FIT also offers education and mandatory training programs intended to 
prevent sexual misconduct (and other types of discrimination and harassment) from occurring in our 
community. 
Nondiscrimination and Anti-Harassment 
FIT is committed to prohibiting discrimination, whether based on age, citizenship status (except as 
required to comply with law), color, creed, disability, ethnic background, familial status, gender, gender 
identity, genetic information, marital status, military service or veteran status, national origin, 
pregnancy (including childbirth and breastfeeding), race, sex, sexual orientation, transgender status, 
unemployment status, an individual’s relationship or association with a member of a protected 
category, a caregiver, or any other criterion prohibited by applicable federal, state, or local laws. 
FIT is also an equal opportunity employer. The college provides members of the campus community who 
believe they have been the subject of discrimination or discriminatory harassment with mechanisms for 
seeking redress and the college strictly prohibits retaliation against individuals who participate in that 
process in good faith. 
Everyone at FIT is expected to adhere to the Nondiscrimination and Anti-Harassment policy, and all 
applicable policies, and to report conduct or behavior they believe to be in violation of college policy. 
Health, Safety, and Security 
The health and safety of our employees, students, and visitors is of utmost importance. You can find 
extensive information regarding safety and security procedures, how to obtain an FIT ID card, as well as 
emergency text notifications in the links below: 
● COVID-19 Information 
● Campus Safety and Security, including how to report incidents 
● Drug and Alcohol Abuse Prevention 
● Employee Assistance Program 
● FIT Campus ID Cards, including usage and procurement 

4 
Copyright © 2025, Office of Human Resource Management and Labor Relations, Fashion Institute of Technology. All Rights Reserved. 
 
● FIT Alert Notification System 
o Set up your FIT Alert Notifications 
● Health Services 
● Studio, Lab, and Classroom Safety 
o Requires MyFIT login  Finance and Administration  Environmental Health and Safety 
 Procedures and Guidelines 
● What to Do in an Emergency at FIT 
Training and Development 
Some training is mandated by law, some may be recommended based upon an employee’s 
responsibilities or office functions, and some are voluntary and for personal and professional growth. FIT 
offers mandatory, annual online compliance trainings each academic year to help employees 
understand relevant laws, regulations, and policies, and how to embody these in their daily work. You 
will receive automated emails that will instruct you to complete required trainings. It is your 
responsibility to complete the mandatory training in a timely manner. Failure to complete mandatory 
training within the appropriate time frame may result in disciplinary or other job-related actions. Per the 
CBA, adjunct classroom faculty, part-time non-credit (CCPS) instructors, and part-time classroom 
assistants shall receive one half (1/2) of their hourly rate for each hour spent attending mandatory 
training. 
In conjunction with your supervisor, you will discuss a plan that identifies opportunities for training and 
development. 
To access your online compliance training dashboard, and view the status of, or complete, any training 
assignments, visit Vector LMS and sign in with your FIT username and password. 
Please click on these links to learn more: Education and Training Programs 
You may also log in to MyFIT to visit the Office of Policy and Compliance pages in the Legal Affairs 
Division, where you’ll find more details on each training, as well as answers to frequently asked training 
questions and information on supplemental live trainings offered by specific departments. 
Expectations for Employee Conduct 
Conduct Resulting in Disciplinary Action 
FIT’s Employee Code of Ethical Conduct (“The Code”) is intended to establish expectations under which 
FIT employees should conduct their college activities and provides guiding principles for ethical conduct. 
FIT policies, including The Code, cannot anticipate every possible situation but provides examples to 
guide employees in their daily decisions and actions. 
In instances of ethical dilemmas where a simple or direct application of The Code isn’t possible, 
employees should seek clarification from the Vice President of Human Resource Management and Labor 
Relations, or the Director of Labor and Employee Relations. 
The following examples of inappropriate employee conduct are not exhaustive and are intended to 
provide context to the principles outlined in The Code, and other college policies. The following conduct 
may generally result in verbal counseling or written warnings; however, egregious, or repeated conduct 
may result in more serious disciplinary charges in accordance with applicable CBA provisions for 
bargaining unit employees. 

5 
Copyright © 2025, Office of Human Resource Management and Labor Relations, Fashion Institute of Technology. All Rights Reserved. 
 
● Job Performance 
o Absence or lateness with no call/no show actions by the employee (it is the employee’s 
responsibility to report absences daily); being late, leaving early, or excessive work 
breaks, without following department guidelines concerning notification of an absence 
or permission; 
o Failing to follow practices as needed for the specific job assignment or neglect of job 
duties; 
o Being absent for three or more days without notification or permission (also referred to 
as a voluntary quit or job abandonment); 
o Demonstrating insubordination, including: 
▪ 
Refusal to do an assigned job 
▪ 
Refusal to work overtime or holiday shifts when required 
▪ 
Disrespectful response to a supervisor/chair's directive 
▪ 
Deliberate delay or failure in carrying out an assignment 
o Failing to comply with licensure and certification requirements; or 
o Disclosing confidential records or information. 
● Behavior 
o Dressing inappropriately or, for non-bargaining employees, disregarding the dress code 
if one is required by the department; 
o Failing to report injuries or damage to or an accident involving college equipment; 
o Contributing to unsafe conditions or violating any safety rule; 
o Engaging in horseplay that results in personal injury or equipment damage; 
o Engaging in vulgar or abusive language or conduct toward others; 
o Treating college faculty, staff, students, and/or visitors in a discourteous, inattentive, or 
unprofessional manner; 
o Creating conflict or behaving in an aggressive, intimidating, or bullying manner; 
o Exhibiting incivility or behaviors incongruent with FIT’s values of tolerance, inclusion, 
compassion, and civility; 
o Fighting, physically or verbally; 
o Engaging in indecent or immoral behavior; 
o Possessing, ingesting, and/or being under the influence of drugs or alcohol on the job; 
o Discrimination, harassment, microaggressions, or sexual misconduct; or 
o Demonstrating gross misconduct or other serious violations of other laws, regulations, 
rules, policies, or procedures not specifically listed. 
 
● Abuse or Misuse of College Resources, and Fraud 
o Using college systems inappropriately; 
o Damaging or using college-owned equipment without authorization; 
o Behaving dishonestly, including deception, fraud, lying, cheating, or theft; 
o Deliberate theft of time, for example abusing lunch and break periods, loafing while on 
duty, or sleeping on the job; 
o Violating timecard procedures; 
o Falsifying company records, such as employment applications and timecards, in any 
way. 
o Sabotaging, or vandalizing the facility, grounds, or equipment of FIT; 
o Utilizing FIT equipment or resources in an inappropriate manner, or where it interferes, 
or appears to interfere, with college business; 

6 
Copyright © 2025, Office of Human Resource Management and Labor Relations, Fashion Institute of Technology. All Rights Reserved. 
 
o Using the college’s computer systems, including accessing confidential computer files 
and data, without authorization, or where it interferes, or appears to interfere, with 
college business or poses security risks; or 
o Violating other laws, regulations, rules, policies, or procedures not specifically listed. 
The Disciplinary Process 
The disciplinary process is determined by the employee group (bargaining unit or non-bargaining) and 
the specific circumstances of the conduct. Verbal counseling, written warnings, suspension, and 
disciplinary charges under section 28.28 of the CBA are followed for all FIT-UCE employees. The Vice 
President for Human Resource Management and Labor Relations, or their designee, will recommend 
appropriate disciplinary action for non-bargaining unit employees, which typically includes verbal 
counseling, written warnings, suspension with or without pay, and/or discharge. 
● Written Warnings 
A written warning may be used for behavior or performance of bargaining unit and non- 
bargaining unit employees that a supervisor/chair considers serious, when verbal coaching has 
not been successful, verified unacceptable behavior is exhibited, or when a performance 
improvement plan has not been successful. 
● Additional Discipline 
If verbal counseling or written warning(s) do not result in successful changes in behavior or 
performance, additional disciplinary action may be taken. This may include suspension with or 
without pay up to and including termination. Determination of appropriate action for bargaining 
unit employees is made in accordance with section 28.28 of the CBA. Determination of 
appropriate action for non-bargaining unit employees is based on progressive disciplinary action 
and is based on the egregiousness of the offense. 
Your Employment at FIT 
Oath of Allegiance 
New York State law mandates all public college employees read and sign the Oath of Allegiance before 
beginning work. 
Helpful Information 
The following links provide important information for all employees. If your position is in the bargaining 
unit, please refer to the FIT-UCE collective bargaining agreement* (“CBA”). If your position is not 
covered by the bargaining unit or a specific employment contract, your employment with FIT is generally 
considered to be at-will. This means your employment is for an indefinite period of time and subject to 
termination by FIT, with or without cause, with or without notice, and at any time. Note: for both 
bargaining and non-bargaining employees, a resignation without sufficient notice could affect your 
separation benefits. 
● New Hire Onboarding 
● Current Employee Information 
● Certificate of Continuous Employment 
● Tenure 
● Working Multiple Jobs at FIT Career Opportunities 
● Performance Evaluations (Non-Bargaining) 
o Note: Bargaining Employees should refer to the CBA 

7 
Copyright © 2025, Office of Human Resource Management and Labor Relations, Fashion Institute of Technology. All Rights Reserved. 
 
● Personnel Records 
● Travel and Reimbursement 
● Visa Sponsorship 
Dress Code 
FIT expects employees to dress appropriately and maintain a positive and professional appearance. 
Employees are expected to demonstrate good judgment. 
Legal Inquiries 
If anyone from a government or regulatory agency seeks information from you, or you receive legal 
inquiries or documents related to a claim or suit against the college or an employee, please direct them 
to the Office of the General Counsel at (212) 217-4030 or OGC@fitnyc.edu. 
Media Inquiries 
Employees and students, other college-affiliated individuals, and all external parties, including media, 
must work directly with Communications and External Relations before planning, approving, or carrying 
out any interactions with the media. Please review the Media Relations policy for detailed protocol. 
Compensation Principles 
Employee Classifications and Salaries 
● Full-time Staff: Regularly work 35 hours per week. 
● Full-time Non-Classroom Faculty, and Classroom Assistants: Regularly work 30 hours per week. 
● Full-time Faculty: Have 12 classroom contact hours per week plus four office hours. 
● Part-time Staff: Work no more than 25 hours per week. 
● Part-time Non-Classroom Faculty and Classroom Assistants: Work no more than 22 hours per 
week. 
● Part-time Classroom Faculty: Maximum teaching hours vary according to date of hire. 
Employment offers are made for specific positions at FIT. Each job title is assigned to a corresponding 
salary schedule which outlines the complete range of pay for that position. Bargaining unit members 
may refer to the CBA for additional details. 
Payroll Information 
Payroll Schedules 
Payroll is directly deposited into your bank account according to the Payroll Schedule.  If you have 
related questions, please call (212) 217-3890 or email payroll_question@fitnyc.edu. 
Timekeeping 
All employees are responsible for reporting their time usage. Full-time employees must report paid time 
off (PTO) on FIT’s Web-based Attendance System. Those who work part-time must submit approved 
time sheets to the Payroll Office in accordance with the payroll schedule posted on MyFIT. 
Union Membership 
Following the United States Supreme Court decision of Janus v. AFSCME (2018), employees may, but are 
not required to, join the union. Where employees in bargaining unit positions do join the union, the 
college shall, to the extent permitted by applicable law, check off UCE dues, VOTE/COPE, Opportunity 

8 
Copyright © 2025, Office of Human Resource Management and Labor Relations, Fashion Institute of Technology. All Rights Reserved. 
 
Plus, and NYSUT Benefit Trust upon submission of a signed authorization to the Payroll. Health and 
Welfare plan benefits are available to all full-time and part-time employees holding a CCE, regardless of 
union membership). Other union benefits are only available to union members. For further information, 
contact the UCE of FIT office, located in the Business and Liberal Arts Center, room B 902. 
The UCE of FIT Welfare Trust Fund 
The UCE of FIT Welfare Trust Fund offers benefits to both full-time and part-time employees with a CCE 
on a contributory basis. You can visit the UCE of FIT Welfare Trust Fund office on-campus in room B-902, 
or contact them by phone at (212)217-3377 for more information. 
Benefits Information 
FIT offers an extensive benefits program for full-time and part-time employees and their eligible 
dependents. Employees should be sure their beneficiary/next of kin information is up-to-date at all 
times and should notify Human Resources in the event changes are needed. If you have questions, 
please submit via the HR Solution Center or call (212) 217-3650. 
Social Security Disability Benefits 
There are circumstances in which disabled employees who are insured under Social Security may 
become eligible for monthly Social Security Disability Income benefits. The eligibility requirements are 
quite detailed and specific. To find out about eligibility requirements or the procedure to apply for 
benefits, visit the Social Security Administration or call (800) 772-1213. 
Consolidated Omnibus Budget Reconciliation Act of 1985 (COBRA) 
COBRA is a federal law that allows for continuation of health care plan coverage that would otherwise 
end due to certain qualifying events. Following a qualifying event, an individual choosing COBRA 
continuation coverage of their health benefits will be at the full cost of the plan plus an additional 2% 
administrative cost. In compliance with federal COBRA law and New York State Continuation Coverage 
law, FIT’s health care plan coverage may be extended for up to 36 months due to termination of 
employment or reduction in work hours. FIT’s health care plan coverage may also be extended under 
COBRA for up to 36 months for an enrolled employee’s covered spouse (and dependents) due to 
divorce, for enrolled dependents due to an employee’s death, or if an enrolled child meets the age 
limitation under a health care plan. In lieu of federal COBRA, a child who loses coverage due to the 
plan’s age limitation may elect the New York State “Age 29” Dependent Coverage Extension (Young 
Adult Option) for up to 36 months and which has a different cost and different eligibility requirements 
than COBRA. 
The Office of Human Resources and Labor Relations is responsible for notifying enrollees in an FIT health 
care plan of their COBRA and New York State Continuation Coverage rights. In the case of divorce, it is 
the responsibility of the employee to notify Human Resources within 60 days of the event. In the case of 
a child meeting a plan’s age limitation, the employee must notify Human Resources within 30 days of 
the event. For questions related to continuation coverage please contact (212) 217-3670. 
Unemployment Insurance 
When an employee’s work relationship with FIT has ended, they may be eligible to receive 
unemployment insurance benefits if they meet requirements established by the New York State 
Unemployment Insurance Division (“NYSUID”). To determine a former employee’s eligibility for benefits, 

9 
Copyright © 2025, Office of Human Resource Management and Labor Relations, Fashion Institute of Technology. All Rights Reserved. 
 
the NYSUID requires the college to provide specified information on that person, including details 
surrounding the employee’s termination. More information about unemployment insurance is available 
on the NYSUID Web site. 
Attendance, Leave, and Reporting 
This section of the Employee Handbook provides you with detailed information on attendance, leave, 
and reporting. For Payroll and FLSA purposes, the FIT work week is defined as Sunday 12am to Saturday 
11:59pm. 
● Employee Holiday and Work Schedule Calendar 
● Family and Medical Leave (FMLA) 
● New York State Paid Family Leave (only auxiliary employees may be eligible) 
● Annual Leave/Excused Absences with Pay 
Absence and Tardiness 
FIT expects all employees to maintain an acceptable level of attendance and punctuality. Arriving at 
work on time reflects a commitment to achieving the goals of the college. Moreover, excessive 
absences, tardiness, or the failure to notify the college in a timely manner of either, can disrupt planned 
activities and place unfair burdens on those who must absorb the added workload left by an absent or 
tardy colleague. Excessive absence and lateness, or failure to abide by the absence notification 
procedure outlined below, may result in disciplinary action. 
Absence Notification 
If you are going to be absent without prior approval, it is essential you contact your supervisor as soon 
as possible. In the event your supervisor is unavailable, you should contact their designee. 
Time Banks 
It is the employee’s and supervisor’s responsibility to check time banks to assure there is enough time 
available to cover future absences before submitting and approving time via the Web-based Attendance 
System. Overuse of certain time banks may result in a deduction from pay. 
Vacation Requests 
You should submit a request for vacation time to your supervisor as far in advance as possible. Vacation 
requests given without sufficient notice may be denied based on operational needs. Please see the 
current CBA for deadlines for submitting requests. 
Separation from Employment 
There are several ways in which an employee may separate from FIT, including retirement, resignation, 
termination, etc. The information below discusses related processes and benefit options. It also 
discusses related issues in the event of an employee’s death. 
Retirement from FIT 
Certain age, employment service, and retirement plan participation requirements must be met in order 
to qualify for retirement from FIT. Employees must meet one of the criteria in section A below and also 
must meet the criteria in section B at the time they request to retire. 

10 
Copyright © 2025, Office of Human Resource Management and Labor Relations, Fashion Institute of Technology. All Rights Reserved. 
 
Section A: 
● Attainment of age of 55 years and 
o Full-time employees - 10 years of full-time service; or 
o Part-time employees - 20 fall and/ or spring semesters of part-time service. 
Section B: 
● The employee has certified in writing to the College that he or she either has applied to 
receive a benefit under an approved FIT-offered retirement plan or has been determined by 
the retirement plan to be entitled to receive such a benefit. 
If the required criteria are met, a Sick-Bank Payment equal to the current value of one-half of the 
accrued but unused days in the employee’s sick bank, up to 100 days will be paid upon retirement. 
Full-time employees who qualify for retirement may otherwise request a pre-retirement leave (“Travia 
Leave”) equal to one-half of the accrued but unused days in their sick bank, to a maximum of 100 days, 
in lieu of receiving a Sick Bank Payment. Full-time employees may qualify for other benefits including, 
but not limited to, retiree health care coverage through the New York City Health Benefits Program and 
retiree Welfare Fund benefits coverage if additional criteria are met. 
Because retirement benefits are specific to each employee’s situation with many details, you are 
strongly encouraged to speak to a benefits representative in advance. Please contact 
hr_benefit@fitnyc.edu for additional information. 
Re-employment 
Employees who leave the college through voluntary resignation and are in good standing related to 
performance expectations and other conditions of employment are eligible to apply for employment in 
the future. Those who are terminated for cause will not be considered for re-employment. 
Surrendering ID and FIT property 
Employees separating from FIT must surrender their Photo-Identification card(s), keys, and any other FIT 
owned property including, but not limited to, laptops, tablets, or mobile devices. 
Other Resources 
Academics 
● 
Academic Advisement Center 
● 
Academic Skills (Tutoring) Center 
● 
Barnes & Noble at FIT 
● 
Career and Internship Center 
● 
Center for Excellence in Teaching (CET) 
● 
Gladys Marcus Library 
● 
Global FIT 
● 
Library Services for Faculty 
● 
Writing & Speaking Studio 
Administrative 
● 
Administrative Offices 
● 
Asset Management 
● 
Banner 

11 
Copyright © 2025, Office of Human Resource Management and Labor Relations, Fashion Institute of Technology. All Rights Reserved. 
 
● 
Communications & External Relations 
● 
Department of Public Safety 
● 
FIT Phone Directory Search 
● 
FIT Associate Stores (including discounts) 
● 
Information Technology 
● 
Institutional Research & Effectiveness 
● 
Office of Faculty Services 
● 
Office of Grants & Sponsored Programs 
● 
Print FX/Graphics 
● 
Print Shop Request 
Campus and External Events 
● 
Campus Directory 
● 
Development & Alumni Services 
● 
Dining Services 
● 
Facilities 
● 
The Museum at FIT 
● 
Visitor Registration 
● 
25 Live (Event Space Reservation) 
Students 
● 
Admissions (Undergraduate) 
● 
Athletics and Recreation 
● 
Care Team 
● 
Dean of Students 
● 
Counseling Center 
● 
Disability Support Services 
● 
Financial Aid 
● 
Health Services 
● 
Internship Studies 
● 
Office of International Programs (Study Abroad) 
● 
Office of International Student Services 
● 
Online Learning and Academic Technologies 
● 
Registration 
● 
Residential Life 
● 
Student Clubs and Activities 
● 
Student Life"
public,Guidance on Web Accessibility and the ADA.pdf,pdf,7,15117,"Guidance on Web Accessibility and the ADA 
 
This guidance describes how state and local governments and businesses open to the public can 
make sure that their websites are accessible to people with disabilities as required by the 
Americans with Disabilities Act (ADA).   
+Learn more about businesses’ and state and local governments’ ADA responsibilities.   
 
Why Website Accessibility Matters 
 
Inaccessible web content means that people with disabilities are denied equal access to 
information.  An inaccessible website can exclude people just as much as steps at an entrance 
to a physical location.  Ensuring web accessibility for people with disabilities is a priority for 
the Department of Justice.  In recent years, a multitude of services have moved online and 
people rely on websites like never before for all aspects of daily living.  For example, 
accessing voting information, finding up-to-date health and safety resources, and looking up 
mass transit schedules and fare information increasingly depend on having access to 
websites. 
People with disabilities navigate the web in a variety of ways.  People who are blind may use 
screen readers, which are devices that speak the text that appears on a screen.  People who are 
deaf or hard of hearing may use captioning.  And people whose disabilities affect their ability to 
grasp and use a mouse may use voice recognition software to control their computers and other 
devices with verbal commands.   
The ways that websites are designed and set up can create unnecessary barriers that make it 
difficult or impossible for people with disabilities to use websites, just as physical barriers like 
steps can prevent some people with disabilities from entering a building.  These barriers on the 
web keep people with disabilities from accessing information and programs that businesses and 
state and local governments make available to the public online.  But these barriers can be 
prevented or removed so that websites are accessible to people with disabilities. 
 
 

 
Examples of Website Accessibility Barriers 
 
• 
Poor color contrast.  People with limited vision or color blindness cannot read text if 
there is not enough contrast between the text and background (for example, light gray 
text on a light-colored background). 
• 
Use of color alone to give information.  People who are color-blind may not have 
access to information when that information is conveyed using only color cues because 
they cannot distinguish certain colors from others.  Also, screen readers do not tell the 
user the color of text on a screen, so a person who is blind would not be able to know 
that color is meant to convey certain information (for example, using red text alone to 
show which fields are required on a form).  
• 
Lack of text alternatives (“alt text”) on images.  People who are blind will not be able 
to understand the content and purpose of images, such as pictures, illustrations, and 
charts, when no text alternative is provided.  Text alternatives convey the purpose of an 
image, including pictures, illustrations, charts, etc. 
• 
No captions on videos.  People with hearing disabilities may not be able to understand 
information communicated in a video if the video does not have captions.  
• 
Inaccessible online forms.  People with disabilities may not be able to fill out, 
understand, and accurately submit forms without things like: 
o Labels that screen readers can convey to their users (such as text that reads 
“credit card number” where that number should be entered); 
o Clear instructions; and 
o Error indicators (such as alerts telling the user a form field is missing or incorrect).  
• 
Mouse-only navigation (lack of keyboard navigation).  People with disabilities who 
cannot use a mouse or trackpad will not be able to access web content if they cannot 
navigate a website using a keyboard. 
 
When the ADA Requires Web Content to be Accessible  
 
The Americans with Disabilities Act applies to state and local governments (Title II) 
and businesses that are open to the public (Title III). 

 
State and local governments (Title II) 
Title II of the ADA prohibits discrimination against people with disabilities in all services, 
programs, and activities of state and local governments.  State and local governments must take 
steps to ensure that their communications with people with disabilities are as effective as their 
communications with others.   Many state and local government services, programs, and 
activities are now being offered on the web.  These include, for example, things like: 
• 
Applying for an absentee ballot; 
• 
Paying tickets or fees; 
• 
Filing a police report; 
• 
Attending a virtual town meeting; 
• 
Filing tax documents; 
• 
Registering for school or school programs; and 
• 
Applying for state benefits programs.  
A website with inaccessible features can limit the ability of people with disabilities to access a 
public entity’s programs, services and activities available through that website—for example, 
online registration for classes at a community college.  
For these reasons, the Department has consistently taken the position that the 
ADA’s requirements apply to all the services, programs, or activities of state and 
local governments, including those offered on the web.  
Businesses that are open to the public (Title III) 
Title III prohibits discrimination against people with disabilities by businesses open to the public 
(also referred to as “public accommodations” under the ADA). The ADA requires that businesses 
open to the public provide full and equal enjoyment of their goods, services, facilities, privileges, 
advantages, or accommodations to people with disabilities.  Businesses open to the public must 
take steps to provide appropriate communication aids and services (often called “auxiliary aids 
and services”) where necessary to make sure they effectively communicate with individuals with 
disabilities.  For example, communication aids and services can include interpreters, notetakers, 
captions, or assistive listening devices.  Examples of businesses open to the public: 
• 
Retail stores and other sales or retail establishments; 
• 
Banks; 
• 
Hotels, inns, and motels; 
• 
Hospitals and medical offices; 
• 
Food and drink establishments; and 
• 
Auditoriums, theaters, and sports arenas.  

 
A website with inaccessible features can limit the ability of people with disabilities to access a 
public accommodation’s goods, services, and privileges available through that website—for 
example, a veterans’ service organization event registration form.  
For these reasons, the Department has consistently taken the position that the 
ADA’s requirements apply to all the goods, services, privileges, or activities 
offered by public accommodations, including those offered on the web. 
 
How to Make Web Content Accessible to People with 
Disabilities 
 
Businesses and state and local governments have flexibility in how they comply 
with the ADA’s general requirements of nondiscrimination and effective 
communication.  But they must comply with the ADA’s requirements. 
The Department of Justice does not have a regulation setting out detailed standards , but the 
Department’s longstanding interpretation of the general nondiscrimination and effective 
communication provisions applies to web accessibility.1   
Businesses and state and local governments can currently choose how they will ensure that the 
programs, services, and goods they provide online are accessible to people with disabilities.   
Existing technical standards provide helpful guidance concerning how to ensure accessibility of 
website features.  These include the Web Content Accessibility Guidelines (WCAG) and the 
Section 508 Standards, which the federal government uses for its own websites.  Check out the 
resources section for more references. 
Even though businesses and state and local governments have flexibility in how 
they comply with the ADA’s general requirements of nondiscrimation and 
effective communication, they still must ensure that the programs, services, and 
goods that they provide to the public—including those provided online—are 
accessible to people with disabilities.   
                                                     
1 See 42 U.S.C. §§ 12132, 12182(a); 28 C.F.R. §§ 35.130, 35.160(a), 36.201, 36.303(c). 

 
 
Businesses and state and local governments should consider a variety of website features when 
ensuring that their websites are accessible.  The resources section has links to organizations that 
explain how to make websites accessible.  Examples of what businesses should do to make 
websites accessible include (but are not limited to) the following practices: 
• 
Color contrast in text.  Sufficient color contrast between the text and the background 
allows people with limited vision or color blindness to read text that uses color.  
• 
Text cues when using color in text.  When using text color to provide information (such as 
red text to indicate required form fields), including text cues is important for people who 
cannot perceive the color.  For example, include the word “required” in addition to red text 
for required form fields. 
• 
Text alternatives (“alt text”) in images.  Text alternatives convey the purpose of an 
image, including pictures, illustrations, charts, etc.  Text alternatives are used by people who 
do not see the image, such as people who are blind and use screen readers to hear the alt 
text read out loud.  To be useful, the text should be short and descriptive. 
• 
Video captions.  Videos can be made accessible by including synchronized captions that 
are accurate and identify any speakers in the video.   
• 
Online forms.  Labels, keyboard access, and clear instructions are important for forms to be 
accessible.  Labels allow people who are blind and using screen readers to understand what 
to do with each form field, such as by explaining what information goes in each box of a job 
application form.  It is also important to make sure that people who are using screen 
readers are automatically informed when they enter a form field incorrectly.  This includes 
clearly identifying what the error is and how to resolve it (such as an automatic alert telling 
the user that a date was entered in the wrong format).  
• 
Text size and zoom capability.  People with vision disabilities may need to be able to use 
a browser’s zoom capabilities to increase the size of the font so they can see things more 
clearly.   
• 
Headings.  When sections of a website are separated by visual headings, building those 
headings into the website’s layout when designing the page allows people who are blind to 
use them to navigate and understand the layout of the page.  
• 
Keyboard and mouse navigation.  Keyboard access means users with disabilities can 
navigate web content using keystrokes, rather than a mouse.  
• 
Reporting accessibility issues.  Websites that provide a way for the public to report 
accessibility problems allow website owners to fix accessibility issues.   
 

 
 
Web Accessibility for People with Disabilities is a Priority 
for the Department of Justice 
 
When Congress enacted the ADA in 1990, it intended for the ADA to keep pace with the rapidly 
changing technology of our times.  Since 1996, the Department of Justice has consistently taken 
the position that the ADA applies to web content.  As the sample cases below show, the 
Department is committed to using its enforcement authority to ensure website accessibility for 
people with disabilities and to ensure that the goods, services, programs, and activities that 
businesses and state and local governments make available to the public are accessible.   
Title II Sample Cases 
• 
Project Civic Access: As part of the Department’s Project Civic Access enforcement 
work, the Department has reached numerous agreements with cities and counties across 
the country that include web accessibility requirements.  For example, City and County of 
Denver, Colorado, City of Jacksonville, Florida, and City of Durham, North Carolina.  
• 
Miami University in Ohio: The Department reached an agreement with Miami 
University in Ohio to resolve the United States’ lawsuit alleging that the university 
discriminated against students with disabilities by providing inaccessible web content 
and learning management systems.  
• 
Nueces County, Texas: The Department reached an agreement with Nueces County, 
Texas, to address claims that the County used an online conference registration form 
that was not accessible to people with disabilities who use software that reads text out 
loud.   
• 
Louisiana Tech: The Department reached an agreement with Louisiana Tech University 
to address claims that the university violated the ADA by using an online learning 
product that was inaccessible to a blind student.  
 
 
 
This is not a complete list of things to consider.  There are many existing resources to help 
businesses and state and local governments with making websites accessible to people with 
disabilities, some of which are included at the end of this document. 

 
Title III Sample Cases 
• 
Rite Aid Corporation: The Department reached an agreement with Rite Aid Corporation 
to address accessibility barriers in Rite Aid’s COVID-19 Vaccine Registration Portal.  
• 
Teachers Test Prep, Inc.: The Department reached an agreement with Teachers Test 
Prep, Inc., regarding complaints that the test prep company’s online video courses did 
not provide captions and were inaccessible to people who are deaf.  
• 
HRB Digital and HRB Tax Group (H&R Block): The Department reached an agreement 
with H&R Block to address claims that the company failed to code its website so that 
individuals with disabilities could use assistive technology such as screen reader 
software, refreshable Braille displays, keyboard navigation, and captioning.  
• 
Peapod: The Department reached an agreement with Peapod to address claims that its 
online grocery delivery services were not accessible to some individuals with disabilities.  
Resources 
 
• 
18F Accessibility Guide: a comprehensive accessibility guide with resources published by 
18F, a digital services agency under the General Services Administration (GSA).   
• 
Digital.gov: this site, which is part of the Technology Transformation Services at the GSA, 
has resources on design of products, devices, services, or environments for people with 
disabilities.  
• 
Section 508 Information and Communication Technology Accessibility Standards: 
standards published by the U.S. Access Board addressing access to information and 
communication technology under Section 508 of the Rehabilitation Act of 1973.  
• 
Section508.gov: a website published by the GSA with tools and training on implementing 
website accessibility requirements under Section 508.  
• 
Web Content Accessibility Guidelines (WCAG): guidelines published by the Web 
Accessibility Initiative of the World Wide Web Consortium."
public,no.-1-purchasing-policy.pdf,pdf,58,138642,"June 2023 
 
 
 
 
 
 
 
 
 
 
 
City of South San Francisco 
Administrative Instruction Section IV: Purchasing 
Policies and Procedures 

Administrative Instruction Section IV: Purchasing Policies and Procedures 
Section 1 – Purchasing Policies and Procedures Overview 
 
 
 
1 
Table of Contents 
Section 1 – Purchasing Policies and Procedures Overview ....................... 4 
1.1 Purchasing Policies and Procedures Overview .............................. 4 
Section 2 – Code of Conduct ............................................................................ 5 
2.1 Code of Conduct Overview ............................................................... 5 
2.2 Conflict of Interest ............................................................................... 5 
2.3 Gifts and Gratuities ............................................................................. 5 
2.4 Conduct with Vendors ....................................................................... 6 
2.5 Accountability for Policy Violations ................................................. 6 
Section 3 – Purchasing System Authorities and Responsibilities ............ 7 
3.1 Decentralized Purchasing System Overview .................................. 7 
3.2 Categories of Purchases ...................................................................... 7 
3.3 Authority to Approve Purchases ...................................................... 8 
3.4 Responsibilities of Finance Director ............................................... 10 
3.5 Responsibilities of Department Heads ........................................... 10 
3.6 Responsibilities of City Staff ............................................................ 10 
3.7 Authorized and Unauthorized Purchases ..................................... 11 
Governing Law and Reference Documents ....................................... 12 
Section 4 – Competitive Procurement Requirements ............................... 13 
4.1 Competitive Procurement Requirements Overview .................... 13 
4.2 Competitive Procurement Principles and Policy Requirements 13 
4.3 Selecting the Appropriate Procurement Method ......................... 13 
4.4 Goods or Services- Competitive Procurement Process Steps ..... 14 
4.5 Goods or Services- Competitive Procurements Approaches ...... 14 
4.6 Goods or Services- Purchase Transactions $10,000 or Less ......... 17 
4.7 Goods or Services- Purchase Transactions Greater Than $10,000 
But Less Than $50,000 ............................................................................. 17 
1. 
Purchases Between $10,001 and $25,000. ............................ 17 
2. 
Purchases Between $25,001 and $50,000. ............................ 18 
4.8 Goods or services- Formal Open Market Procurement 
Procedures ................................................................................................ 18 
4.9 Public Projects (Including Capital Improvement Projects) ......... 19 
1. 
Contracts of $60,000 or Less. ................................................ 19 
2. 
Contracts Between $60,001 and $200,000. .......................... 19 
3. 
Contracts greater than $200,000. ......................................... 19 
4.10 Key State and Federal Requirements ........................................... 19 

Administrative Instruction Section IV: Purchasing Policies and Procedures 
Section 1 – Purchasing Policies and Procedures Overview 
 
 
 
2 
1. 
Prevailing Wage Requirements. ........................................... 20 
2. 
Purchases Using Federal Grant Funds…………………….19                           
3.          Public Works Projects…………..…………………………..220 
4.     
Single Source Procurements………………………………..21 
5. 
Sole Source Procurements…………………………………..21 
6. 
Procurements Utilizing Cooperative Purchase Programs….21 
4.11 Competitive Bidding/Procurement Exemptions ........................ 20 
1. 
Enumerated Bid Exemptions. ............................................... 20 
2. 
Emergency Procurements. .................................................... 21 
3. 
Single Source Procurements. ................................................ 21 
4. 
Sole Source Procurements. ................................................... 22 
5. 
Procurements Utilizing Cooperative Purchase Programs.  ... 22 
6. 
Use of Piggybacking Contracts for Goods and Services……23 
 7. 
Bid Exemption Requirements………………………………23 
               Governing Law(s) and Reference Documents .................... 24 
Section 5 – Contract Procedures and Requirements .................................. 25 
5.1 Contract Requirements Overview .................................................. 25 
5.2 Contract Preparation ........................................................................ 28 
5.3 Contract Award Authorities ............................................................ 28 
5.4 Contract Signature Routing ............................................................. 28 
5.6 Contract Management and Modifications ..................................... 28 
Governing Law(s) and Reference Documents ................................... 29 
Section 6 – Procurement Risk Management ............................................... 31 
6.1 Procurement Risk Management Overview ................................... 31 
6.2 Insurance Requirements ................................................................... 31 
6.3 Insurance Waivers ............................................................................. 33 
6.4 Limiting City Liability ...................................................................... 33 
6.5 Purchase Order Approval Required............................................... 33 
Governing Laws and Reference Documents ...................................... 34 
Section 7 – Specification Development ....................................................... 35 
7.1 Specification Development Overview ............................................ 35 
Governing Law(s) and Reference Documents ................................... 36 
Section 8 – Purchasing-related Policies and Programs ............................. 37 
8.1 Special Policies and Programs Overview ...................................... 37 
8.2 Local Vendor Preference .................................................................. 37 
8.3 Health (Wellness) Resolution .......................................................... 37 
8.4 Environmentally Preferable Purchasing Policy ............................ 37 

Administrative Instruction Section IV: Purchasing Policies and Procedures 
Section 1 – Purchasing Policies and Procedures Overview 
 
 
 
3 
8.5 Inventory Management .................................................................... 38 
8.6 Disposal of Surplus Equipment and Supplies .............................. 38 
8.7 Purchases Utilizing Federal Grant Funds ...................................... 39 
Governing Law(s) and Reference Documents ................................... 39 
Section 9 – Glossary of Terms ....................................................................... 40 
9.1 Definitions .......................................................................................... 40 
Reference Material ........................................................................................... 45 
Informal Public Contract Bidding – Public Projects Between $60,001 
and $200,000 ............................................................................................. 45 
Formal Bid Procedures – Public Projects Greater Than $200,000 ..... 47 
Formal Open Market Procedures.......................................................... 51 
Differences Between Open Market and Public Project Bidding ........ 52 
Differences Between Best Value and Lowest Bid Solicitation 
Methods… ......................................................................................... 52 
Policy and procedural reference information to be provided by City 
staff  .......................................................................................................... 53 
Attachments……………………………………………………………..55 
 

Administrative Instruction Section IV: Purchasing Policies and Procedures 
Section 1 – Purchasing Policies and Procedures Overview 
 
 
 
4 
Section 1 – Purchasing Policies and Procedures Overview 
1.1 Purchasing Policies and Procedures Overview 
The purpose of this Administrative Instruction (AI) is to provide concise information for 
procuring goods and services in accordance with state and local law requirements, adopted 
policies and procedures, ethical principles, and best practices. This section of the AI establishes 
the legal requirements of the procurement function within the City organization and establishes 
expectations to safeguard fairness and system integrity.  
1. Legal Requirements. The legal basis for the purchasing system is Chapter 4.04 of the 
Municipal Code (Purchasing System). It defines the purchasing function and prescribes 
various authorities and basic requirements more fully described and referenced herein. 
This AI is not intended to override any provisions of the Municipal Code or of 
applicable state and federal law. The applicable Municipal Code, state or federal law 
shall have control over this AI in the event there is a contradiction between the AI and 
the other authority. 
2. Public Procurement Principles. The following value statements form the ethical basis 
for conducting procurements. 
• Build public confidence in efficient and effective public procurement by: 
 
Simplifying, clarifying, and accurately reflecting laws governing 
procurement; 
 
Establishing uniform policies and procedures throughout the 
organization; and 
 
Providing for increased efficiency, economy, and flexibility in purchasing 
activities and maximizing purchasing power to the best extent. 
• Safeguard the integrity of the decentralized purchasing system to protect 
against waste, fraud and abuse by: 
 
Ensuring the fair and equitable treatment of everyone involved in the 
purchasing system; 
 
Fostering effective, broad-based competition from all segments of the 
supplier community; 
 
Ensuring appropriate public access to bidding and contracting 
information; and 
 
Helping to foster equal opportunities in the policies and practices of 
suppliers and subcontractors wishing to do business with the City. 
 

Administrative Instruction Section IV: Purchasing Policies and Procedures 
Section 2 – Code of Conduct 
 
 
 
5 
Section 2 – Code of Conduct 
2.1 Code of Conduct Overview 
1. All employees are responsible for impartially ensuring fair competitive access to City 
procurement opportunities by responsible suppliers and contractors. 
2. In addition, all employees shall behave in a manner that avoids any impropriety or 
appearance of impropriety to maintain the public’s confidence in the integrity of the 
City’s purchasing system. 
2.2 Conflict of Interest 
1. Employees may not have any direct interest in the selection, award, or administration of 
any contract, including those supported by a federal award or funding if the employee 
has an actual or apparent conflict of interest. Such conflict of interest may nullify or void 
a contract and thus, every employee is responsible for recognizing and reporting 
potential conflict of interest timely. 
2. Such a conflict of interest may arise when the employee has a direct financial interest in 
or would receive a direct material benefit arising from such contract. Employees shall 
not be financially interested in any such contract made by them in their official capacity, 
as such terms are defined in California Government Code Sections 1090 et seq. and 
87100 et seq., and relevant case law. Prohibited interests include interests of immediate 
family members, domestic partners, and their respective employers or prospective 
employers.  
3. Employees shall report any potential or actual conflict of interest to their respective 
Department Head or to the City Attorney as soon as such conflict is discovered. If 
employees are uncertain about whether they have a conflict of interest regarding a 
particular contract, the employee shall consult the City Attorney’s Office as soon as 
practicable. 
4. It is important to note that consultants of a public entity are considered public officials 
under Government Code section 1090 and are subject to the requirements therein and as 
discussed in this Section 2.2 of the AI. The City Attorney’s Office is a resource for 
employees to consult on potential conflict of interest issues with respect to the City’s 
third-party consultants and contractors. 
2.3 Gifts and Gratuities 
1. All employees shall comply with the City’s policies and procedures on accepting gifts 
and donations of equipment, art, money, and other items from the public. It is the City’s 
general policy that, in accordance with specific departmental rules and regulations and 
consistent with the California Government Code and Fair Political Practices 
Commission, employees shall not accept any gift or gratuity from anyone who the City 
does business with, whether in the form of money, things, favors, loans, or promises, 

Administrative Instruction Section IV: Purchasing Policies and Procedures 
Section 2 – Code of Conduct 
 
 
 
6 
that would not be offered or given if the employee were not employed in their official 
position with the City of South San Francisco. The City Clerk’s office guides City 
employees who are required to file Form 700 as part of mandatory reporting requirements.  
2.4 Conduct with Vendors 
1. Conduct with vendors who provide goods or services to the City shall be fair, open and 
transparent. City employees shall: 
a. Refrain from showing favoritism to vendors or being unduly influenced. 
b. Select vendors on the basis of meeting appropriate and fair criteria and in 
accordance with the requirements of this policy. 
2.5 Accountability for Policy Violations 
1. Employees shall abide by and be accountable to the standards of conduct established in 
this section. 
2. Violations of this section may result in disciplinary actions in accordance with City 
personnel policies and procedures.

Administrative Instruction Section IV: Purchasing Policies and Procedures 
Section 3 – Purchasing System Authorities and Responsibilities 
 
 
 
7 
Section 3 – Purchasing System Authorities and Responsibilities 
3.1 Decentralized Purchasing System Overview 
The City has adopted a decentralized purchasing (or procurement) system. This means that for 
most purchases, requesting departments can directly solicit bids or proposals and place orders 
with suppliers, subject to the limitations established in policy and subject to the approval of the 
appropriate award authority. Nothing precludes staff from seeking procurement assistance 
from the Finance Director or designee, or the City Attorney’s Office, especially to clarify 
policies, processes, and procedures. 
In a decentralized purchasing system, it is very important that all employees understand and 
abide by the City’s procurement rules and polices and ensure their fair and consistent 
application. 
In accordance with Section 4.04.030 of the Municipal Code, the City Manager is the City’s 
designated purchasing authority and may delegate certain authorities and functions to 
Department Heads and other employees. As prescribed in Section 2.48.030(d) of the Municipal 
Code the Finance Director has been assigned responsibility for all purchasing functions.  
3.2 Categories of Purchases 
City purchase categories generally consist of the following categories, for which different 
procurement methods may apply (see Section 4 – Competitive Bidding Requirements): 
1. Goods. The purchase of goods consists of materials, equipment and supplies needed by 
any department. 
2. Services. City staff may require contracts for services, which fall into two categories: 
a. General Services. Services rendered such as building/equipment maintenance, and 
machinery/equipment rental, excluding contracts for public projects or professional 
services. 
b. Professional Services. Services provided by a person or firm engaged in a profession 
based on highly specialized and/or technical knowledge or skill, such as attorneys, 
architects, civil engineers, construction managers, physicians, training or educational 
consultants.  
3. Public Projects. Public projects (aka public works projects or capital projects) means, in 
the context for the City, any of the following: (a) Construction, reconstruction, erection, 
alteration, renovation, improvement, demolition, and repair work involving any 
publicly owned, leased, or operated facility; (b) Painting or repainting of any publicly 
owned, leased, or operated facility; and (c) for publicly owned utility systems, the 
construction, erection, improvement, or repair of dams, reservoirs, powerplants, and 
electrical transmission lines of 230,000 volts and higher. Maintenance work, including 
routine recurring, and usual work for the preservation or protection of any publicly 

Administrative Instruction Section IV: Purchasing Policies and Procedures 
Section 3 – Purchasing System Authorities and Responsibilities 
 
 
 
8 
owned or publicly operated facility for its intended purposes; minor repainting; 
resurfacing of streets and highways at less than one inch; and landscape maintenance, 
including mowing, watering, trimming, pruning, planting, replacement of plants, and 
servicing of irrigation and sprinkler systems, are not considered “public works projects” 
but may follow the public projects procurement process outlined in this policy. 
(California Public Contract Code section 22002). 
Determining whether the procurement is considered a public project is important for 
compliance with certain bidding procedures used by the City required by the Public Contract 
Code (PCC) specified in Section 22000 et. seq. If staff is unsure whether the procurement is 
associated with a public project, consult with the City Attorney’s Office to determine which 
bidding requirements apply. (See also Subsection 4.9 Public Projects) 
3.3 Authority to Approve Purchases 
The authority to approve purchases (legally committing City funds by awarding and signing 
contracts) is strictly limited to the list below.  
1. Award Authority. The authority to award contracts is established by dollar threshold 
for each of the following: 
a. City Council. Purchases or contracts for goods, services and public projects of more 
than $150,000 must be awarded by the City Council, except that agreements for 
consultant services for a planning development project with a cost reimbursement 
agreement signed by the developer, and the entire amount of such consulting 
services agreement is paid for in whole with funds deposited by the developer with 
the City rather than by City funds, may be executed by the City Manager regardless 
of amount. 
b. City Manager. Purchases or contracts up to $150,000 may be awarded by the City 
Manager. 
c. Department Heads. Department Heads may authorize purchases and sign contracts 
up to $25,000, as authorized by the City Manager. 
d. Deputy Department Heads. Deputy Department Heads may authorize purchases 
and sign contracts up to $10,000, as authorized by the City Manager. 
2. Authority to Legally Bind City. Unless specifically authorized as specified in this section or 
elsewhere in City policy, staff other than the City Manager, Assistant City Manager, 
Department Heads, and Deputy Department Heads cannot enter into contractual 
arrangements to purchase goods or services or otherwise legally bind the City for such 
purchases. 
3. Delegated Award Authority. As established in Chapter 4.04 (Purchasing System) of the 
Municipal Code, the ability to delegate procurement authority is limited to the City 
Council (as delegated to the City Manager) and the City Manager (as delegated to 
Department Heads or other City employees). 

Administrative Instruction Section IV: Purchasing Policies and Procedures 
Section 3 – Purchasing System Authorities and Responsibilities 
 
 
 
9 
4. Exceptions to Award Authority Enumerated Above. The following two situations 
follow different approval requirements: 
a. Real Property Transactions. All real property acquisitions or real property lease 
contracts with a term of three years of more, regardless of amount, must be 
approved by City Council. 
b. Case-by-case Items Approved in Budget. If an item or service is explicitly listed 
and approved in the annual budget book during the budget adoption process by 
City Council, this may constitute City Council approval. However, this is 
considered on a case-by-case basis, determined by the purchase amount and 
description and only with explicit approval by the City Manager. 
5. Award Authority Determined by Single Transaction. For the purpose of determining 
the appropriate award authority, contract amounts are defined by what constitutes a 
“single” or “one” transaction. This requirement also applies to competitive bidding (the 
estimate of dollar value of the transaction dictates the level of bidding required). Under 
no circumstances shall any transaction or work be split in order to avoid a higher ranked 
award authority or a more stringent competitive procurement requirement.  
a. One-time Purchases. Each discrete, one-time purchase is a single transaction. 
b. Blanket Purchase Orders. A blanket purchase order is a term contract for as-needed 
goods or services, typically for one year, but can also be established for multiple 
years. The contract term covering one or multiple years is considered a single 
transaction for the purposes of competitively bidding and awarding the contract. 
(See also Subsection 5.1.8 Blanket Purchase Orders.) 
Examples: A blanket order in the amount of $10,000 that is issued for vehicle parts 
for a one-year period is a single transaction. Subsequent annual renewals of the 
blanket order are considered separate, single transactions. 
A five-year blanket order for on-call maintenance work in the amount of $35,000 
each year (for a total of $175,000) is considered one transaction and requires Council 
approval. 
c. Work contemplated to be completed as one project or is obviously one set of 
work. If the transaction or work is proposed or needs to be completed in one sitting, 
is evidently embodied in a single project,  or it has already been through a 
competitive procurement process as a single project, then it shall not be split into 
multiple stages or projects in order to utilize a lower ranked award authority or 
competitive process. To illustrate, a street paving project that is proposed to be 
completed in one section of the City may not be split into multiple stages in order to 
avoid competitive bidding requirements as required by state law. As another 
example, if consulting services is needed for a single City project, the service contract 
may not be split into multiple smaller agreements for that project in order to utilize a 
less restrictive approval authority.  

Administrative Instruction Section IV: Purchasing Policies and Procedures 
Section 3 – Purchasing System Authorities and Responsibilities 
 
 
 
10 
d. Contract Amendments. A dollar value increase to an existing contract must be 
added to the original contract and totaled to determine the transaction value. 
Example: The City Manager awards a contract for $125,000 and a $30,000 
amendment is required. The resulting transaction is $155,000, now requiring Council 
approval. 
3.4 Responsibilities of Finance Director 
1. Purchasing Functions. As established in Section 2.48.030(d) of the Municipal Code, the 
Finance Director has responsibility for all purchasing functions. 
3.5 Responsibilities of Department Heads 
1. Departmental Purchasing Functions. In accordance with several sections of Municipal 
Code Chapter 4.04 and this Administrative Instruction, Department Heads have 
authority for certain departmental purchasing functions within the signature authority 
dollar amounts as follows: 
a. Facilitating the fair, efficient and cost-effective purchase and payment of goods, 
services, or public projects in accordance with prescribed procedures. 
b. Preparing and recommending purchasing rules to the City Council. 
c. Prescribing and maintaining purchasing-related forms, bidder’s lists, vendor files, 
submitted bids and price quotes, and other records required for efficient system 
operation. 
d. Supervising the testing, inspection and acceptance of specified goods and services 
performed. 
e. Making emergency purchases as necessary and in accordance with Chapters 4.04 
and 2.72 of the Municipal Code (Emergency Organization). 
f. Recommending the sale or transfer of surplus property deemed to be unsuitable for 
City use. 
g. Participating and/or authorizing cooperative purchases with other governmental 
entities. 
3.6 Responsibilities of City Staff 
1. Responsibilities of all employees. As keepers of the public trust, all City employees are 
required to discharge their duties fairly, impartially and with the highest degree of 
integrity. In support of these concepts as they apply to the purchase of goods and 
services, staff shall: 
a. Clearly identify procurement needs and the availability of funding. 
b. Develop suitable competitive specifications in accordance with Section 7 of this 
policy and other applicable laws or regulations. 
c. Participate in the evaluation of bids and proposals as required. 
d. Obtain required documentation from vendors prior to contract approval. 

Administrative Instruction Section IV: Purchasing Policies and Procedures 
Section 3 – Purchasing System Authorities and Responsibilities 
 
 
 
11 
e. Inspect goods delivered and services performed to determine conformity with 
established requirements and contractual obligations. 
f. Authorize payment for conforming goods and services. 
g. Notify Department Heads of non-conforming goods or services. 
h. Document tangible or intangible value to the City when requisitioning goods or 
services without competition. 
i. 
Recognize that fair and open competition results in better value to the City. 
j. 
Understand and be accountable for the policies and procedures established for 
purchasing goods and services. 
2. Purchasing Liaisons. To facilitate efficient and effective procurement, Department 
Heads may establish purchasing liaisons who function as “extensions of purchasing” in 
their respective work units. In many instances, an Administrative Assistant serves the 
function of a Purchasing Liaison. Purchasing liaisons will: 
a. Act as the primary point of contact with Finance staff. 
b. Serve as the “resident expert” for purchasing/payment policies and procedures. 
c. Facilitate procurement processes as required. 
d. Attend meetings and training sessions with Finance staff as required to collaborate 
and solve problems. 
e. Disseminate purchasing and payment information to others in their work units. 
f. Create purchase requisitions as required. 
g. Monitor contract status as required. 
3. Purchase Requisition Required. Goods and services purchases that will require a 
contract, purchase order, or blanket purchase order, including public capital project 
contracts, must be initiated with a properly documented and approved purchase 
requisition that includes: 
a. Concise description of the purchase and adequate communication of need. 
b. Actual or estimated dollar amount. 
c. Valid charge/project and object number. 
d. Verification of available funding or identification that funding is needed. 
e. Competitive bidding or quotes solicitation documentation with recommended 
vendor selection and appropriate award justification. 
f. 
Bid exemption documentation as required. 
g. Valid certificate of insurance (For service contracts). 
3.7 Authorized and Unauthorized Purchases 
This section defines authorized and unauthorized purchases and establishes that only the 
designated award authorities can authorize purchases. 
1. Authorized Purchases. Purchases are authorized only when the appropriate award 
authority has approved the purchase. Only the City Council, City Manager, Assistant 

Administrative Instruction Section IV: Purchasing Policies and Procedures 
Section 3 – Purchasing System Authorities and Responsibilities 
 
 
 
12 
City Manager, Department Heads and Deputy Department Heads may legally bind the 
City to a purchase. 
2. Unauthorized Purchases. Purchases approved by anyone other than the designated 
award authorities are unauthorized and do not constitute an appropriate charge against 
City funds. Contracts executed by staff, Department Head or the City Manager that 
exceed their respective signature authority are considered null and void with legal and 
logistical implications. The City is under no obligation to pay vendors for unauthorized 
purchases. It is the responsibility of every employee to understand the policy 
requirements, seek advice from the City Attorney where necessary and/or appropriate, 
and avoid unauthorized purchases to the greatest extent possible. 
Important Governing Law and Reference Documents 
1. Public Contract Code Sections 20161, 20162, 20164, 22000 et seq.  
2. Chapters 2.48, 2.72 and 4.04 of the South San Francisco Municipal Code 

Administrative Instruction Section IV: Purchasing Policies and Procedures 
Section 4 – Competitive Procurement Requirements 
 
 
 
13 
Section 4 – Competitive Procurement Requirements  
4.1 Competitive Procurement Requirements Overview 
This section outlines the competitive procurement requirements by dollar threshold, exceptions 
to competitive processes including the use of cooperative purchasing programs, and associated 
procedures to be used by employees who are responsible for procuring goods, services and 
public projects. 
4.2 Competitive Procurement Principles and Policy Requirements 
Competitive procurement procedures shall be conducted in accordance with the following 
requirements: 
• Purchases must be based on competitive procurement processes as required by state 
law, the Municipal Code, or this policy, unless otherwise specifically exempt under a 
legal authority and documented in accordance with this section. 
• The complexity of the procurement process and the applicable requirements increase 
with the dollar value of the procurement. 
• Under no circumstances shall purchases be artificially split to use a more simplified 
process or rely on a lower approval authority, as provided in Subsection 3.3.5.To ensure 
fair and open competition and process integrity, late bids or responses to solicitations 
cannot be accepted unless it can be definitively determined that the late submission was 
solely caused by City staff. 
• Staff must consider purchasing-related policies, procedures and programs outlined 
herein or those required by grant conditions or contract provisions when making 
purchases. These include local vendor preference, health and wellness, environmentally 
preferable purchasing and policies/procedures for procurements using federal grant 
funds (Section 8 – Purchasing-related Policies and Programs). 
4.3 Selecting the Appropriate Procurement Method 
To select an appropriate procurement method, employees shall first determine the category of 
purchase (goods, services, or public projects) and have an estimated cost in mind. Generally 
speaking, the method of competitive procurement is determined by the type of purchase and 
the estimated transaction amount for a single transaction as defined in Subsection 3.3.5. 
1. Goods and services transactions of $10,000 or less. Goods and services $10,000 or less 
may be made without a competitive process, but as best practice, employees should 
engage in some form of “price shopping” to help ensure the best possible value is 
obtained in exchange for public funds.  
2. Goods and services transactions greater than $10,000. Goods and services with an 
estimated value greater than $10,000 in a single transaction must be procured using the 

Administrative Instruction Section IV: Purchasing Policies and Procedures 
Section 4 – Competitive Procurement Requirements 
 
 
 
14 
methods established in the Open Market Procurement Procedures in Subsections 4.7 and 
4.8. 
3. Public projects. Public projects are procured in accordance with the formal or informal 
bidding procedures established in the Uniform Public Construction Cost Accounting 
Act, Section 22000 et. seq., of the California Public Contract Code, as amended from time 
to time.  (See also Subsection 4.9 Public Projects.) 
4. For certain professional services such as architectural, engineering, environmental, land 
surveying, or construction project management, state law specifically requires that such 
services not be awarded solely based on price, but instead based on demonstrated 
competence. (Gov. Code § 4526.) These professional services should generally be 
procured using a “best value” approach rather than based on lowest price.  
4.4 Goods or Services- Competitive Procurement Process Steps 
The process steps outlined below should generally be followed when conducting competitive 
procurement for goods and services. The level of formality changes as the dollar value 
increases. 
1. Conducting market or other research to develop specifications and derive cost estimates. 
2. Preparing the procurement solicitation whether crafting an email to send to prospective 
vendors in conjunction with a small dollar purchase or completing a bidding template 
for a larger procurement. 
3. Advertising the procurement opportunity whether via email, FAX, mail, web (or other 
public) posting or newspaper ad. 
4. Ensuring adequate time for prospective vendors to ask questions (which could include a 
prospective respondents’ conference).  
5. Providing addenda responses to prospective respondents to answer questions that 
materially change the procurement or specification requirements. 
6. Receiving and cataloging procurement responses and holding them in confidence until 
the applicable response deadline has passed. 
7. Evaluate responses to the procurement/solicitation. 
8. Recommending contract award to the appropriate approval authority and moving 
through the contract signature/routing steps and/or obtaining a purchase order. 
4.5 Goods or Services- Competitive Procurement Approaches  
The City’s competitive procurement process for the purchase of goods and services is referred 
to as the “Open Market Procedures”. Depending on the dollar value of the procurement and 
other factors as described in this policy, the City requires its staff to informally obtain quotes, 
follow informal Open Market Procedures, or conduct formal Open Market Procedures.  

Administrative Instruction Section IV: Purchasing Policies and Procedures 
Section 4 – Competitive Procurement Requirements 
 
 
 
15 
Each competitive approach either awards the contract based on the lowest pricing offered 
(“lowest bidder” approach) or on factors in addition to price, i.e., a higher proposed amount can 
be paid (subject to successful negotiation) if the overall value to the City can be justified (the 
“best value” approach). Either way, the respondent must meet City solicitation and 
qualification requirements to demonstrate that they are able to comply with applicable 
requirements and competently provide the goods or services.  
Informal and formal competitive procurement approaches are illustrated as follows:   
• 
Obtaining price quotes. This is the informal “price shopping” process to contact various 
vendors and receive quotes for goods and services offered. The purpose is to review the 
quotes received and ensure that the City is getting the benefit of competitive pricing. In 
reviewing quotes obtained, staff may decide on awarding the contract using the lowest 
bidder or best value approach.  
 
• 
Informal Open Market Procedures. This set of procedures is described in Section 
4.04.080 of the Municipal Code and involves soliciting at least 3 written quotes, or 
written bids using an Invitation for Quotations (IFQ) form, as specified under Section 
4.7.   
• 
Formal Open Market Procedures.  
o Request for Proposals (RFP). This solicitation method is a “best value” approach 
and is used to invite potential consultants and service providers to submit 
proposals for City projects, services or purchases. The City has the ability to 
review proposals and negotiate with the top-ranked consultant to get “best 
value” services or purchases. This approach is most frequently used when the 
City seeks service providers or consultants to engage in substantive, large scale 
projects, and desires the ability to negotiate with the top ranked respondents and 
select a consultant, service provider, or vendor based on expertise and other 
values to the City rather than based on pricing alone.  
o Request for Qualifications (RFQ). This solicitation method is a “best value” 
approach allows more flexibility in request and response than an RFP because it 
asks for potential vendors, service providers and consultants to submit their 
qualifications, instead of specific project or purchase proposals. The City may 
consider the RFQ as a first step in procurement, review the responses received to 
determine top-ranked respondents who demonstrate desirable qualities to the 
City, and issue an RFP to those candidates to ask for further details and 
proposals. Alternatively, the City may begin negotiating with a single responder 
based solely on the RFQ. This approach is most frequently used when the City 
has a substantive, large scale project or service/purchase need, or when the City 
is seeking partnership opportunities with third party entities, and desires to first 
“screen” potential respondents and reserve the option of directly negotiating 
with a candidate or issue a subsequent RFP.  

Administrative Instruction Section IV: Purchasing Policies and Procedures 
Section 4 – Competitive Procurement Requirements 
 
 
 
16 
o Request for Bids (RFB). This solicitation method is a “lowest price” approach 
and is a formal request for prices and dollar values from prospective vendors, 
service providers, or consultants for goods or services. The RFB will contain 
specific qualification and submission requirements and the City’s review of 
responses is confined to determining which bidder meets all requirements of the 
solicitation (called “responsiveness”), has the means to acceptably deliver the 
goods/services (is “responsible”), and offers the lowest bid. The contract would 
be awarded to the lowest responsive and responsible bidder. This approach is 
not to be confused with the “competitive bidding” process used for public works 
projects, which is a separate procurement approach and governed by the 
California Public Contract Code.  
• 
Timing for obtaining quotes or following open market procedures.  
o Generally, City staff will have to determine which of the above competitive 
process applies before making a purchase and signing a contract. When a 
contract has been procured for recurring, on-call, or similar on-site services, the 
term of such contract in general shall be limited to five years maximum. This 
includes Information Technology subscription-based software, maintenance, or 
other recurring services. City staff shall be prepared to let out the contract for 
competitive procurement, including obtaining new quotes or issuing an RFP or 
RFQ, every five years to ensure the City is receiving the most updated 
competitive pricing, service levels and/or updated technology.  
o In narrow special circumstances, such as when the nature of the service procured 
is unique or solely provided by one vendor, the contract term may extend 
beyond five years but City staff shall continue to evaluate every three to five 
years, as appropriate, whether such circumstances have changed and the 
contract should be let out to undergo a competitive process.   
When picking among the above competitive procurement methods, City staff will need to 
consider whether the requirements for a particular good or service be determined with a high 
degree of specificity, whether pricing is the sole consideration for the good or service, or 
whether there are additional qualifications and expertise that the City is seeking to obtain. For 
instance, if the City desires to purchase a large quantity of equipment that can be provided by 
multiple vendors within the State of California without considering the vendors’ particular 
expertise, it is likely that the City will want to focus on pricing alone and a RFB may be 
appropriate. As another example, if the City desires to procure consultant services for the 
preparation and presentation of a master plan document, then the expertise and professional 
skills of the consultant will be important considerations and the City may desire to use an RFP 
or RFQ so that it is able to negotiate based on values other than price.  
Measured use of cooperative purchasing programs and piggyback agreements, which leverage 
volume purchases, secure value pricing, and reduce administrative overhead, is encouraged. 

Administrative Instruction Section IV: Purchasing Policies and Procedures 
Section 4 – Competitive Procurement Requirements 
 
 
 
17 
Finally, each competitive procurement approach may require the preparation of specifications 
for the work, products, goods or services sought by the City. Specifications shall be prepared in 
accordance with Section 7 of this policy.  
 
4.6 Goods or Services- Purchase Transactions $10,000 or Less 
Competitive procurement procedures do not apply to purchases of goods and services 
anticipated to be $10,000 or less. Such purchases may be made by staff with Department Head 
approval without obtaining price quotes. However, staff are encouraged to price shop 
whenever possible to ensure the City is receiving the best value in exchange for public funds. 
1. Purchase Order and Documentation Required. A purchase order will be required 
unless provided otherwise in this policy or other legal authority, which must be 
preceded by a purchase requisition that appropriately identifies the purchase and 
includes all required information (see Subsection 3.6.3 Purchase Requisition Required).  
2. Direct Invoice Payment Request. In situations where the Finance Director or a 
Department Head has authorized a direct purchase without a purchase order, a request 
for payment with appropriate documentation may be made via a direct payment request 
instead of a purchase order. However, these instances are to be limited to urgent or 
emergency situations where public health or safety issues must be immediately 
addressed. A retroactive contract or purchase order may be required to cover the 
purchase thereafter.  
3. Purchasing Cards. (aka “City-issued credit card” or “Cal-Card”) In many instances, 
purchasing cards can be used to buy needed materials and supplies, rather than 
purchase orders. The City has established a purchasing card program through a 
cooperative arrangement with the California Department of General Services CAL-Card 
program. Purchasing cards can be an effective alternative method of making small 
dollar purchases based on operational need. Appropriately authorized purchasing cards 
must be used in strict accordance with the purchasing card program policy.  
4.7 Goods or Services- Purchase Transactions Greater Than $10,000 
But Less than $50,000  
Informal Open Market procedures apply to purchases of goods and services anticipated to be 
more than $10,000 but less than $50,000, and in some cases below this amount if required by 
Department Heads. Public projects follow a different method and cannot be procured through 
Open Market Procedures.  
1. Purchases Between $10,001 and $25,000. Purchases in this estimated price range may be 
made by soliciting at least three written price quotes. Contracts are typically awarded to 
the lowest responsive and responsible respondent, but best value determinations can be 
made on factors in addition to price if the justification is properly documented and in 
the best interest of the City.  

Administrative Instruction Section IV: Purchasing Policies and Procedures 
Section 4 – Competitive Procurement Requirements 
 
 
 
18 
Price quotes must be solicited using the same specifications and due dates/times. Solicitations 
must be made in writing where feasible, preferably by email, to document the request 
for quotations and facilitate efficient approvals when requesting contracts and/or 
purchase orders.  
If at least three quotes are solicited but only one or two quotes are received, then the 
emailed solicitation and any associated vendor responses (to not submit) can be 
included with the requisition to demonstrate that the solicitation requirement was met.  
2. Purchases Between $25,001 and $50,000. Goods and services purchases estimated to cost 
between $25,001 and $50,000 requires solicitation of at least three written price 
quotations using the bid document described below. 
a. Invitation for Quotations (IFQ). Use for procuring goods and/or services between 
$25,001 and $50,000 (or for a lower threshold amount if required by a Department 
Head or the Finance Director). This method can be used for low bid or best value, 
provided that the solicitation document specifies which method is being used and an 
explanation to justify vendor selection is included with the purchase requisition.  
Depending on several factors such as complexity, liability risk or desire for maximum 
competition, informal open market procurement can be conducted in a manner similar to the 
informal bid process used for public construction projects (public projects). (Section 4.04.072 of 
the Municipal Code) (See also Subsection 4.9 Public Projects.) 
4.8 Goods or services- Formal Open Market Procurement Procedures 
Formal open market procedures using sealed bidding methods are required for goods and/or 
services purchases anticipated to be greater than $50,000 as follows: 
1. Purchases Greater Than $50,000. Goods and/or services purchases estimated to be 
greater than $50,000 requires use of the following bid documents depending on whether 
a low bid or best value approach is being utilized: 
a. Invitation for Bids (IFB). Use this for goods and/or services greater than $50,000 that 
will be awarded based on the lowest responsive and responsible bidder. 
Immediately following the close of the bidding period, bids received by the due date 
and time are publicly opened by the project staff contact and read aloud, with the 
apparent low bidder announced.  
b. Request for Proposals (RFP). RFPs greater than $50,000, that are procured through 
the best value method (or in some cases specialized goods or a mix of goods and 
services). RFPs may also be required for professional services less than $50,000 as 
required by Department Heads or the Finance Director.  
c. Request for Qualifications (RFQ). For professional services greater than $50,000 for 
which consultant selection based on demonstrated competence is an overriding 
consideration (also known as Qualifications Based Selection or QBS). RFQs may also 

Administrative Instruction Section IV: Purchasing Policies and Procedures 
Section 4 – Competitive Procurement Requirements 
 
 
 
19 
be required for professional services less than $50,000 or for other goods/services as 
required by Department Heads or the Finance Director. 
2. Formal Open Market Procurement Instructions. Formal open market procurement is 
conducted by issuing an IFB, RFP or RFQ using the sealed bid or proposal methods. 
Public Noticing Required. All formal procurement solicitations described above should 
be publicly noticed by the program manager or designated purchasing liaison for at 
least 14 calendar days prior to the date and time set for receiving bids, either by posting 
a public notice on the bulletin board at City Hall or posting on the City’s website and the 
City’s procurement website, unless a shorter timeframe is warranted.  
Depending on factors such as cost, complexity or necessity for broader bid distribution, 
the bid may be advertised in the newspaper in accordance with established procedures 
used for public projects (see Subsection 4.9 Public Projects). 
4.9 Public Projects (Including Capital Improvement Projects) 
The City has adopted the California Uniform Public Construction Cost Accounting Act 
(CUPCCAA) for formal and informal bidding procedures associated with public projects (See 
Section 22000 et. seq., of the California Public Contract Code and Sections 4.04.070, 4.04.072 and 
4.04.073 of the Municipal Code). This set of state law governs the competitive procurement 
public works projects.   
Competitive bidding requirements apply to public works projects depending on the dollar 
amount initially estimated for the project. These dollar thresholds are set by the CUPCCAA and 
are subject to change. If different from those set forth in this policy, the most current dollar 
threshold under state law shall govern. Currently, such dollar thresholds are: 
1. Contracts of $60,000 or Less. Public projects anticipated to be $60,000 or less can be 
performed by City employees (“force account”) or through a negotiated contract 
without the necessity of competitively bidding. 
2. Contracts Between $60,001 and $200,000. Public projects anticipated to cost between 
$60,001 and $200,000 are competitively bid using the informal procedures and 
requirements under Municipal Code section 4.04.072 (included as Attachment 2 below). 
3. Contracts greater than $200,000. Public projects anticipated to be greater than $200,000 
are competitively bid using formal sealed bid bidding under Municipal Code section 
4.04.072 (included as Attachment 2 below). 
4.10 Key State and Federal Requirements 
When contracting for maintenance work or public construction, staff must ensure contractor 
compliance with California prevailing wage requirements. Additionally, if procurements are 
conducted using federal grant funds, there are certain policy requirements that must be 
followed. These requirements are briefly described below and included in other sections of the 
AI and reference materials as noted. 

Administrative Instruction Section IV: Purchasing Policies and Procedures 
Section 4 – Competitive Procurement Requirements 
 
 
 
20 
1. Prevailing Wage Requirements. The payment of prevailing wages is required for public 
projects and maintenance contracts exceeding $1,000, as defined in Labor Code section 
1720 et seq. Please note that the definition for projects qualifying for prevailing wages is 
broader than that for public works projects requiring bidding. There will be public 
works projects that do not require competitive bidding but require the payment of 
prevailing wages. As such, it is important to verify that prevailing wages are required 
and ensure contractor compliance. Additionally, such public projects/maintenance work 
must follow California Department of Industrial Relations (DIR) contractor registration 
requirements for contractors and their subcontractors for construction contracts greater 
than $25,000 and maintenance contracts greater than $15,000 (see also Subsection 5.1.9 
Key Contracting Prerequisites). 
2. Purchases Using Federal Grant Funds. If a purchase is being made using federal grant 
funds, the competitive bidding thresholds and requirements are established in 
2CFR200.318 to 326 and are adjusted/amended from time to time. The current bid 
threshold amount is $10,000. The federal requirements are contained in the City’s 
Procurement Standards for Federal Awards, accessed here: Section 4.04.080 of the 
Municipal Code. Federally funded procurements must use specific contract templates 
approved by the City Attorney’s Office.  
 
4.11 Competitive Bidding/Procurement Exemptions 
Certain procurements may be exempt from competitive bidding (for public works projects) or 
procurement (for goods and services), such as those specified by law, emergency circumstances, 
or if in the City’s best interests, subject to approval by the appropriate award authority and 
other requirements as specified below. 
1. Enumerated Bid Exemptions. The following enumerated items are examples of 
purchases that may be appropriately justified as exempt from competitive bidding: 
a. Emergency procurements as defined below. 
b. Situations where solicitations of bids or proposals would be unavailing or 
impossible. 
c. Public library collection materials or related items as specified in the Library JPA 
Agreement. 
d. Single or sole source goods or services as defined herein. 
e. Highly specialized equipment (and associated operational costs) where compatibility 
with existing equipment is an overriding consideration. 
f. Procurements funded by grants, donations, or gifts when any special conditions 
require the purchase of particular materials and/or services. 
g. Goods, services, or surplus property obtained from or through agreements with 
other governmental agencies. 
h. Membership dues, conventions, training, travel arrangements, or advertisements in 
magazines, newspapers, or other media. 

Administrative Instruction Section IV: Purchasing Policies and Procedures 
Section 4 – Competitive Procurement Requirements 
 
 
 
21 
i. 
Works of art, entertainment, or performance. 
j. 
Goods procured for resale to the public. 
2. Emergency Procurements. Emergency procurements are defined as purchases 
immediately necessary for the preservation of life or property. Emergency procurements 
required as the result of full or partial activations of the Emergency Organization shall 
be conducted in conjunction with Chapter 2.72 of the Municipal Code (Emergency 
Organization).  
a. Authority and Responsibility. The City Manager or their designee may make or 
authorize others to make emergency procurements, based on sufficient evidence 
of circumstances threatening public health, safety, and welfare where 
procurement is immediately required. In situations where a local emergency has 
been declared by the City Council, the City Manager’s authorization shall be 
subject to requirements established in Chapter 2.72. 
b. Competitive Bidding. In order to obtain reimbursement from federal or state 
agencies for purchases made during declared emergencies, evidence of 
competitive bidding (as practical under the circumstances) is typically required 
and thus City staff should follow competitive bidding procedures to the extent 
feasible or practical. 
c. Public Works Projects. Public Contract Code section 22050 authorizes the City 
to repair or replace a public facility in the case of an emergency (i.e. an 
emergency that requires the immediate expenditure of public money to 
safeguard life, health, property), to take any directly related and immediate 
action required by that emergency, and to procure the necessary equipment, 
services, and supplies for those purposes, without competitive bidding. No 
formal bidding, informal bidding, or price checking is required for these types of 
emergency public works projects. The City Manager may authorize the 
emergency work and procurement (if any) in this situation, but the authorized 
work must be agendized for City Council review within fourteen (14) days and 
also at every regular meeting thereafter. City staff will be responsible for 
following this procedure.  
3. Single Source Procurements. Single source is defined as the selection of a good or 
service that may be available from two or more sources, but there is compelling reason 
to select one particular vendor. For example, purchasing software from a designated 
vendor in San Mateo County in order to maintain compatibility with the current City 
system or operability within a regional system may be considered a single source 
procurement even though several other vendors in a different region offer the software. 
The department contemplating using single source procurement shall be responsible for 
conducting reasonable market research to confirm that a single source purchase is 
necessary and in conformance with this section, and shall provide supporting 
documentation to the City Attorney’s Office to verify that the single source procurement 

Administrative Instruction Section IV: Purchasing Policies and Procedures 
Section 4 – Competitive Procurement Requirements 
 
 
 
22 
is appropriate in accordance with this section. Supporting documentation shall be 
prepared band retained by the requesting department in accordance with the City’s 
records retention schedule.  
4. Sole Source Procurements. Sole source is defined as the selection of a good or service 
that can only be obtained from one supplier or manufacturer because of its specialized, 
proprietary, or unique character. Examples of sole source procurement may include: 
obtaining a unique, specialized item that is only manufactured and sold by one vendor 
in California; or obtaining products to match other products currently in use on a 
particular public improvement that is either completed or under construction. The 
department contemplating using sole source procurement shall be responsible for 
conducting reasonable market research to confirm that a sole source purchase is 
necessary and in conformance with this section, and shall provide supporting 
documentation to the City Attorney’s Office to verify that the sole source procurement is 
appropriate in accordance with this section. Supporting documentation shall be 
prepared band retained by the requesting department in accordance with the City’s 
records retention schedule.  
5. Procurements utilizing Cooperative Purchase Programs 
Use of cooperative purchasing programs is a best procurement practice and is 
encouraged as a way of obtaining goods, public works projects (except those that are 
subject to formal competitive bidding procedures as required by law, Municipal Code or 
this policy), and services by aggregating volume, securing value pricing, and reducing 
administrative overhead. Strategic use of purchasing cooperatives can significantly 
reduce the time and resources needed to competitively bid goods and services contracts, 
resulting in better overall value.  
Sections 4.04.030 and 4.04.040 of the Municipal Code authorize the use of cooperative 
purchasing programs (referenced as “joint purchasing endeavors”) and agreements that 
are competitively bid or negotiated by other governmental agencies. 
Cooperative purchasing programs allow the City to select from a list of prequalified 
bidders selected pursuant to the competitive bidding process established under the 
cooperative purchasing program for the type of project it intends to carry out. One 
example of cooperative purchasing schemes is Joint Powers Authorities that are 
organized consistent with California Government Code section 6500 that allow public 
agencies to jointly exercise cooperative purchasing powers and utilize prequalified 
vendors and contracts from each other.  
a. File Documentation. Cooperative purchasing programs must be based on 
competitively awarded contracts whenever possible, and documentation as to 
the advantage of the cooperative purchase shall be prepared by the requesting 
department. The requesting department shall verify with the City Attorney, in 
writing, that the cooperative purchasing program intended to be utilized was 
made in conformance with California law and this policy. Supporting 

Administrative Instruction Section IV: Purchasing Policies and Procedures 
Section 4 – Competitive Procurement Requirements 
 
 
 
23 
information and documentation, including any participation addendums, must 
be provided to the City Attorney’s office to demonstrate conformance prior to 
initiating the use of piggyback contracts or at the time the proposed contract is 
submitted to the City Attorney for review.  
b. 
Purchasing Cooperatives. There are numerous purchasing cooperatives that 
staff can evaluate for use. Some leading cooperatives include state contracts 
such as California Multiple Award Schedules (CMAS) of the Department of 
General Services (DGS); OMNIA Partners, Public Sector (formerly U.S. 
Communities); Sourcewell (formerly National Joint Partners Alliance); and 
NASPO ValuePoint (formerly WSCA-NASPO, or the Western States 
Contracting Alliance-National Association of State Procurement Officials). 
c. Provided that the above conditions are met, the purchase is approved by the 
appropriate award authority and any associated contracts have been duly 
executed (see Section 5 – Contract Procedures and Requirements), Finance will 
issue a purchase order with the vendor selected by the originating agency which 
incorporates by reference the original solicitation, terms, conditions and prices. 
6. Use of Piggybacking Contracts for Goods and Services. Subject to the appropriate 
approval authority, goods, public works projects (except those that are subject to formal 
competitive bidding procedures as required by law, Municipal Code or this policy) and 
services purchases can be made using the pricing and terms of which have been 
previously established by another public agency. Piggyback differs from cooperative 
purchasing programs in that the piggybacking is confined to one contract with specific 
terms for a particular project that was previously negotiated by another public agency, 
rather than systematic prequalification of various types of vendors, services, goods and 
contractors. Piggybacking contracts must be analyzed and used on a case by case basis 
to ensure that the reliance on terms previously negotiated and used by other public 
agencies conforms with the City’s needs and legal requirements.  
The following requirements apply to piggyback contracts: 
a. The requesting department verifies with the City Attorney, in writing, that all 
purchases or contracts by other governmental agencies were made in 
conformance with California law and this policy. Supporting information and 
documentation must be provided to the City Attorney’s office to demonstrate 
conformance prior to initiating the use of piggyback contracts or at the time the 
proposed contract is submitted to the City Attorney for review.  
b. The parties to the original contract agree to the piggyback. 
c. The contract is for identical or nearly identical goods and/or services. 
d. The original purchase/contract conforms to state law and resulted from 
competitive bidding/proposal procedures substantially similar to those required 
by the City. 

Administrative Instruction Section IV: Purchasing Policies and Procedures 
Section 4 – Competitive Procurement Requirements 
 
 
 
24 
e. The original contract was awarded within one year of the City’s purchase, or 
written justification is provided to support the use of an older solicitation. 
f. The price of the purchase is comparable to that estimated by the requesting 
department. 
7. Bid Exemption Requirements. The following requirements apply to  exempt 
procurements proposed for award: 
a. Negotiations. Unless specified otherwise in this policy, Department Heads or 
designated staff should conduct negotiations as to price, delivery, and terms, 
which may require the submission of cost/price data to determine fair pricing 
and overall value. 
b. Competitive Bidding When Possible. Nothing in this section shall preclude the 
solicitation of competitive bids or proposals when possible or required by law. 
i. Documentation and Approval Required. Goods or services proposed to 
be exempt from a competitive bidding or procurement process must be 
appropriately documented and approved before a transaction can be 
conducted.  Such documentation must be kept with the department’s 
procurement file for audit trail purposes. 
Major Governing Law(s) and Reference Documents 
1. Purchasing Card Program Policy  
2. Informal/Formal Open Market Procurement Procedures  
3. Informal/Formal Public Project Bidding Procedures  
4. Procurement Standards for Federal Awards Policy  
5. Federal Uniform Guidance Requirements, 2CFR200.318 to 326 
6. California Uniform Public Construction Cost Accounting Act (CUPCCAA) 
7. Sections 4.04.072 to 073 and Chapter 2.72 of the South San Francisco Municipal Code 
8. California Department of Industrial Relations (DIR) Contractor Registration 
Requirements 
9. Examples of Cooperative Purchasing Programs: 
a. California Multiple Award Schedules (CMAS)   c.   Sourcewell 
b. OMNIA Partners, Public Sector                             d.  NASPO ValuePoint 

Administrative Instruction Section IV: Purchasing Policies and Procedures 
Section 5 – Contract Procedures and Requirements 
 
 
 
25 
Section 5 – Contract Procedures and Requirements 
5.1 Contract Requirements Overview 
The following section explains the various contracting requirements for making purchases with 
City funds. 
1. Contract Authorization. Purchases are not considered to be authorized unless a contract 
has been approved by the appropriate award authority, duly executed by the City 
Manager, Assistant City Manager, Department Head or authorized Deputy Department 
Head, and/or a purchase order approved by the Finance Department.  
2. Standard Contract Terms and Conditions. Use of the City’s standard contracts (and 
standard terms and conditions for purchase orders) provided by the City Attorney are 
mandatory. Generally, the City’s standard contract form and terms are not negotiable 
nor open to alteration.  
a. 
Changes to Standard City Contract Templates. Proposed changes to the City’s 
standard contract terms and conditions must be reviewed by the City Attorney’s 
Office. Insurance.  Any proposed changes to or waiver of the City’s insurance 
requirements should be consulted with the City Attorney’s Office and must be 
approved by the City’s Risk Manager. 
b. 
Extraneous Terms.  If exhibits are attached to a City contract template, such 
exhibits shall not include extraneous contract terms or conditions from the vendor. 
All such terms must either be rejected or be incorporated into the main body of the 
contract. The City Attorney’s Office is available to assist with reviewing and 
incorporating terms and staff should consult the City Attorney as necessary. 
c. 
Vendor-Provided Agreements. If presented with a vendor-provided agreement, 
staff should first communicate to the vendor that the City’s standard agreement or 
standard terms and conditions for purchase orders should be utilized for the 
transaction. 
3. Written Contract Requirement. Pursuant to Section 4.04.095 of the Municipal Code, 
written contracts are required for all purchases greater than $25,000. It is the City’s 
policy that routine, recurrent, or low-risk purchases of goods and services $25,000 or less 
may be procured using purchase orders with standard terms and conditions. However, 
purchases involving compelling factors such as liability or risk or physical impacts to 
public facilities or property will generally require the use of a written agreement. 
4. City-provided Scope of Work Requirement. Contracts must include well-defined 
scopes of work drafted by staff. The use of consultant or vendor-provided work scopes 
should be minimized to the greatest extent possible and if utilized shall be reviewed and 
approved by City staff. The Scope of work document must contain strictly the details of 
work, goods, or services to be provided and related information such as assigned 

Administrative Instruction Section IV: Purchasing Policies and Procedures 
Section 5 – Contract Procedures and Requirements 
 
 
 
26 
personnel; and may not to include extraneous contract terms or conditions from the 
vendor. 
5. No Contract Splitting. As set forth in Section 3.3.5 above, under no circumstances may 
any contract be split or separated into smaller components to determine the appropriate 
award authority or for any other purpose. 
6. Written Contract Types. The City utilizes several contract templates depending on the 
nature and complexity of the purchase and applicable legal requirements, and are 
prepared by the City Attorney’s Office: 
a. Consulting/Professional Services Agreement. This template is used for consultant 
and professional services that are not public works projects, and are of longer 
duration and higher complexity. Examples include: financial consultants, architects, 
landscape architects, professional engineers and surveyors, and design firms.   
b. Short Form Services Agreement. This template is used for services of limited 
duration and uncomplicated contractual relationships. Examples include: 
maintenance work, recurring small-scale services, or small scale purchase + limited 
onsite services.  
c. Short Form Purchase Agreement. Use this template (instead of or in addition to a 
purchase order) for supply or equipment purchases of higher value/risk where a 
duly executed agreement is preferable to purchase order terms and conditions.  
d. Minor Construction Agreement. This template is used for public projects up to 
$60,000.  
e. Public Works Construction Agreement. This template is used for public projects 
that require formal or informal bidding.  
f. Information Technology-related Agreements. These are used for on-premises or 
hosted technology solutions.  
7. Purchase Orders. Purchase orders are contracts used to make discrete, non-recurring 
purchases of goods and/or services, issued with the City’s standard terms and 
conditions. Depending on the cost and complexity of the purchase, a written agreement 
may be required. Purchase orders are required for most city transactions. 
8. Blanket Purchase Orders. Blanket purchase orders are term contracts, usually 
established for one-year periods for routine, recurring, or as-needed purchases of goods 
and/or services. Blanket purchase orders can be renewed annually according to the 
terms established through competitive bidding or negotiation, or as approved by the 
appropriate award authority. Blanket purchase orders may also be established for multi-
year periods. (See also Subsection 3.3.5.b Blanket Purchase Orders.) 

Administrative Instruction Section IV: Purchasing Policies and Procedures 
Section 5 – Contract Procedures and Requirements 
 
 
 
27 
a. Primary and Backup Suppliers. When establishing blanket purchase orders for 
competitively bid, as-needed goods and/or services, it may be necessary in some 
instances to award contracts to primary and backup suppliers.  
Examples: Materials/supplies needed to make urgent facility or street repairs, i.e., if 
the primary supplier of a low bid item is out of stock and road patching needs to 
occur, then materials may be obtained from the backup supplier. 
Office supply contracts where prices for certain items are available at a lower cost 
from a secondary supplier.  
Such examples must be documented in department procurement files.  
Note: Additional information on establishing blanket purchase orders is shown on 
Process Map 3 – Establishing Blanket Purchase Orders for Goods and/or Services.  
9. Key Contracting Prerequisites. Contractors or vendors conducting business in the City 
or working on City property or in the City’s rights-of-way must be properly licensed, 
insured, and otherwise comply with all applicable legal requirements.  
a. City Requirements. It is incumbent upon designated department staff to obtain all 
required documentation from vendors such as a W-9 form and insurance certificate 
that names the City as an “additional insured” on their insurance policy and 
includes appropriate policy endorsements, as provided by the applicable contract 
term. These requirements must be met before any work can commence. Additional 
detail on insurance requirements can be found in Section 6 – Procurement Risk 
Management. Staff should also notify vendors of the City’s business license 
requirements. 
To comply with the City’s Conflict of Interest Code, agreements for professional 
services must be evaluated to determine whether consultants under contract need to 
file a Statement of Economic Interests (Form 700). Consult with the City Clerk to 
determine filing status. If the consultant is required to file a Form 700, then staff shall 
also check for any potential conflict of interest issues pursuant to Section 2.2 of this 
AI.  
b. State Contractor Registration and Prevailing Wage Compliance Requirements. For 
any contracts where prevailing wages apply, a contract cannot be awarded unless 
the contractor and their subcontractors are registered with the Department of 
Industrial Relations (DIR). Designated department staff must: 
i. Verify current registration status of contractors and their subcontractors by 
obtaining contractor registration numbers and accessing the DIR contractor 
registration search page. All bidding templates include a section for contractors to 
provide their registration information. 
ii. Within 30 days of contract award, complete a PWC-100 form to register their 
awarded project with the DIR (awarding body and project registration 

Administrative Instruction Section IV: Purchasing Policies and Procedures 
Section 5 – Contract Procedures and Requirements 
 
 
 
28 
information). Thereafter, certified payrolls must be monitored to help ensure 
contactor compliance with prevailing wage laws.  
5.2 Contract Preparation 
It is the responsibility of requesting departments to prepare procurement contracts and take the 
lead in negotiating acceptable terms and conditions, with the assistance of the City Attorney’s 
Office and Risk Manager as necessary. 
Note: The steps required for preparing, negotiating, awarding, executing and monitoring 
contracts are detailed in Process Map 1 – Purchases Requiring Signed Contracts. Section 
4.04.095 of the Municipal Code 
5.3 Contract Award Authorities 
Contracts for goods and services purchases must be approved by the appropriate award 
authority established in 3.3 Authority to Approve Purchases. 
5.4 Contract Signature Routing 
To ensure that written contracts are appropriately authorized, the Contract/Agreement 
Approval Form must be completed by the initiating department before a contract is routed for 
signature approval. Written agreements must follow established routing procedures so that all 
contracts are appropriately cataloged and tracked by the City Clerk for records management 
purposes.  Each Contract/Agreement Approval Form must include the procurement method 
followed.  
5.6 Contract Management and Modifications 
Following the signature approval process (and purchase order approval), it is incumbent on 
department staff to monitor contract expenditures, performance targets/payment milestones, 
renewals and changes to insurance, and all terms and conditions. Modifications to written 
contracts (amendments), change orders to purchase orders (whether one-time or blanket 
orders), and change orders to public works construction contracts (consisting of additions or 
reductions in work or materials furnished during a contract term), may be made as detailed 
below. 
1. Initiating Contract Modifications. Departments take the lead on initiating contract 
modifications if the contract is exclusively used by that department. The Finance 
Department will take the lead on modifying contracts established for citywide use. 
2. Contract Amendments. Modifications to existing contracts require approval by the 
appropriate award authority. Changes must be made in writing and signed by the 
contracting parties by utilizing the Contract Amendment templates prepared by the 
City Attorney’s Office. Contract amendments must be routed for signature approval in 
the same manner as an initial contract. 
a. Contract amendments must be made prior to the expiration or termination date 
of the original or then-current contract. It is each department’s responsibility to 

Administrative Instruction Section IV: Purchasing Policies and Procedures 
Section 5 – Contract Procedures and Requirements 
 
 
 
29 
keep record of and track contract terms and expiration/termination dates in order 
to timely prepare and execute amendments as necessary.  
b. If the contract, as amended, only extends the term of the contract, or the scope of 
work/services, then City Council approval is not required. 
c. If the contract, as amended, increases the amount of the contract above the City 
Manager signing authority, the contract amendment must be taken to the City 
Council for approval. 
d.  If the contract, as previously approved by City Council, is above the City 
Manager signing authority, any increase in amount of the contract must be taken 
to City Council for approval, unless City Council provided explicit authority for 
the City Manager to amend the contract amount. (e.g. The City Manager is not 
authorized to add $150,000 on top of a City Council approved agreement without 
explicit authority to do so) 
e. If a contract was previously executed with a contractor and staff desire to extend 
the terms of the contract for additional goods or services, this must be done 
through a contract amendment, not a new contract. A new contract may not be 
executed to avoid City Council approval authority. 
3. Change Orders to Purchase Orders. Purchase orders may be modified through the 
change order process to make changes to pricing, quantities, terms, change account 
codes, etc. Modifications to purchase orders are initiated by a properly documented 
and approved purchasing requisition submitted to Finance. Change orders that 
increase purchase order amounts must be approved by the appropriate award 
authority. 
4. Change Orders to Public Works Contracts. Public Works construction contracts are 
typically recommended for approval with a contingency amount (often 5% to 10% of 
the contract price), so changes can be made to contract quantities for unforeseen 
conditions encountered as work progresses. Both additive and deductive changes can 
be made. Should the need for additional funding exceed a total contract amount 
(including contingency) that was approved by City Council, change orders and 
amendments must be approved by the Council.  
Governing Law(s) and Reference Documents 
1. Standard Contract Templates and Purchase Order Terms and Conditions  
2. Section 4.04.095 of the Municipal Code  
3. Process Map 1 – Purchases Requiring Signed Contracts  
4. South San Francisco Conflict of Interest Code  
5. CA Department of Industrial Relations (DIR) Contractor Registration Information: 
a. DIR contractor registration search page 
b. DIR awarding body and project registration information 
6. Contract/Agreement Approval Form 

Administrative Instruction Section IV: Purchasing Policies and Procedures 
Section 5 – Contract Procedures and Requirements 
 
 
 
30 
7. Short Form – Service Agreement 
8. Short Form – Purchase Agreement 
9. Minor Construction Agreement 

Administrative Instruction Section IV: Purchasing Policies and Procedures 
Section 6 – Procurement Risk Management 
 
 
 
31 
Section 6 – Procurement Risk Management 
6.1 Procurement Risk Management Overview 
Every purchase made by staff carries an element of risk that must be mitigated through the use 
of contract terms and conditions that limit liability exposure and through insurance 
requirements that vendors must meet in order to conduct business with the City. 
6.2 Insurance Requirements 
Many of the City’s purchases require contractors to carry specific insurance coverage levels and 
terms. This is especially true for services that require work on City property and in the rights-
of-way. Most important, contractors must insure the City through their insurance providers.  
1. Insurance Required. The following items represent the instances where insurance is 
typically required. Standard insurance coverage includes commercial general liability 
and property damage, comprehensive auto, workers’ compensation and in many 
instances, professional liability. Insurance requirements are contained in all bidding 
documents and contract templates.  
a. Onsite General Services and Public Projects. Insurance is required for contractors 
(and their subcontractors) and vendors working on City property or in rights-of-
way.  
b. Professional Services. Most professional service contracts require insurance, 
including coverage for professional liability to protect the City from situations 
arising from errors and omissions, i.e., advice that may result in future liability 
resulting from design defects. 
c. Information Technology Agreements. It is important to ensure that insurance 
requirements are addressed for technology solutions that require onsite OR hosted 
support, especially when non-standard agreements are used. Cybersecurity 
insurance may also be required. 
2. Insurance Not Required. Due to the low risk of liability, the following purchases 
represent instances where insurance is typically not required.  
a. Goods Purchases. Most goods purchases do not require vendors to provide 
evidence of insurance coverage, unless there is a services component that requires 
onsite services, such as installation or ongoing maintenance work.  
b. Delivery Services. Delivery providers dropping off goods that are mailed to City 
facilities with no on-site vendor presence are typically not required to meet 
insurance requirements. Determination of whether the City’s insurance 
requirements apply is made by the Risk Manager. 
c. Off-site Services. Services that are provided off-site typically do not require 
insurance coverage. Examples include off-site or online training, repair or other 

Administrative Instruction Section IV: Purchasing Policies and Procedures 
Section 6 – Procurement Risk Management 
 
 
 
32 
routine services performed at a place of business provided when no disassembly 
work is performed by the vendor on-site, i.e., staff perform that function and bring 
the equipment to an off-site location for repair. 
3. Insuring the City. All contractors and vendors (hereinafter, “Contractors”) who must 
meet the City’s insurance requirements must provide/comply with the following: 
a. Insured Certificate Required. An insurance certificate must be provided that 
includes key elements (Sample Certificate of Insurance) 
i. Additional Insured. Insurance certificates must indicate that the City, its 
officials, officers, employees, representatives, agents and volunteers are 
covered as additional insureds for any liability arising from activities 
performed on behalf of contractors. Listing a particular City department on an 
insurance certificate is insufficient. 
ii. Additional Insured Endorsement. It is essential that insurance certificates 
include a policy endorsement that extends the contractor’s coverage to the City. 
The endorsement proves that the contractor’s insurance company has 
acknowledged that a contractual relationship exists and has amended the 
policy to extend coverage to the City. The endorsement must include: 
1. Disclosure of a self-insured retention (SIR) or deductible, and  
2. A special endorsement that preserves the right of the City or 
contractor to pay the SIR as a precondition of the insurer’s liability. 
iii. Coverage Limits. The Risk Manager, in conjunction with the City Attorney’s 
Office, has established minimum coverage limits that all contractors must meet. 
The limits may be adjusted upward or downward depending on project scope 
and potential liability. Standard coverage limits are $2,000,000 per occurrence 
and $5,000,000 in the aggregate. The Risk Manager may consider accepting 
$1,000,000 per occurrence and $2,000,000 in the aggregate for small scale, low 
risk projects.  
iv. Minimum Insurer Requirements. The insurers providing coverage to 
contractors must be authorized to conduct business in California and have 
minimum ratings comparable to A.M. Best A-/VIII. 
4. Verifying Insurance Coverage. The department responsible for the procurement 
facilitates the process of obtaining the insurance certificate and verifying compliance. 
5. Ongoing Insurance Compliance Monitoring. Insurance certificates are customarily 
issued on a policy-year basis and are renewed annually. The insurance renewal dates 
rarely coincide with contract renewal dates, so the insurance coverage must be tracked 
to ensure the City is insured at all times while under contract.  

Administrative Instruction Section IV: Purchasing Policies and Procedures 
Section 6 – Procurement Risk Management 
 
 
 
33 
When renewing annual contracts, the department contact must check insurance 
compliance and note status on the purchase requisition. 
6.3 Insurance Waivers 
There may be limited instances where the City’s insurance requirements can be waived for on-
site service providers. Waiver determinations are made by the Risk Manager, in consultation 
with the City Attorney’s Office as required.  
The decision to grant an insurance waiver is based on a standard industry method of assessing 
liability risk in terms of the likelihood of an adverse effect occurring and whether such an 
occurrence would result in a significant negative impact. The assessment matrix, which can be 
found at Risk Matrix in Attachment 1, should be used as a reference tool when reviewing a 
request to waive the City’s insurance requirements from a vendor. 
1. Total and Partial Waivers. Depending on the circumstances of the procurement, the 
Risk Manager will evaluate waiver requests and determine if all or a portion of the 
City’s requirement can be waived (such as enforcing general liability, but waiving 
workers’ compensation coverage if a business has no employees). Workers’ 
Compensation Exemption Form. 
6.4 Limiting City Liability 
The City’s contract templates and purchase order terms/conditions contain provisions that seek 
to legally protect and limit the liability of the City in the event of contractor default, product 
defects arising within or outside of warranty periods, design defects that lead to accidents and 
injuries, etc. When negotiating new terms of and modifications to a contract, staff should 
preserve these liability protections to the greatest extent possible and consult the City 
Attorney’s Office with any proposed changes to these provisions.  
There are many terms and conditions in City contracts that seek to protect agency interests and 
limit liability exposure. Key examples include: 
• Termination for convenience or due to lack of funding;  
• Ensuring contractors comply with local, state, and federal laws and are appropriately 
licensed, insured and bonded; and 
• Strong indemnification provisions that require contractors and subcontractors to defend 
the City from claims arising from the agreement. Setting the applicable law for the 
contract as the laws of California and governing San Mateo County. 
6.5 Purchase Order Approval Required 
Approval of a purchase order signifies that appropriate insurance coverage has been verified 
and work can commence on City property. 
A purchase order will be approved once it is confirmed that the appropriate insurance 
endorsements are received and/or verified by purchasing liaisons. 

Administrative Instruction Section IV: Purchasing Policies and Procedures 
Section 6 – Procurement Risk Management 
 
 
 
34 
Governing Laws and Reference Documents 
1. Standard Insurance Requirements (Consulting Service Agreement Template)  
2. Sample Insurance Certificate with Endorsements  
3. Risk Matrix  
 
 

Administrative Instruction Section IV: Purchasing Policies and Procedures 
Section 7 – Specification Development 
 
 
 
35 
Section 7 – Specification Development 
7.1 Specification Development Overview 
Specifications define precise requirements for the solicitation of work, goods services, and 
public works. Preparing clear specifications is a critical part of the procurement process. 
1. Definition. A specification is a precise description of the physical characteristics, 
quality, or desired outcomes of a commodity to be procured, which a supplier must be 
able to produce or deliver to be considered for contract award. 
2. Clear Language. Specifications should use plain language that is relevant to and 
understood by the applicable community. 
3. Promote Competition. Good specifications should promote and not unduly restrict 
competition. Use of restrictive specifications must be properly justified in accordance 
with the provisions of this section. 
4. Specification Attributes. There are essentially two types of specifications: design and 
performance. Specifications typically contain elements of design and performance and 
may be viewed as a continuum with each element on opposing ends. 
a. Design Specifications. Design specifications establish the characteristics that a 
commodity must possess, and may include manufacturing details such as 
engineered plans, drawings or blueprints. 
b. Performance Specifications. Performance specifications describe a commodity’s 
desired outcome. 
i. Functional Descriptions or Requirements. Performance specifications may 
utilize functional descriptions of defined tasks or desired results. Functional 
requirements are typically used for solutions such as software systems. 
ii. Brand Name Specifications. Consistent with state law including Public Contract 
Code section 3400, and in areas where the City has standardized a particular 
product such as computers or vehicles, staff may use one brand name 
manufacturer, subject to approval by a Department Head. Brand name 
specifications can be restrictive, limit competition, and can result in increased 
cost. Use of brand name specifications must be carefully evaluated for 
operational efficiency/effectiveness before using them in competitive bid or 
procurement documents. Written justification must be documented through the 
City Attorney’s office before a contract is awarded on Brand name products.  
iii. Brand Name or Approved Equal. Specifications that contain “brand name or 
approved equal” are based on functional equivalency and should be used 
whenever possible to promote competition and reduce pricing or as required by 
state law including Public Contract Code section 3400.  

Administrative Instruction Section IV: Purchasing Policies and Procedures 
Section 7 – Specification Development 
 
 
 
36 
5. Specification Development. Specification development is a critical part of the 
procurement process. In many cases specifications can be highly complex and technical 
and require subject-matter expertise beyond that of City staff. The following steps 
should be considered when developing specifications. 
a. Collaborate. Meet with stakeholders of the procurement or others in the City with 
knowledge/experience writing specifications so that needs are clearly understood 
and captured.  Stakeholder review of the draft specifications can also be helpful from 
a peer review perspective. 
b. Conduct Market Research and Analysis. Research and analysis help inform product 
design and/or performance and create understanding of market and supply chain 
trends. 
c. Contact Other Public Agencies. Other public agencies may have conducted a 
similar procurement and can share information and valuable insight. 
d. Seek Professional Assistance. In some instances, contractors or consultants must be 
engaged to create complex or highly technical specifications. If an outside consultant 
or contractor prepares specifications, they are prohibited from submitting a 
competitive bid or proposal and may also be subject to Government Code section 
1090 provisions and other conflicts of interest issues as described under Section 2.2 
of this AI. Staff should promptly consult with the City Attorney’s office if such issues 
arises. (see also Procurement Standards for Federal Awards).  
Note: NEVER obtain or accept specifications directly from a potential bidder. This will 
give the bidder an unfair competitive advantage, require that the bidder be disqualified, 
and may result in protest actions or legal challenges. 
 
Governing Law(s) and Reference Documents 
1. Best procurement practice guidelines on preparing specifications 
 
 
 
 

Administrative Instruction Section IV: Purchasing Policies and Procedures 
Section 8 – Purchasing-related Policies and Programs 
 
 
 
37 
Section 8 – Purchasing-related Policies and Programs 
8.1 Special Policies and Programs Overview 
Depending on the amount and/or type of purchase, there are several policies and programs that 
must be considered. These include: 
• Local vendor preference, 
• Health (wellness) resolution, 
• Environmentally preferable purchasing policy, 
• Inventory management,  
• Disposal of surplus equipment and supplies, and 
• Purchases utilizing federal grant funds.  
Each is described below. 
8.2 Local Vendor Preference 
Wherever quality and price are equal, it is the preference of the City to contract with local 
qualified vendors for the purchase of required goods and/or services. 
8.3 Health (Wellness) Resolution 
As a Healthy Eating Active Living (HEAL) City, South San Francisco strives to promote health 
and wellness by being a role model to promote healthy beverages and food options at City 
sponsored events. Per City Resolution 69-2013, adopted on July 10, 2013, purchases for these 
events should fall within the Wellness Guidelines established and adopted by Council. (City 
Wellness Guidelines) 
8.4 Environmentally Preferable Purchasing Policy 
City employees shall comply with the City’s Recovered Organic Waste Product Procurement 
Policy (Section 8.27 of Municipal Code) most recently in effect with respect to the following 
procurements:  
• 
Mulch and related purchases for landscaping maintenance, renovation, or construction, 
as practicable;  
• 
Renewable gas;   
• 
Recycled-Content Paper Products and Recycled-Content Printing and Writing Paper; 
and 
• 
Any additional procurements as may be specified in the Recovered Organic Waste 
Product Procurement Policy.  
Additionally, Department Heads are encouraged to increase the use of environmentally 
preferable products and services when financially feasible, and to evaluate opportunities for the 
use of products manufactured with recycled materials. By including environmental 

Administrative Instruction Section IV: Purchasing Policies and Procedures 
Section 8 – Purchasing-related Policies and Programs 
 
 
 
38 
consideration in purchasing decisions, the City can promote practices that safeguard public and 
worker health, conserve natural resources and reward environmentally conscious 
manufacturers, while remaining fiscally responsible.  
Considerations should include the following: 
1. Promote environmentally preferred purchases consistent with the provisions of 
California Public Contract Code Section 12400, et. seq., 
2. Identify environmentally preferred alternatives,  
3. Foster development of recycled products, and 
4. Expand opportunities to conserve natural resources. 
The Procurement Division of the California Department of General Services (DGS), as the lead 
agency for implementing Environmentally Preferable Purchasing (EPP) policies pursuant to the 
Public Contract Code, can be used as a resource for information on best practice EPP policies. 
8.5 Inventory Management 
Each Department Head holds the authority for his or her department to manage inventory, 
supervise the inspection of, and ensure cost-effective use of all supplies and equipment.  
8.6 Disposal of Surplus Equipment and Supplies 
In accordance with Sections 4.04.030 and 4.04.130 of the Municipal Code, policies and 
procedures have been adopted by the City Manager for the disposal of surplus equipment and 
supplies.   
The Finance Department is responsible for the disposal of surplus City property. ""Surplus"" is 
defined as City property that is no longer going to be used by the department that originally 
purchased it. The following procedure outlines the steps to be followed for disposal of surplus 
items including those now being replaced through the use of the New Replacement Fund.  
In order to avoid having surplus items cluttering the work place or piling up in storage areas, 
the following steps should be followed or SSF Administrative Instruction Section III No. 5: 
      1. All surplus items should be temporarily stored in anticipation of pending auction. 
      2. Time permitting, prior to an auction, lists of surplus items maybe compiled and   
circulated to all departments or divisions for possible utilization by department/division 
other than the one where surplus was declared with the exception of vehicles. 
      3. All surplus items transferred from one department/division to another will be recorded 
on the City's capital asset list in a separate category and will not be eligible to be 
replaced again with funds from the ""Replacement Program"". 
      4. Prior to an auction but after circulation of list to departments, items may be disposed of 
by using an appropriate process to an appropriate source. ""Appropriate process"" may 

Administrative Instruction Section IV: Purchasing Policies and Procedures 
Section 8 – Purchasing-related Policies and Programs 
 
 
 
39 
include sealed bids, market price cash sales, or bidding. ""Appropriate source"" may 
include City employees, junk dealers, and scrap metal dealers or charitable 
organizations. A formal bidding process is required when the value of the surplus item 
is $3,000.00 or more (Section 4.04.070 Municipal Code) 
      5.    Surplus items not disposed of by typical auction, maybe offered through alternate 
sources. ""Alternate sources"" may include E-waste events, negotiated price, trade-in value 
toward new purchase or online auction services. 
8.7 Purchases Utilizing Federal Grant Funds 
When purchasing goods and services that utilize federal grant funds, the City is required to 
follow the Uniform Guidance requirements established in the Code of Federal Regulations 
(2CFR Part 200 Subpart A 200.318 to 200.326). These requirements are contained in the 
Procurement Standards for Federal Grant Awards policy.  Use of federal grant funds may 
require additional language in the relevant contract for compliance with federal requirements.  
Any amendment to a contract for use of federal grant funds should be done in consultation with 
the City Attorney’s Office.  
 
Governing Law(s) and Reference Documents 
1. City Wellness Guidelines  
2. California Public Contract Code Section 12400, et. seq. 
3. California Department of General Services Best Practice EPP Policies 
4. Sections 4.04.030 and 4.04.130 of the Municipal Code 
5. Procurement Standards for Federal Awards Policy  
6. Federal Uniform Guidance, 2CFR Part 200 Subpart A 200.318 to 200.326 

Administrative Instruction Section IV: Purchasing Policies and Procedures 
Section 9 – Glossary of Terms 
 
 
 
40 
Section 9 – Glossary of Terms 
9.1 Definitions 
This section defines relevant purchasing terms and terminology in use by the City. 
Additional Insured. An essential requirement (included on an Insurance Certificate) to 
establish that the City and its employees, agents and volunteers are insured for any 
liability arising from activities performed on behalf of contractors working on City 
property. 
Additional Insured Endorsement. An essential component of an Insurance Certificate 
that signifies the insurer has amended a contractor’s insurance policy to extend coverage 
to the City. 
Agreement. A mutual, written understanding between two or more competent parties, 
where one party agrees to perform as defined in the agreement and the other party agrees 
to compensation for the performance rendered in accordance with the agreement 
conditions. Agreement and contract may be used synonymously. 
Amendment. An agreed upon modification to an existing contract. 
Appropriation. Authorization by the City Council to expend budgeted funding for City 
operations and infrastructure, or other designated purposes. 
Award. The acceptance of a bid or proposal; the presentation of a purchase agreement by 
the award authority to a bidder or offeror. 
Award Authority. The governing body or staff person(s) authorized to approve the 
purchase of goods and services on behalf of the City; the staff person(s) authorized to 
approve or execute procurement contracts and otherwise legally bind the City. 
Best Value Procurement. A procurement that is awarded based on factors in addition to 
price. Best-value procurements are mainly conducted through the competitive proposal 
process. 
Bid Addendum. A bid addendum is a document issued to all known participants (“plan 
holders”) in a competitive bid process that makes a change to the bid documents/project 
(i.e., changes to specifications), or process (like a bid due date extension). 
Bid Security. A guarantee (cash, cashier’s check or bid bond) required to be submitted 
with bids or proposals that entitles the City to compensation if the low bidder fails to 
execute a contract.  
Bid Opening. The process by which sealed bids are publicly opened, in the presence of at 
least one witness, at the time and place specified in the invitation for bids. 
Blanket Purchase Order (BPO). A limited-term contract for goods and/or services based 
on unit or guaranteed pricing, typically for one-year renewable periods. BPOs may be 

Administrative Instruction Section IV: Purchasing Policies and Procedures 
Section 9 – Glossary of Terms 
 
 
 
41 
established with indefinite quantities and for multi-year periods, allowing end users 
flexibility to order products when needed, or for on-call services. 
Change Order. A contract modification consisting of additions or reductions in work or 
materials approved by the appropriate award authority. 
Commodity. Goods consisting of supplies, materials and equipment. 
Competitive Bidding. The process of soliciting and obtaining formal and informal bids, 
including price quotations, from competing sources, by which an award is made to the 
lowest responsive and responsible bidder. The term “competitive bidding” is sometimes 
used synonymously with the competitive proposal process. 
Competitive Proposals. The process of soliciting and obtaining formal and informal 
proposals from competing sources, by which an award is made to the proposer whose 
solution provides the best value to the City. The award may be made based on factors in 
addition to price, e.g., a higher price can be paid for goods and/or services if the value can 
be justified. 
Conflict of Interest. A conflict of interest in conjunction with a City purchase is a 
situation where an employee or a member of the employee’s family stands to benefit 
financially from the procurement. 
Contract. See Agreement. 
Cooperative Procurements. A variety of arrangements whereby two or more public 
entities purchase goods and/or services from the same supplier or multiple suppliers 
using a single competitive bid or proposal; the combining of the requirements of two or 
more public entities to leverage the benefits of volume purchases, including 
administrative savings and other demonstrable advantages. 
Formal Sealed Bid. A procurement method for goods and/or services anticipated to be 
greater than $50,000 whereby an Invitation for Bids (IFB) is issued and sealed responses 
are submitted and publicly opened, with a contract awarded to the lowest responsive and 
responsible bidder. 
Formal Sealed Proposal. A procurement method for goods and/or services anticipated to 
be greater than $50,000 whereby a Request for Proposals (RFP) or similar proposal 
document is issued and responses are submitted and reviewed by an evaluation 
committee based on established criteria, with a contract awarded to the responsive and 
responsible proposer whose solution provides the best overall value to the City. 
General Services. Work performed or services rendered by independent contractors 
(excluding public works projects and construction work, including those administered 
through the Public Works Department) such as custodial services; building, equipment 
and other routine maintenance; machinery and equipment rental, and utility services. 
General services are typically associated with operational work and involve physical 
skills.  

Administrative Instruction Section IV: Purchasing Policies and Procedures 
Section 9 – Glossary of Terms 
 
 
 
42 
Goods. Supplies, materials and equipment to be furnished to or used by any department 
of the City, including items purchased by the City and furnished to contractors for use in 
public works projects. 
Informal Bid or Proposal. Competitive bids or proposals anticipated to be $50,000 or less 
conducted under informal procurement procedures. 
Insurance Certificate. The document provided by a contractor/vendor’s insurer that 
incorporates key elements and City requirements to show proof of agency insurance 
coverage by the insurer. 
Invitation for Bids (IFB). The type of bid document typically used in a competitive 
(formal) sealed bidding process. Components include but may not be limited to a bid 
invitation, instructions to bidders, bid schedule(s), terms and conditions, and technical 
specifications. 
Invitation for Quotations (IFQ). The type of bid document used in an informal bid or 
proposal process. 
Lowest Responsive and Responsible Bidder. The bidder to be awarded a contract who 
fully complies with all  bid requirements, whose past performance and financial capacity 
is determined to be acceptable and has offered the lowest price. In accordance with the 
California Public Contract Code, a contract can be awarded to a responsible bidder who 
has provided a responsive bid. Bidder responsibility and responsiveness is also applied to 
best value procurements. 
Open Market Procedures. The competitive bidding procedures used for informal and 
formal goods and/or services purchases. Open market procedures cannot be used for 
public projects. 
Payment Bonds. A type of surety instrument which guarantees that contractors (or 
subcontractors) will pay their subcontractors, material suppliers or laborers for work and 
materials provided. 
Performance Bonds. A type of surety instrument which guarantees that the principal 
contractor will fulfill their contractual obligations under a project. 
Piggybacking. A form of intergovernmental cooperative purchasing whereby the City 
utilizes the contract pricing and terms of another government agency. 
Pre-bid/proposal Conference. A designated meeting during a bidding period for 
contractors to hear about the bidding opportunity and ask process/technical questions. 
The pre-bid/proposal conference can be mandatory depending on the nature of a 
particular project. 
Prevailing Wages. The wage rates, including fringe benefits, paid to a majority of workers 
in a geographic area for the same type of work on similar projects as established by the 
California Department of Industrial Relations. 

Administrative Instruction Section IV: Purchasing Policies and Procedures 
Section 9 – Glossary of Terms 
 
 
 
43 
Professional Services. Services provided by a person or firm engaged in a profession 
based on highly specialized and/or technical knowledge or skill. Some examples include 
accountants, attorneys, artists, architects, design professionals, engineers, and physicians. 
Professional services are most closely associated with consultants who produce reports, 
studies, and plans/specifications. 
Public Works (Projects). The construction, alteration, repair, or improvement of any 
public structure, building, road, or other public improvement of any kind, including 
demolitions, and the construction and installation of drainage systems, lighting and 
signaling systems, sewer and water systems, and parks and recreational facilities. 
Purchase Order. A legally binding contract issued by Finance Department staff to a 
vendor that includes standard terms and conditions that vendors must abide by to 
transact business with the City. 
Purchase Requisition. The document required to be submitted through the financial 
system to complete the procurement process. Purchase requisitions must be properly 
documented by the requesting department and approved by the appropriate authority. 
Qualifications Based Selection (QBS). A process established in state law requiring 
consultant selection to be based on demonstrated competence.  
Request for Proposals (RFP). The solicitation document used to solicit formal competitive 
proposals for goods and/or services from potential providers. 
Request for Qualifications (RFQ). This type of formal solicitation is used in place of or in 
conjunction with an RFP process when qualifications and experience are overriding 
considerations to price. RFQs are most commonly used for architectural and engineering 
services or other highly specialized consultants where QBS processes are utilized for 
consultant selection. 
Responsible Bidder. A bidder is considered responsible if they possess the demonstrated 
ability, capacity, experience and skill to provide the goods and/or services in accordance 
with the City’s requirements; has a record of satisfactory or better performance under 
prior contracts with the City and other entities; and has complied with laws, regulations 
and guidelines governing prior or existing contracts. 
Responsive Bidder. A person or entity who has submitted a bid which conforms in all 
respects to a bid or proposal solicitation. The City may choose to waive minor 
irregularities that does not affect the amount of the bid or gives a bidder an advantage 
over others. 
Single Source. A good or service that may be available from more than one source, but a 
compelling justification can be made to obtain the good or service from one particular 
vendor. 

Administrative Instruction Section IV: Purchasing Policies and Procedures 
Section 9 – Glossary of Terms 
 
 
 
44 
Sole Source. A situation where a good or service can only be obtained from one source 
due to its proprietary or specialized nature, or a situation where product/service 
compatibility is an overriding consideration to price. 
Specification. A precise description of the physical characteristics, quality, or desired 
outcomes of a commodity to be procured, which a supplier must be able to produce or 
deliver to be considered for award of a contract. There are two types of specifications: 
design and performance. 
Surplus Personal Property. Supplies, materials, and equipment that is no longer used or 
has become obsolete, to be sold, exchanged, or donated in accordance with established 
City procedures.  
 
 

Administrative Instruction Section IV: Purchasing Policies and Procedures 
Reference Material 
 
 
 
45 
Reference Material 
Informal Public Contract Bidding – Public Projects Between $60,001 
and $200,000  
The City of South San Francisco has adopted the California Uniform Public Construction Cost 
Accounting Act, Sections 22000 et seq., (Section 4.04.073), which allows the City to have an 
informal bid process for public projects valued between $60,001 and $200,000 that consists of the 
following items: 
1. Create Bidder’s List. Under SSFMC §4.04.071, the City is required to develop and 
maintain a list of contractors, according to categories of work, and in accordance with 
the provisions of Section 22034 of the Public Contract Code and criteria promulgated 
from time to time by the California Uniform Construction Accounting Commission. To 
that end, each November, the Public Works Department invites licensed contractors to 
be added to the City’s bidder’s list, by specialty, for the following calendar year. The 
Department must mail, email, or fax such invitation to the two trade journals listed 
below: 
a. Construction Bidboard (eBidboard) 
Attention: James Moriarty—CEO 
11622 El Camino Real 
San Diego, CA 92130 
Phone (800) 688-0585; fax (619) 688-0585 
email: planroom@ebidboard.com 
b. McGraw-Hill Construction Dodge (formerly F.W. Dodge) 
4300 Beltway Place, Suite 180 
Arlington, TX 76018 
In addition, in accordance with Public Contract Code § 22036, the Department 
must mail (and may also email or fax) such an invitation to two of the five trade 
journals listed below: 
a. Peninsula Builders Exchange 
735 Industrial Road 
San Carlos, CA 99407 
Phone (650) 591-4486; Fax (650) 591-810 
email: tom@constructionplans.org  
b. San Francisco Builders Exchange 
850 South Van Ness Avenue 
San Francisco, CA 94110-1911 
Phone (415) 282-8220; Fax (415) 821-0363 
email: denna@bxosf.com  

Administrative Instruction Section IV: Purchasing Policies and Procedures 
Reference Material 
 
 
 
46 
c. Builders Exchange of Santa Clara County 
400 Reed Street 
Santa Clara, CA 94577 
Phone (510) 483-8880; Fax (510) 352-1509 
email: mm@bxscco.com  
d. Builders Exchange of Alameda County 
P.O. Box 1978, 3055 Alvarado Street 
San Leandro, CA 94577 
Phone (510) 483-8880; Fax (510) 352-1509 
email: spleary@beac.com  
e. Marin Builders Association 
660 Las Gallinas Avenue 
San Rafael, CA 94903 
Phone (415) 462-1220; Fax (415) 462-1225 
email: dave@marinaba.org  
The notice shall require that the contractor provide their name and address to which a 
notice to contractors or proposal should be mailed, their phone number, the type of 
work in which the contractor is interested and currently licensed to do, together with the 
class of the contractor’s license held and contractor license number.  
The Public Works Department must revise their bidders list starting January 1 of each 
year. The department may include any contractor they so desire, but at a minimum, the 
list must include contractors who responded to the November list invitation with the 
required information. It is recommended that contractors who submitted at least one 
valid bid in the preceding year be included on the list. Contractors may be added to the 
list at any time by providing Public Works with the required information 
2. Advertise Bids. Not less than 10 calendar days before bids are due, a notice inviting bids 
shall be mailed or emailed to all contractors on the City’s bidder’s list for the category of 
work to be bid and to the five trade journals listed above, or if the list of journals is 
amended by the California Uniform Construction Cost Accounting Commission 
(“Commission”) pursuant to Section 22036 of the Public Contract Code, then to the trade 
journals otherwise specified. Additional contractors or construction trade journals may 
be notified at the discretion of the department soliciting bids, provided however, that 1) 
if there is no list of qualified contractors for the particular category of work, then the 
notice shall only be sent to the construction trade journals specified by the Commission; 
2) if a product or service is proprietary in nature, such that it can only be obtained from 
one contractor or contractors, then the notice may be sent exclusively to that one 
contractor or contractors.  
 
Generally, the bids should include the following information: 
• General description of the project, 

Administrative Instruction Section IV: Purchasing Policies and Procedures 
Reference Material 
 
 
 
47 
• Method for how to obtain more detailed information about the project, 
• Time and place for submission of bids, 
• Project title and number, 
• Cost range, 
• Who is accepting bids (Project Engineer), 
• Date and time bids are due, 
• Property owner’s address and phone number, 
• Architect’s address and phone number, 
• Brief description of work to be done, 
• Where plans may be obtained/deposit requirements, and 
• Percentage of bid bond/percentage of performance bond/percentage of payment 
bond. 
3. Bidder’s Security. When deemed necessary, a bidder’s security may be required for 
informal public project contracts between $60,001 and $200,000.  
4. Required Information and Forms. Placeholder for City-provided information/ 
requirements such as bid forms/schedules, addenda acknowledgment, non-collusion 
affidavit, contractor/subcontractor license and DIR registration numbers, bidder 
experience requirements, etc. 
5. Selection. Opening of bids and selection of the lowest responsive and responsible 
bidder may be done by the department soliciting bids. The City Manager signs all 
contracts, regardless of amount. Contracts between $60,001--$150,000 may be approved 
by the City Manager. Contracts greater than $150,000 must be brought to the City 
Council for award. 
If the engineer’s reasonable estimate is below $200,000, then informal bid procedures 
may be used. If all bids received exceed $200,000, then the City Council may award the 
contract (with four-fifths vote) up to $212,500 to the lowest responsible bidder.  
 
Formal Bid Procedures – Public Projects Greater Than $200,000  
1. City Council Authorization to Advertise. For public projects greater than $200,000, the 
City Council adopts the plans and specifications and authorizes advertising of the bid. The 
department prepares a staff report to the Council recommending this action by resolution. 
The department should also make sure that there is sufficient budget for the estimated 
contract cost and make plans for obtaining funding for any shortfall. A budget amendment, 
if necessary, can be done at this time or when the Council awards the contract. 
2. Specifications. The department requesting shall prepare the bid specifications based on 
the following: 
a. Quality. In considering and developing specifications, it must always be kept in 
mind that expenditures derived from public sources and administered by public 

Administrative Instruction Section IV: Purchasing Policies and Procedures 
Reference Material 
 
 
 
48 
bodies cannot be expected to provide “deluxe” or luxurious levels of quality. It is, 
therefore, necessary to follow a general policy of purchasing standard grades of 
merchandise that represent an optimum relationship between quality and price. 
b. Adequacy. Bids and quotations must be based on adequate specifications. A lengthy 
specification composed or designed solely for the purpose of eliminating 
competition other than those able to supply a particular brand-name commodity 
should be avoided. An actual brand name should be used only when no other of its 
kind would be equally satisfactory. Specifications should be detailed so as to afford a 
basis for full and fair competitive bidding upon a common standard, and they 
should be free from restrictions that would tend to stifle competition. 
c. Changes. Once an invitation to bid has been mailed, no changes in the specifications 
can be made unless all prospective bidders are so notified by means of an 
amendment. This amendment shall be forwarded to the bidders via ebidboard.com, 
email, or certified mail with return receipt requested. The return receipt request is 
proof of notification and will be filed with the bid. Amendments may be sent via 
facsimile machine when time does not permit mailing. 
3. Notice Inviting Bids. The department requesting the work shall prepare a notice 
inviting bids. Such notice shall include the following information: 
a. A general description of the project, 
b. Where bid blanks and specifications may be secured, and 
c. The time and place for receiving and opening sealed bids. 
To facilitate the bid process, the department requesting the work shall also: 
a. Assign a bid number; 
b. Establish the date for bid openings to be included in the notice inviting bids; and 
c. Reserve a room for the date of bid openings, either a City Hall Large Conference 
Room, or an Annex Conference Room. 
4. Advertise in Newspaper. The department requesting the work shall advertise the bid in 
at least one newspaper of general circulation, printed and published in the City. Usual 
publications are San Mateo County Times and the San Mateo Daily Journal. The San Jose 
Mercury News and San Francisco Chronicle may be used for very large jobs: 
a. The notice inviting bids shall be published at least 14 calendar days before the date 
of opening of the bids. 
b. A letter listing advertising dates of bid and a copy of the Notice Inviting Bids will be 
forwarded to the newspaper for advertising. This letter will be acknowledged by 
signature of newspaper agent and returned to the Engineering Division where it will 
be filed in the corresponding Bid folder. 

Administrative Instruction Section IV: Purchasing Policies and Procedures 
Reference Material 
 
 
 
49 
5. Advertise to Bidder’s List/Trade Journals/City Website. Thirty days before bid 
opening, the department requesting the work shall mail and email invitations to bid to 
the contractors on the City’s bidder’s list created pursuant to SSFMC § 4.04.071 and shall 
mail and email invitations to bid to the five construction trade journals listed under the 
Informal Public Contract bidding instructions. (Section 4.04.072 of the Municipal Code) 
It is recommended that ebidboard.com be used for advertising all bids. Engineering 
Division staff can help publish bids on ebidboard.com. The Invitation for Bids (IFB) 
should include a general description of the project, where bid forms and specifications 
may be secured, and the time and place for receiving and opening sealed bids.  
In addition, the IFB should include the descriptive information suggested in informal 
public contract section (project title and number, cost range, location, etc.). The IFB shall 
also be posted on the City’s website or other website used for bidding on public projects. 
Interested contractors would then contact the Engineering Division to get official bid 
packets.  
6. Cost of Bidding Documents. The department requesting the work will notify the 
Engineering Division of the fee to be charged to recipients of bid packets along with the 
revenue account number to credit. 
7. Bidder’s Security. A bidder’s security (bid bond) is required for formal public project 
bids greater than $200,000. When deemed necessary, bidder’s security may be required 
for informal public project contract bids between $60,001 and $200,000. Bidder’s security 
requirements should be included in the notice inviting bids advertised in any 
newspaper or submitted to any trade journal or sent to contractors on the City’s bidder’s 
list.  
a. Form. Bidder’s security shall be in the form of a bid bond (signed by bidder and 
admitted surety insurer), cashier’s check, certified check, or cash. A personal check is 
not acceptable. A bid shall not be considered unless all of the forms of bidder’s 
security are enclosed with it.  
b. Amount. Bidder’s security shall be in the amount of not less than 10% of the bid 
amount. 
c. Return. The Engineering Division shall retain the bidder's security of the three 
lowest bidders until a contract has been entered into between the City and the 
successful bidder. The department requesting the work will immediately prepare a 
purchase requisition for the contract (with a signed copy of contract forwarded to 
Finance Department via a purchase order requisition), from which the Engineering 
Division may return the successful bidder's security.  
The bidder’s security shall be forfeited if the successful bidder fails to execute the 
contract within 10 days after the notice of award of contract has been mailed. Unless 
the City is responsible for the delay. Upon refusal or failure of successful bidder to 
execute the contract, the City Council may award the bid to the next lowest 

Administrative Instruction Section IV: Purchasing Policies and Procedures 
Reference Material 
 
 
 
50 
responsible bidder. The amount of the lowest bidder’s security shall be applied to 
the difference between the lowest bid and the second lowest bid, and the surplus, if 
any, shall be returned to the lowest bidder. 
8. Required Information and Forms. Placeholder for City-provided information/ 
requirements such as bid forms/schedules, addenda acknowledgment, non-collusion 
affidavit, contractor/subcontractor license and DIR registration numbers, bidder 
experience requirements, etc. 
9. Public Bid Opening. Sealed bids shall be received by the department identified in the 
invitation for bids and shall be identified as bids on the envelope. Bids shall be opened 
at the time and place stated in the public notice.  
10. Public Inquiry/Bid Summary. The project manager is responsible for responding to 
public inquiries regarding general bid information (e.g., telephone calls regarding bid 
information submitted or copies requested) and the project manager shall receive 
technical project inquiries. 
a. Addenda. Responses to prospective bidders shall be in the form of a bid addendum 
issued by the project manager. Issued addenda will be sent to all parties who have 
received bid documents. All such addenda will become part of the bid documents 
and shall be binding on the bidders. Bidders must acknowledge the receipt of all properly 
issued addenda for their bids to be considered responsive.  
A tabulation of all bids received shall be open for public inspection during regular 
business hours for a period of not less than 30 calendar days after the bid opening. 
11. Award of Bid. The department requesting the work will verify the bid amounts (line 
item(s) and total(s)) and examine the package of the apparent lowest bidder. The City 
Council must award the contract to the lowest responsible bidder who has submitted a 
responsive bid. Sufficient budget appropriation must exist for the contract. In its 
discretion, the City Council may reject any and all bids presented and re-advertise for 
bids. 
12. No Bids. If no bids are received, the City Council may award the project by negotiated 
contract. 
13. One Bid. Placeholder for clarification by City. 
14. Tie Bids. If two or more bids are for the same amount or unit price, quality and service 
being equal, and if the public interest will not permit delay of re-advertising for bids, the 
City Council may choose which bid to accept, may accept the lowest bid made by 
negotiation with the tie bidders, or may use a public drawing. 
15. Performance and Payment Bonds. Performance and payment bonds are required before 
entering a contract and the form and amount of the bonds must be described in the 
notice inviting bids. 

Administrative Instruction Section IV: Purchasing Policies and Procedures 
Reference Material 
 
 
 
51 
16. Rejection of Bids. No bid will be accepted for consideration in the following cases: 
a. If it is received after the time and date specified in the bid documents unless the 
delay is due to mishandling by a City employee. Upon receipt of any late bid before 
or after an award, the bid shall be returned unopened to the bidder (by certified 
mail). However, a late bid may be opened for identification purposes. 
b. If the bid does not contain the bidder’s security as requested in the notice and 
invitation to bid. The bidder’s security must be received prior to the time of the 
opening specified in the notice and invitation to bid.  
c. A bid may also be rejected as non-responsive if it does not comply with the 
requirements of the bidding documents. Employees should consult the City 
Attorney’s Office if questions arise as to whether a bid response may be determined 
as non-responsive. 
 
17. Waiver of Minor Irregularities. At the City’s discretion, minor defects or irregularities 
in any bid may be waived, provided that the discrepancy does not: (1) affect the bid 
amount; (2) give the bidder an advantage over other bidders (e.g., give a bidder an 
opportunity to avoid its obligation to perform by withdrawing its bid without forfeiting 
its bid security, i.e., for mistake under Pub Cont C §5103); (3) be a potential vehicle for 
favoritism; (4) influence potential bidders to refrain from bidding; or (5) affect the ability 
to make bid comparisons. The City Attorney’s Office should be consulted in 
determining whether a deviation or defect constitutes a waivable minor irregularity.  
Formal Open Market Procedures 
Formal open market bidding is required for goods and/or services anticipated to exceed $50,000 
using the lowest bid or best value methods. Required information and instructions on preparing 
the formal bidding documents discussed below are included in each bid template. 
1. Lowest Bid. If the requirements for a particular good and/or service can be determined 
with a high degree of specificity, then the purchase should be made using the lowest bid 
method, after first determining that the bidder meets the requirements of the solicitation 
(called “responsiveness”) and has the means to acceptably deliver the goods/services (is 
“responsible.”) 
a. Invitation for Bids (IFB). Use of an IFB is required for formal competitive bidding to 
establish/award contracts based on the lowest responsive and responsible bidder. 
The bidding process steps for IFBs are similar to those required for the formal 
bidding of public projects, with noted exceptions discussed below.  
2. Best Value. If the requirements for a particular good and/or service cannot be 
determined with a high degree of specificity, then a best-value procurement may be 
conducted. This method considers factors in addition to price, i.e., a higher proposed 
amount can be paid (subject to successful negotiation) if the overall value to the City can 
be justified. 

Administrative Instruction Section IV: Purchasing Policies and Procedures 
Reference Material 
 
 
 
52 
Best-value procurements are typically used when a solution is being sought that cannot 
exactly be specified, such as software systems or studies prepared by professional 
consultants. Best value procurements are typically used for highly specialized or 
technical services where professional qualifications are an overriding consideration. 
a. Request for Proposals (RFP) Template. Use of an RFP is required for formal 
competitive proposals to establish/award contracts based on best overall value 
utilizing an evaluation team and scoring criteria as discussed below. The proposal 
solicitation process has many similarities to the IFB process as well as exceptions, 
also as noted below. 
b. Request for Qualifications (RFQ). Use of an RFQ is required mainly for professional 
services where consultant selection based on demonstrated competence is an 
overriding consideration and price is separately evaluated (also known as 
Qualifications Based Selection, or QBS). Similarities and differences with other 
bidding methods are discussed below.  
Differences Between Open Market and Public Project Bidding 
When conducting competitive bidding using formal open market procedures, many of the 
process steps used in the formal bidding of public projects can be followed, with the following 
noted exceptions: 
• City Council authorization to advertise an Invitation for Bids (IFB), Request for 
Proposals (RFP) or Request for Qualifications (RFQ) is not required.  
• Formal open market bids and proposals are not required to be advertised in the 
newspaper or trade journals and are advertised at minimum on the City’s website and 
publicly posted at City Hall. 
• Formal open market bids and proposals do not require the creation of bidder’s lists. 
• Depending on the nature of the procurement formal open market procurements may not 
require bidder’s security or payment/performance bonds.  
Note: Nothing precludes the City Manager or Department Heads from requiring any items 
listed above if they are determined to be in the City’s best interest.  
Differences Between Best Value and Lowest Bid Solicitation Methods 
There are several fundamental differences between the best value and lowest bid methods as 
shown in the table below: 
Table 1. Key Differences Between Best Value and Lowest Bid Solicitation Methods 
Low Bid IFB 
Best Value RFP 
Best Value RFQ 
Bids are publicly opened, read 
aloud and apparent low bidder 
announced 
Proposals are not publicly opened; 
proposers not identified 
Proposals are not publicly opened; 
proposers not identified 

Administrative Instruction Section IV: Purchasing Policies and Procedures 
Reference Material 
 
 
 
53 
Bids are evaluated by project 
manager based on unit and 
extended pricing  
Proposals are evaluated by a team 
based on specified criteria with 
pricing as one factor 
Written proposals are evaluated by 
a team based on demonstrated 
competence before pricing is 
considered 
Interviews are not typically 
conducted 
Interviews are conducted by the 
evaluation team 
Interviews are conducted by the 
evaluation team 
Negotiations are not typically 
conducted 
Negotiations on project scope, cost 
and contract terms are typically 
conducted 
Negotiations on project scope, cost 
and contract terms are typically 
conducted 
Bid summary identifying all bidders 
is posted after bid opening 
Proposers’ identities not disclosed 
until a contract with selected 
proposer has been negotiated 
Proposers’ identities not disclosed 
until a contract with selected 
proposer has been negotiated 
Contract is awarded to the lowest 
responsive and responsible bidder 
Contract is awarded based on best 
overall value on factors in addition 
to price 
Contract is awarded based on 
demonstrated competence and 
negotiated pricing 
Contract is typically amended to 
add scope/cost 
Contract may be amended to add 
negotiated scope/cost 
Contract may be amended to add 
negotiated scope/cost 
 
Process Integrity Procedures for RFPs and RFQs 
As discussed in Section 2.2 of this AI above, City evaluators shall not be financially interested in 
any such contract made by them in their official capacity, as such terms are defined in 
California Government Code Sections 1090 et seq. and 87100 et seq., and relevant case law. 
Prohibited interests include interests of immediate family members, domestic partners, and 
their respective employers or prospective employers. Potential conflicts must be disclosed as 
soon as they are discovered and may require withdrawal from participation in the evaluation 
process. The Finance Director and/or City Attorney will review potential conflicts of interest 
and make a determination about the evaluator’s continued participation in the procurement. 
Additional Reference Information on QBS Procedures 
The QBS selection process typically associated with professional services such as architectural, 
engineering, environmental, land surveying and construction management is based on the 
requirements contained in Section 4525 et. seq. of the California Government Code or its federal 
counterpart, the Brooks Act. 
 
Policy and procedural reference information to be provided by City 
staff. 
1. Purchasing Card Program Policy 
2. Procurement Standards for Federal Awards 
3. Standard Contract Templates 
4. Standard Purchase Order Terms and Conditions 

Administrative Instruction Section IV: Purchasing Policies and Procedures 
Reference Material 
 
 
 
54 
5. Contract/Agreement Approval Form 
6. City Conflict of Interest Code 
7. Insurance Compliance Requirements 
8. Sample Insurance Certificate with Policy Endorsements 
9. City Wellness Guidelines 
 
 

Administrative Instruction Section IV: Purchasing Policies and Procedures 
Reference Material 
 
 
 
55 
Attachment 1 
Standard Risk Tolerance Matrix for Evaluating Insurance Waivers 
5343980.2  
 
 
 
 
 
 
 
 
 
 
Likelihood of Occurrence 
Very Likely 
 
 
Acceptable Risk 
Medium 
 
Unacceptable Risk 
High 
Unacceptable Risk 
High 
Likely 
 
 
Acceptable Risk 
Low 
 
Acceptable Risk 
Medium 
Unacceptable Risk 
High 
Unlikely 
 
 
Acceptable Risk 
Low 
 
Acceptable Risk 
Low 
Acceptable Risk 
Medium 
 
Minor 
Moderate 
Major 
Seriousness of Impact 

Administrative Instruction Section IV: Purchasing Policies and Procedures 
Reference Material 
 
 
 
56 
Attachment 2 
4.04.072 Notice inviting informal bids. 
    Where a public project is to be performed, and is eligible to utilize the informal bidding 
provisions of subsection (b) of Section 22032 of the Public Contract Code, as may be amended 
from time to time, the following procedures shall apply: 
    (a)   A notice inviting abbreviated bids shall be mailed or emailed to all contractors for the 
category of work to be bid, as shown on the list developed in accordance with 
Section 4.04.071, and to all construction trade journals as specified by the California 
Uniform Construction Cost Accounting Commission in accordance with Section 22036 of 
the Public Contract Code, unless the product or service is proprietary. Additional 
contractors and/or construction trade journals may be notified at the discretion of the 
department soliciting bids; provided however: 
    (1)  If there is no list of qualified contractors maintained by the city for the particular 
category of work performed, the notice inviting bids shall be sent only to the 
construction trade journals specified by the commission. 
    (2)  If the product or service is proprietary in nature such that it can be obtained only 
from a certain contractor or contractors, the notice inviting abbreviated bids may be 
sent exclusively to such contractor or contractors. 
    (b)  All mailing of notices to contractors and construction trade journals pursuant to subsection 
(a) shall be completed not less than ten calendar days before bids are due. 
    (c)   The notice inviting informal bids shall describe the project in general terms and how to 
obtain more detailed information about the project, and state the time and place for the 
submission of bids. 
    (d)  For public projects that are under seventy-five thousand dollars and have followed these 
informal bidding procedures, the city manager may award the contract. 
    (e)   If all bids received are in excess of two hundred thousand dollars, or the limits established 
by subsection (d) of Section 22034 of the Public Contract Code, whichever is higher, the 
city council, by adoption of a resolution by a four-fifths vote, may award the contract, at 
no more than two hundred twelve thousand five hundred dollars, or the limit established 
by subsection (d) of Section 22034 of the Public Contract Code, whichever is higher, to the 
lowest responsible bidder, if it determines the cost estimate was reasonable. (Ord. 1583 § 2, 
2019; Ord. 1490 § 1, 2014; Ord. 1321 § 1, 2003)"
public,Policy for the Procurement of Goods and Services (PGS).pdf,pdf,19,37176,"POLICY FOR THE 
PROCUREMENT OF 
GOODS AND SERVICES 
(PGS) 
 
 
Board of Retirement 
Approved on September 4, 2024 
      

 
 
1 
 
Policy for the Procurement of Goods and Services (PGS) 
  
Authorizing Manager: Ricki Contreras, Administrative Services Division 
 
Original Issue Date:    December 15, 2005                    Last Updated: July 31, 2024             
 
Mandatory Review: September 2027 (Every Three Years)  
 
Approval Level: Board of Retirement  
 
I. 
Purpose  
To establish a uniform process for Procurement, Contracts, and Vendor Management to support 
LACERA’s Strategic Priorities of Fiscal Durability, Compliance, and Risk Management. 
Standardizing the Procurement, Contracts, and Vendor Management processes will allow 
LACERA to: 
• Maximize LACERA’s purchasing power by using Competitive Bidding and cooperative 
purchasing strategies. 
• Mitigate risks associated with purchasing activities (e.g., fraud, waste, abuse), avoid 
Conflict of Interests, and Vendor operational disruptions.  
• Ensure Contract compliance, measure Vendor performance, and mitigate risks 
associated with Vendors’ noncompliance with Contract terms. 
• Promote good governance and uphold LACERA’s fiduciary duty to administer the system 
in a manner that will assure the prompt delivery of benefits and services to members and 
their beneficiaries (Cal. Const. Art. XVI. Sec. 17). 
 
II. 
Scope 
This Policy applies to all LACERA employees (temporary and permanent), contract employees, 
and Trustees who participate in the Procurement and/or contracting of any Goods and Services.  
 
III. 
Legal Authority  
The Board of Retirement has the discretion to adopt such policies as they deem prudent as part 
of their plenary authority and fiduciary responsibility for the administration of the system, under 
Article XVI, Section 17 of the California Constitution and California Government Code Section 
31595 of the County Employees Retirement Law of 1937 (CERL).  

 
 
2 
 
IV. 
Definitions  
Whenever the following words appear in this Policy or other documents connected with the 
transactions relative to the Procurement process, they will be construed to have the following 
meaning: 
 
Amendment: 
An agreed addition to, deletion from, correction, or 
modification of a Contract signed by all authorized parties. 
An Amendment may include a Renewal or extension of an 
existing Contract. 
Bid: 
A Quotation received from a Vendor in response to a 
Solicitation from LACERA. 
Bidder: 
A Supplier/Vendor who responds to a Solicitation. 
Business Owner: 
The unit within a division that receives the purchased Goods 
or contracted Services. 
Conflict of Interest:  
As defined in LACERA’s Code of Ethical Conduct and in 
compliance with the Conflict of Interest Code.  
Consultant: 
An individual or firm that provides consulting Services to 
LACERA and does not involve the traditional relationship of 
employer and employee. 
Contract: 
A legally binding written agreement executed between 
LACERA and a third party in which the parties agree to 
perform in accordance with the obligations expressed 
therein. 
Contractor: 
A person, partnership, corporation, or other entity that has 
contracted with LACERA to provide Goods or perform 
Services 
for 
LACERA. 
A 
Contractor 
includes 
a 
subcontractor, Vendor, or any of their respective officers, 
directors, shareholders, partners, managers, employees, or 
other 
individuals 
associated 
with 
the 
Contractor, 
subcontractor, or Vendor who participated in, knew of, or 
had reason to know of the Contract. 
Goods: 
Supplies, products, materials, or equipment. Goods do not 
include Services. 
Invoice: 
A document showing the Specifications, quantity, price, 
terms, nature of delivery, and other particulars of Goods 
sold or of Services rendered. 

 
 
3 
 
Procurement (Procure): 
Purchasing, renting, leasing, or otherwise acquiring any 
Goods and/or Services, including all functions from the time 
of acquisition through to Contract Closeout. 
Purchase Order (PO): 
A buyer-generated document that authorizes a purchase 
transaction. When accepted by the seller, the PO becomes 
a binding Contract on both parties. A PO sets forth the 
descriptions, quantities, prices, and identifies a specific 
seller. 
Quotation or Quote: 
A statement of price, terms of sale, and description of 
Goods or Services offered by a Vendor to LACERA. This is 
normally provided in response to an inquiry and often 
considered an offer to sell. 
Renewal: 
 
The process where an existing Contract is renewed for an 
additional period in accordance with the terms and 
conditions of the original Contract. 
Request for Information (RFI): 
A general invitation requesting information for a potential 
Solicitation. An RFI is typically used as a research tool to 
prepare a Solicitation or determine the number of qualified 
Vendors in each market for a possible future competitive 
Procurement (e.g., Request for Proposal).  
Request for Proposal (RFP): 
A Solicitation method used to purchase complex Goods and 
Services that do not have standardized Specifications. 
Request for Quotation (RFQ): 
A Solicitation method that involves submitting a document 
to one or more potential Suppliers to elicit Quotations for 
Goods or Services. Typically, an RFQ seeks an itemized list 
of prices for Goods or Services that are well defined and 
quantifiable, such as hardware. 
Requisition: 
A formal request for the purchase of Goods or contracting 
of Services. 
Response: 
A submission from a potential Contractor in response to a 
Solicitation. 
Service(s): 
The performance of labor by a third-party firm or Contractor 
for and/or on behalf of LACERA. Services may be rendered 
to LACERA by a firm or individual, with or without the 
furnishing of Goods. 

 
 
4 
 
Solicitation: 
A document or process used to communicate LACERA’s 
requirements to potential Bidders or Proposers inclusive of 
requesting a Response in the form of a Quote or proposals 
for Goods or Services. 
Specification(s): 
 
 
Description of the requirements for Goods and/or Services 
including the Statement of Work to be fulfilled by the 
Vendor. 
Statement of Work:  
A detailed written description of the scope of work, 
Specifications, deliverables, timeline, and acceptance 
criteria agreed upon by the Vendor and LACERA 
Supplier: 
Provider of Goods and/or Services. This term is 
interchangeable with such terms as Contractor, Vendor, 
seller, and Consultant. 
Vendor: 
An individual, business, or governmental entity that has a 
Contract to provide Goods and/or Services to LACERA. 
Used interchangeably with the term Contractor or Supplier. 
Vendor Management: 
The unit responsible for monitoring Vendor performance for 
compliance with all the terms and conditions contained 
within the Contract.  
V. 
Purchasing and Contracting Policy   
 
The Policy promotes LACERA’s values of Integrity, Transparency, Accountability, and 
Inclusivity. Employees who participate in the Procurement process must conduct their duties in 
accordance with LACERA’s Code of Ethical Conduct and in compliance with the Conflict of 
Interest Code. Employees must prevent actual or perceived Conflicts of Interest. 
The Vendor Management Unit within the Administrative Services Division is responsible for 
implementing and maintaining the processes outlined in this Policy.  
 
Purchasing and Contracting Authority 
The Board of Retirement (Board) has the authority to purchase Goods and Services necessary 
to administer the system in a manner that will assure the prompt delivery of benefits and services 
to members and their beneficiaries (Cal. Const. Art. XVI, Sec. 17). The Board has a fiduciary 
duty to ensure LACERA obtains high-quality Goods and Services at competitive prices. As part 
of its fiduciary duty, the Board delegates the purchasing responsibility to the Chief Executive 
Officer (CEO). 

 
 
5 
 
V. 
Purchasing and Contracting Policy (Continued) 
The CEO further delegates the purchasing responsibility to LACERA’s Purchasing Agent and 
their designees. The Administrative Services Division Manager is the Purchasing Agent for 
LACERA. The Purchasing Agent’s designees are the Procurement Buyers and Contract 
Analysts. 
 
A. 
Exempt Procurements 
The Purchasing Agent is responsible for the Procurement of all Goods and Services, except for: 
• Procurement of Services necessary to adjudicate disability retirement applications, such 
as Panel Physicians, Hearing Officers, Court Reporters, and outside disability counsel for 
conflict cases.  
• Procurement of Goods and Services necessary to effectively administer the Retiree 
Health Care Benefits Program, such as health plan providers, plan managers, 
Consultants, auditors, and independent fiduciaries. 
• Procurement of Services necessary for the Audit, Compliance, Risk, and Ethics (ACRE) 
Committee to investigate any matter within their scope of responsibility, including outside 
counsel and Consultants.  
• Procurement of Services subject to the Procurement Policy for Investment-Related 
Services, such as investment managers, Consultants, legal Services, appraisers, 
auditors, custodians, securities lending providers, and independent fiduciaries. 
 
B. 
Requisitions  
All Requisitions must be submitted through LACERA’s Enterprise Contract Lifecycle 
Management System (ECLM) and will require two approvals at the appropriate authority levels 
as indicated in the table below. Division Managers are responsible for ensuring approved 
Requisition(s) do not exceed their division budget expenditures for the fiscal year.  
 
Signing Authority for Requisitions 
Purchase Value or Contract Value 
Signing Authority 
Up to $30,000 
Division Manager and Assistant Executive Officer 
Up to $100,000 
Division Manager and Deputy Chief Executive Officer 
or Authorized Designee (Assistant Executive Officers) 
Up to $500,000 
Division Manager and Chief Executive Officer or 
Authorized Designee (Deputy Chief Executive Officer 
or Assistant Executive Officer) 
Exceeds $500,000 
Division Manager and Chief Executive Officer or 
Authorized Designee (Deputy Chief Executive Officer 
or Assistant Executive Officer) with Board Approval 

 
 
6 
 
V. 
Purchasing and Contracting Policy (Continued) 
 
C. 
Technology Review and Information Security  
The Systems Division and the Information Security Office (InfoSec) are responsible for vetting 
purchases of new technology Goods and Services to ensure compatibility with LACERA’s IT 
infrastructure and compliance with security requirements. The System Division Manager will 
identify the IT purchases that require the approval of the IT Coordination Council (ITCC). The 
ITCC ensures the purchases align with LACERA’s strategic goals, business strategy, and 
acceptable levels of risk. The CEO holds final approval authority over all IT purchases.  
 
The Information Security Office must approve the following IT purchases:  
 
• Software license Renewals and subscriptions. 
• Annual maintenance and service agreements for operating systems, software, and 
hardware. 
 
Requisitions for Purchase Orders (POs) 
The Procurement Unit within the Administrative Services Division is responsible 
for purchasing Goods, Equipment, and Services that require a PO for LACERA. 
Business Owners are responsible for determining the technical Specifications and 
Service requirements. The Procurement Unit Buyers must ensure that the 
appropriate authority approves the Requisitions before starting the Procurement 
process. Buyers determine the purchasing method, manage Competitive Bids, 
negotiate prices, and manage PO’s.  
 
Requisitions for Contracts 
The Contracts Unit within the Administrative Services Division is responsible for 
Contract Requisitions for complex Goods and Services. The Business Owners are 
responsible for developing Service requirements, deliverables, timeline, and the 
evaluation criteria. The Contract Unit Analysts prepare Solicitation packets, 
manage the Solicitation process, assist with Bid evaluations, conduct market 
research on prices, perform Vendor due diligence, negotiate prices, and execute 
Contracts that comply with this Policy.  
D. 
Purchasing Methods  
1. 
Competitive Bidding  
 
Competitive Bidding is LACERA’s preferred purchasing and contracting method 
because it ensures accuracy, fairness, and transparency throughout the 
Procurement process. It also allows LACERA to obtain quality Goods and 
Services at competitive prices from qualified Vendors. 

 
 
7 
 
V. 
Purchasing and Contracting Policy (Continued) 
2. 
Sole Source 
 
Sole Source is LACERA’s non-competitive Procurement method used when 
competition is not practicable due to the unique qualifications of a Vendor or  
compelling business reasons documented in a justification memo by the Business 
Owner. Sole Source Procurements must be approved by the Chief Executive 
Officer and reported to the Board. A Sole Source Procurement cannot be based 
on a Business Owner’s preference to work with a particular Vendor or because the 
competitive process requires an abundance of work. 
 
Acceptable Sole Source Justifications include: 
• Goods that are unique, proprietary to the Vendor, or not available 
through resellers. 
• Manufacturers that have licensed the Goods to be sold only by one or 
more reseller.  
• When the use of alternative Goods would compromise existing 
Contracts or result in significant related costs such as additional 
hardware, training, or lead time. 
• Goods that are purchased in response to an Emergency where time is 
of the essence. 
• The Service provider is a subject matter expert and possesses highly 
specialized knowledge and expertise in a particular subject or field. 
• 
LACERA’s required time for project completion is critical, time is of the 
essence and cannot be exceeded without extreme hardship to LACERA.  
• 
A unique and proprietary solution was offered in the best interest of 
LACERA. 
Type of Purchasing Transactions 
3. 
Purchase Orders (POs) 
PO’s must include the following information: 
 
• PO Number--Buyers will assign a unique PO Number. 
• PO Date--the date the PO was created. 
• Order Details. 
• Clear description of Goods and/or equipment. 
• Technical Specifications or requirements if applicable. 
• Quantity and unit price. 
• Delivery date. 
• Shipping methods.  
• Payment terms. 

 
 
8 
 
V. 
Purchasing and Contracting Policy (Continued) 
4. 
Contracts 
Contracts are used for complex Goods and/or Services, or long-term agreements. 
They define each party’s rights and responsibilities. Contract Analysts must ensure 
all Contracts are approved at the appropriate authority level before initiating the 
Solicitation process. Whenever possible, the use of Contracts is preferred. 
5. 
Corporate Credit Card Purchases 
Authorized employees can use a Corporate Credit Card to purchase Goods or 
Services when another form of payment is not acceptable or practical. All 
purchases must comply with this Policy and LACERA’s Corporate Credit Card 
Policy.  
Corporate Credit Card users must opt out of auto renewal plans for IT related 
purchases. IT related purchases must be approved by the Information Security 
Office and the Legal Office prior to the Renewal date.  
6. 
Leverage Procurement Agreement (LPA) 
A Leverage Procurement Agreement (LPA) is a strategic purchasing method that 
allows LACERA to purchase Goods or contract for Services using existing 
Contracts competitively Bid and negotiated by other public agencies. Purchases 
utilizing LPAs or any agreement are not considered Sole Source purchases, they 
are agreement purchases. LPAs are available to California’s state, county, city, 
special district, education, and other government entities.  
LPAs allow LACERA to negotiate with the Supplier to provide the same item(s) at 
the same price(s) without the need for a competitive process (i.e., “Piggyback 
request”). All terms and conditions must remain the same as the original purchase.  
7. 
Master Agreements 
 
Master Agreements (MAs) are competitively Bid Contracts for Goods and/or 
Services that establish a list of pre-qualified Vendors. LACERA utilizes MAs to 
obtain routine Goods and Services on an as-needed basis. Vendors qualify 
through a Solicitation process known as the Request for Statement of Qualification 
(RFSQ). Those who meet the minimum qualifications and accept the terms and 
conditions of the MA are designated as LACERA Vendors within their specific 
categories. 
 
MA Vendors are eligible to receive work or purchase orders (POs) Solicitations in 
the categories for which they are pre-qualified. Awards for work or POs are 
typically made to the lowest-priced Vendor unless the Solicitation specifies other 
evaluation criteria, such as quality, quantity, availability of goods, delivery 
schedules, or geographical convenience. 

 
 
9 
 
V. 
Purchasing and Contracting Policy (Continued) 
8. 
Prohibited Purchases 
LACERA staff shall exercise prudence and integrity in the management of 
LACERA funds. LACERA funds cannot be used for any personal purchases or 
celebrations (e.g., birthdays, retirements, holiday parties). Authorized employees 
may purchase food and beverages for Board meetings, conferences, employee 
recognition ceremonies, and other official events conducted to improve the quality 
of service provided to LACERA members.  
9. 
Retroactive Purchases 
Except in the case of a bona fide Emergency, a properly executed PO, Contract, 
or change order must be in place prior to ordering or receiving Goods or Services. 
The Executive Office must approve retroactive unauthorized purchases. The 
requesting division manager must also submit a statement of good cause 
explaining why they circumvented the Procurement process.  
An unauthorized purchase occurs when any division, unit, or individual approves, 
negotiates, or otherwise commits LACERA to do business with a specific Vendor 
to provide equipment, supplies, or Services without prior approval in accordance 
with the processes outlined in this Policy. 
10. 
Emergency, Confidential or Time Sensitive Purchases 
 
An emergency is any unexpected circumstance that critically impacts LACERA’s 
ability to conduct its day-to-day operations, affects the health, safety, and welfare 
of LACERA staff or members, impairs LACERA's legal rights, or harms any of its 
property. Such circumstances may demand immediate action and require staff to 
obtain Goods and Services outside the parameters set forth in this Policy and 
therefore qualify as exceptions to LACERA’s standard Procurement process. 
Failure to anticipate a need, timely perform requisite job duties, or comply with any 
LACERA policies and procedures does not qualify as a justifiable emergency.  
 
In a justifiable emergency, the CEO or their designee may procure Goods and 
Services beyond stated discretionary spending limits as considered reasonable 
under the circumstances. Corporate Credit Card spending limits may also be 
increased as considered reasonable under the circumstances and in accordance 
with LACERA’s Corporate Credit Card Policy when possible. Any emergency 
purchase shall be subject to review by the Legal Office, unless rendered unfeasible 
by the particular emergency circumstances. 
 
Emergency purchases requiring confidentiality may be made without notifying the 
Procurement Unit in writing explaining the grounds of the confidentiality and the 
steps that need to be taken to protect it. All such purchases require appropriate 
documentation (redacted as necessary) which shall be forwarded to the 
Administrative Services Division Manager, the Legal Office, and the CEO. 

 
 
10 
 
V. 
Purchasing and Contracting Policy (Continued) 
Within seven (7) calendar days of any emergency purchase, a complete 
description of the emergent circumstances and justification for making the 
purchase outside the requirements set forth in this Policy shall be documented in 
writing and submitted to the Administrative Services Division Manager and the 
CEO, and the Legal Office if needed and the Legal Office is not otherwise involved 
in requesting the purchase. If the purchase is greater than the spending authority 
outlined in this Policy, request shall be made to the Board of Retirement to certify 
that the circumstances required an emergency purchase and qualified as a valid 
exception to LACERA’s standard Procurement process, and the requirements set 
forth in this Policy.  
11. 
Fragmenting (Split Purchasing) 
To ensure transparency in the Procurement process serial and fragmented 
purchasing is prohibited. Serial and fragmented purchasing is the practice of 
intentionally splitting Requisitions and/or orders for the same or similar Goods or 
Services to avoid the competitive process or circumvent the appropriate signature 
authority levels. To avoid fragmentation Business Owners must consider the 
aggregate value of the Goods and Services. 
12. 
Invoices 
POs and Contracts must include instructions on how to submit Invoices for 
payment. To facilitate payment, the Invoices must be addressed to the Business 
Owner’s division and suite number. All Invoices must be validated against the 
original PO and delivery documents before payment is made. 
E. 
Solicitations Competitive Process  
Competitive Bidding is the process of obtaining Bids for the same Goods and/or Services from 
multiple Vendors. The award is given to the most responsible Bidder. LACERA utilizes 
Competitive Bidding to survey the marketplace and obtain Goods and Services from qualified 
Vendors at competitive prices. The Competitive Bidding process aligns with LACERA’s values 
and promotes transparency, fairness, and equity of opportunity to potential Vendors.  
Vendors doing business with LACERA must register at Vendor Client Gateway and submit 
required documentation. 
1.  
Informal Bidding 
 
Informal bidding refers to the process of soliciting at least three Bids or Quotations 
without a formal “Invitation to Bid” or ""Request for Proposal.” Competitive Bids are 
obtained by email, catalogues, or other manner that does not require a sealed Bid 
or other formalities. LACERA uses informal bidding for Procurements of Goods or 
Services up to $25,000. 

 
 
11 
 
V. 
Purchasing and Contracting Policy (Continued) 
a) Request for Quotation (RFQ)  
 
An informal Bid where a request and description of the Goods and Services are 
sent to at least three Vendors. LACERA uses RFQs for Goods and Services with 
well-defined requirements and where cost is the primary determining factor. An 
RFQ is less restrictive than a Request for Proposals (RFP) and designed to 
expedite purchases up to $25,000.  
2. 
Formal Bidding 
The formal bidding process requires an invitation to Bid, public posting of the 
Solicitation, sealed Bids, and public disclosure of competition, Contract awards or 
rejections. LACERA requires formal bids where the purchase value or total 
Contract value is over $25,000.  
a) 
Request for Bid (RFB)  
 
A Formal Bid used for Goods and Services where cost is the primary determining 
factor. LACERA uses RFBs for non-complex Services that do not require a 
complicated evaluation method. 
b) 
Request for Proposal (RFP)  
 
A Formal Bid used when Goods or Services do not have standard Specifications. 
RFPs are also used when the scope of services is complex and/or require 
specialized skills or expertise. In addition to cost, RFPs evaluate Vendors’ 
qualifications, experience, technical performance, and service or value-added 
service component. 
c) 
Request for Information (RFI) 
 
A Formal Bid used to explore available options or solutions for organizational 
needs. LACERA uses RFIs to obtain additional information about the service or 
product capabilities before issuing an RFP or RFB. To ensure fairness and equity 
of opportunity, RFIs must be published. The goal of an RFI is to trim down the final 
group of Vendors to be included on the RFP or RFB. 
3. 
Bidder’s Conference 
A Bidder’s Conference can be held to allow the Bidders to ask questions and clarify 
any ambiguities. The questions and answers must be prepared as an Amendment 
to the Solicitation and sent to all Bidders, whether during a Bidder’s Conference, 
via email, or at any other time prior to the Bid closing date.  
 
 
 
 
 

 
 
12 
 
V. 
Purchasing and Contracting Policy (Continued) 
 
 
Solicitations Requirements for POs and Contracts 
Purchase Value or 
Total Contract Value 
Bid Type 
Up to $5,000 
Not Required 
Up to $25,000 
At least three written Quotations (RFQ) 
Above $25,000 
At least three written Bids or proposals (RFB)or (RFP). 
The Solicitation document must be published for thirty 
(30) calendar days. 
 
F. 
Evaluation Process and Due Diligence 
All Bids and proposals must be evaluated against the uniform criteria and process 
outlined in the Solicitation document. The Solicitation document must provide enough 
information for the Bidder/Proposer to understand what or how an award will be 
determined. LACERA staff must use a consistent approach when scoring each proposal.  
1. 
Evaluation Document 
The Evaluation Document must explicitly state how each criterion is evaluated and 
scored. To ensure consistency between the two documents, the Evaluation 
Document should be developed simultaneously with the Solicitation. In conjunction 
with the subject matter experts, PMO will develop the Evaluation Document for IT 
related Solicitations. The subject matter experts, in conjunction with the Contract 
Unit, will develop the Evaluation Documents for all other Solicitations. 
Evaluation Documents may include the following sections: 
 
a) Minimum Requirements identified in the Solicitation Document. The 
Vendor must meet every minimum requirement in the Solicitation to 
move on to the next step in the evaluation process. 
 
b) Evaluation criteria can include:  
 
• Vendor’s qualifications: length, scope, and depth of 
experience, financial capability, certifications, and licensing 
requirements. 
• Special Terms and Conditions: Ability to meet requirements 
that are unique to a particular type of Bid.  
• 
Vendors’ Technical and Management Approach: project 
methodology, quality of Goods and Services, quality control 
programs, compliance with regulations, and training plan. 

 
 
13 
 
V.       Purchasing and Contracting Policy (Continued) 
 
• 
Pricing/Cost: Is the cost reasonable and competitive? 
• Optional Oral Interview/Optional Site Visit. 
LACERA reserves the right to award the Contract to the submission 
that offers the best value, which includes accepting LACERA's 
Contract terms. Excessive mark-ups or deletion of LACERA's 
Contract terms may result in disqualification.  
2. 
Evaluation Committee  
If an Evaluation Committee is needed, it should consist of all relevant stakeholders 
and subject matter experts for the service or product being solicited. The size and 
members of the Evaluation Committee depend on the project's scope, nature, and 
complexity. The ideal size of the committee will balance subject matter expert 
representation and workgroup effectiveness. 
The Evaluation Committee should be composed of at least one representative 
from: 
• 
Contracts Unit 
• Subject Matter Expert(s) 
• PMO (must participate in IT related Bids and proposals) 
• InfoSec (if applicable)  
• Legal (when exceptions are taken to LACERA’s terms and 
conditions, or anytime legal advisory is otherwise indicated). 
The Contracts Unit facilitates and ensures the integrity of the 
evaluation process. They are responsible for the following: 
• 
Conducting Vendor risk assessment.  
• 
Conducting Vendor reference checks. 
• 
Setting up Bidder’s Conference or open house. 
• 
Obtaining SOC-2 Reports and submitting them to the Information 
Security Office for review and approval (if applicable). 
• 
Guiding the Evaluation Committee Members through the evaluation 
process.  
• 
Evaluation process management: 
 
Developing Solicitations, timelines, and coordinating 
posting. 
 
Coordinating responses to Vendor questions. 
 
Summarizing scores, rankings, and evaluation results. 
 
 

 
 
14 
 
V. 
Purchasing and Contracting Policy (Continued) 
 
 Obtaining additional information from Vendors. 
 Developing approval materials for Management or 
Boards. 
• Collecting and archiving Evaluation Documents from each 
Committee Member. Sending Bid award/non-award letters to 
Vendors. 
• Responding to any Vendor appeal.  
 
3. 
The Committee’s responsibilities include: 
 
• Evaluation: Committee members must separately evaluate 
the Bids in their area of expertise and provide documentation 
to support their evaluation.  
• Deliberation: If needed, when the Committee members are 
evaluating the same part of the Solicitation, the members 
must hold at least one meeting to discuss the merits of the 
proposals. 
o Committee members may adjust their scoring after the 
meeting with sufficient narrative to explain the 
adjustment. 
o When conducting site visits and/oral interviews, all 
Committee members must be present at all events. 
• Research: Outside sources may be used to gather 
information.  
• Due Diligence: The Contracts Unit must do reference checks. 
o Finance or other knowledgeable parties can review 
financial information. 
o Technical staff can review proposal components if 
necessary and report findings to the committee for their 
evaluation and ratings.  
 
The Contracts Unit will total and average the final scores of the Committee 
and prepare a single score sheet for each Bid and proposal. The score 
sheet must include written documentation of reference checks and financial 
statement analysis to support the rating in those categories. 
4. 
Third Party Oversight and Risk Management 
The Information Security Committee (ISC) oversees service providers that 
access or maintain personal or sensitive information on behalf of LACERA. 
The ISC must evaluate new and current Vendors that do not meet all of 
LACERA’s information security requirements and determine if accepting 
some level of additional risk is in the best interest of LACERA. The ISC must  

 
 
15 
 
V. 
Purchasing and Contracting Policy (Continued) 
 
provide a written explanation of the reasons for permitting Vendor non-
compliance with any LACERA Information Security Policy.  
 
G. 
Legal Review 
The Contract is the result of the Solicitation with all the negotiated terms, conditions, the 
Statement of Work, and any other requirement set forth in the Solicitation document. The 
Contract Analysts must ensure the Contract satisfies the objectives of Business Owner and 
LACERA.  
The Legal Office must review and approve all Contracts.  
Contract Term 
Evergreen Contracts are prohibited, unless approved by the Board of Retirement. Contracts 
shall be limited to a maximum of five (5) consecutive years with an optional extension of up to 
two years. The Contract term extension must be approved by the Chief Executive Officer and 
reported to the Operations Oversight Committee prior to the date of the Contract Extension.  
 
Who Can Sign a Contract  
Total Contract Value 
Signing Authority 
Up to $ 30,000 
Division Manager and Assistant Executive Officer 
Up to $100,000 
Deputy Chief Executive Officer or Authorized Designee (Assistant 
Executive Officers)  
Up to $500,000 
Chief Executive Officer or Authorized Designee (Deputy Chief 
Executive Officer or Assistant Executive Officer)  
Exceeds $500,000 
Chief Executive Officer or Authorized Designee (Deputy Chief 
Executive Officer or Assistant Executive Officer) with Board 
Approval 
 
H. 
Contract Lifecycle Management 
Onboarding Vendors  
The Contract Analysts must ensure that Vendors who are awarded a Contract are registered in 
the Vendor Portal and have submitted required documents. Required documents include but are 
not limited to Nondisclosure Agreements, Information Security Reports or Questionnaire, 
Certificate(s) of Insurance, and Form W-9. 
Performance Management 
The Business Owner and the Vendor Management Unit are responsible for tracking, monitoring, 
and managing the Contract progress to ensure that the Vendor meets their contractual 
obligations.  

 
 
16 
 
V. 
Purchasing and Contracting Policy (Continued) 
The Business Owner and Vendor Management Unit’s responsibilities include: 
 
• Monitoring Vendor’s performance to ensure Goods and/or Services comply with the 
Contract requirements.  
• Resolving performance gaps, invoicing discrepancies, and document resolution. 
• Monitoring Contract Invoices, payments, and budget. 
• Maintaining Contract files; Certificates of Insurance, Security Audit Reports, or other 
documentation required under the Contract. 
•  Managing and mitigating any detected risks, including but not limited to non-
performance, performance gaps, invoicing discrepancies, et. al. 
• Coordinating Contract Amendments or extensions with LACERA’s Legal Office. 
Contract Closeout  
The Vendor Management Unit must prepare a final Vendor evaluation report. The report must 
include the following information.  
• Whether the Vendor fulfilled their obligations under the Contract.  
• Feedback from the Business Owner. 
 
I. 
Receiving and Paying Invoices  
Procurement Staff must check the Invoice against its corresponding PO and delivery 
receipt. The purchasing, receiving, and payment must be done by three different staff 
members. The Invoice normally includes an itemized list of items for which the Vendor 
is requesting payment. 
When receiving and paying an Invoice the following must be checked: 
• PO number or Contract number. 
• Shipping address and date.  
• Itemized list of the shipped items or Services rendered.  
• Quantity of each item.  
• SKU or UPC of each item.  
 
Invoices that cannot be validated with an original PO and/or delivery receipt will be 
handled as an unauthorized purchase. 
J. 
Payment Request (Direct Payments)  
An internal document requesting payment for items already agreed to and negotiated on 
a Contract or for payments on items that cannot be competitively solicited, including but 
not limited to governmental fees, conferences, and training. Payment Requests for Goods 
and Services covered by a Contract must be signed by the Division Manager. 
 

 
 
17 
 
V. 
Purchasing and Contracting Policy (Continued) 
K. 
Commitment to Transparency 
The Vendor Management Unit will provide the Board a monthly report on all contract 
activity including awards, extensions, and terminations.  Vendor Management will also 
report all expenditures that exceed the original approved project budget.  
L. 
Diversity, Equity, and Inclusion (DEI) Initiative  
LACERA is committed to promoting Diversity, Equity, and Inclusion (DEI) in its 
Procurement practices. We actively seek business relationships with qualified Vendors 
and individuals from diverse backgrounds including by partnering with the Los Angeles 
County Community Business Enterprise (CBE) Program.  
Vendors doing business with LACERA must complete LACERA’s DEI questionnaire and 
company demographic survey. This data will be used to monitor the success of our DEI 
efforts. 
M. 
Environmental Awareness 
Environmental impact is considered in purchasing decisions, when appropriate. LACERA 
Purchasing Agents consider the use of Goods and Services that are energy efficient or 
made from recycled material.  
N. 
Procedures Manual  
The Vendor Management Unit shall be responsible for preparing and maintaining a 
Procedures Manual that details the purchasing process and any delegated duties and 
defined terminology. The Procedures Manual shall include this Policy and must be 
approved by the Chief Executive Officer. The procedures may be modified at any time as 
deemed necessary, provided they remain within this Policy's framework. If there is a 
conflict between this Policy and the Procedures Manual, the Policy shall prevail. 
 
VI. 
References  
These references are intended to help explain this Policy and are not an all-inclusive list of 
policies, procedures, laws, and requirements relating to the Procurement of Goods and Services. 
The following information complements and supplements this Policy: 
Related Policies:  
• Code of Ethical Conduct 
• Conflict of Interest Code 
• Corporate Credit Card Policy (Internal Document) 
• Information Technology Coordination Council (ITCC) Charter  
(Internal Document) 
 
 

 
 
18 
 
Related Procedures:  
• Procurement and Contract Administration Manual (Internal Document) 
 
VI. 
References (Continued) 
 
Related Forms/Templates: Not Applicable 
 
Other Related Information:  
VII. 
Version History   
 
Update/Review Summary: Previous policy version(s) superseded by this Policy: 
• Policy For Purchasing Goods and Services: November 6, 2019  
 
Original Issue Date: Board of Retirement, Approved on December 15, 2005 
VIII. 
Policy Review/Approval  
 
This Policy shall be reviewed by the Operations Oversight Committee, and the Board of 
Retirement every three years or as needed and may be amended at any time as deemed 
necessary."
public,TownProcurementPoliciesandProcedures.pdf,pdf,60,121811,"TOWN OF COLONIE 
 
PROCUREMENT POLICIES 
AND  
PROCEDURES 
 
 
 
 
 
 Effective as of January 1, 2025 
 
 

3/13/2025 9:03 AM 
 
TOC Procurement Policy Effective 20250101 Reflecting Amendment on 20241219 On One-Sided Paper.docx 
 
page 1 
Town of Colonie 
 
Purchasing Policy and Procedures 
 
 
Mission Statement 
 
The Town of Colonie General Services Department dedicates itself to the 
procurement of the right goods and services at the right price for the various 
Town departments in a timely manner assuring the prudent and economical 
use of public monies.  The Town will facilitate the acquisition of goods and 
services at the lowest possible cost and at the same time guard against 
favoritism, extravagance and fraud. 
 
 
 
Introduction 
 
It is, therefore, essential that the purchasing policies and procedures of the 
Town of Colonie be clearly established and understood by all concerned. 
 
The Purchasing Manual has been prepared as a statement of the policy upon 
which our purchasing practices and procedures are based. 
 
The Town declares its intention to purchase competitively without prejudice 
and to seek maximum operational value for every dollar expended. 
 
Purchasing Policy 
 
 
The General Services Director is responsible for reviewing and 
administering the purchasing program of Town of Colonie. 
 
 
Members of the Purchasing Department shall maintain effective and 
professional public, vendor and customer relationships. 
 
 
To maintain a high level of quality service to our customers, we encourage 
our staff to participate in the numerous educational opportunities offered in 
the purchasing field; and to keep abreast of current developments in market 

3/13/2025 9:03 AM 
 
TOC Procurement Policy Effective 20250101 Reflecting Amendment on 20241219 On One-Sided Paper.docx 
 
page 2 
conditions, pricing, new products and New York State laws as they pertain 
to the purchase of goods and services for the Town. 
 
 
The Purchasing policy herein shall be administered in accordance with all 
ethical rules called for by the Town of Colonie and the National Institute of 
Governmental Purchasing Code of Ethics. 
 
 
The purchasing procedures employed will comply with all applicable laws 
and regulations of New York State and shall be subject to the approval of the 
Town Board. 
 
 
Each procurement request will be examined by a member of the Town of 
Colonie Purchasing Department and processed according to the guidelines 
set forth under the appropriate section of the attached Purchasing 
Procedures.   
 
 
The Town of Colonie Purchasing Department will maintain adequate 
documentation of all action taken in connection with each method of 
procurement.  Such documentation shall include but not be limited to any 
and all pertinent Board resolutions, memoranda, written quotes, contracts 
and any other appropriate form of documentation. 
 
 
If the General Services Director finds a supplier to be an irresponsible 
bidder, bid notices shall not be sent to that vendor, however any vendor will 
be provided with the bid package if requested.  Irresponsibility is determined 
by a vendor failing to adhere to the terms of a contract, having repeatedly 
made slow or unsatisfactory delivery of supplies or services or having been 
found by a court of competent jurisdiction to have engaged in unlawful 
employment or business practices within the previous twelve (12) months. 
 
 
When soliciting bids, a “General Instructions to Bidders” will be included 
with all specifications provided to suppliers.  These general conditions will 
be incorporated into contracts awarded for the purchase of materials, 
equipment and services. 
 
 
Purchases shall be made under Town contract pursuant to all required Laws, 
through available state contracts (OGS), or Sub d 3 of the New York State 
General Municipal Law ( GML)103 and 104b which allows purchases of 
materials, equipment or supplies, or to contract for services, other than 
services subject to article nine of the labor law, through any publicly bid and 

3/13/2025 9:03 AM 
 
TOC Procurement Policy Effective 20250101 Reflecting Amendment on 20241219 On One-Sided Paper.docx 
 
page 3 
awarded contract in compliance with NYS GML law, whenever such 
purchases are deemed by the General Services Director to be in the best 
interest of the Town.  
 
 
Supplies used by various Town departments should be uniform whenever 
consistent with operational goals in the interest of efficiency and economy. 
 
 
No official or employee will be interested financially in contracts entered 
into by the municipality (as defined in Section 800 of NYS General 
Municipal Law).  This also precludes acceptance of gratuities, financial or 
otherwise, as stated in the Town of Colonie Code of Ethics. 
 
 
The Town of Colonie will not be deemed responsible for any commitment 
made at the departmental level circumventing these procedures.  If Town 
procedures are circumvented, disciplinary action may be taken. 
 
 
Salespersons are encouraged to visit the Purchasing Department prior to or 
in conjunction with initial, individual department contact. 
 
 
The policies and procedures set forth in this manual shall be annually 
reviewed by the Town Board.   
 
 
The unintentional failure to fully comply with the provisions of NYS 
General Municipal Law Sections 103 and 104-b shall not be grounds to void 
any action taken or give rise to cause of action against the Town of Colonie, 
the Purchasing Department, or any officer or employee thereof. 
 
 

3/13/2025 9:03 AM 
 
TOC Procurement Policy Effective 20250101 Reflecting Amendment on 20241219 On One-Sided Paper.docx 
 
page 4 
Purchasing Policy and Procedures 
 
Employees Responsible for Purchasing for the Town by Name and Title 
 
Per General Municipal Law Section 104-b (2) (f) the Town is required to include 
in the Policy and Procedures Manual the list of individuals by name and title that 
are responsible for purchasing for the Town. 
 
 
Name and Title 
Daniel Belles, Deputy Police Chief
Carrie Blanchard, Specialist II
Andris BlumBergs, Acting Planning and Economic Development Director
Thomas Breslin, Executive Assistant to Supervisor
Kathy Cook, Administrative Aide
Susan Cooney, Administrative Aide
E. Tucker Cox, Jr., P.E., Sewer District Superintendent
Peter G. Crummey, Esq., Town Supervisor
Kimberly Cuva, Receiver of Taxes and Assessments
Pamela Daniels, Deputy Receiver of Taxes
Tom DelTorto, Senior Account Clerk Typist
Mary Falace-Mayr, Clerk of the Court
Frederick J. Field, Sr., Deputy Town Supervisor
Christian Ford, Senior Appraiser
Kevin Franklin, Town Historian
Lynn Gallant, Terminated Service
Julie Gansle, Town Clerk
James J. Gerace, Police Chief
Brenda Gorman, Purchasing Assistant
Sandy Guerro, Benefits Coordinator
Amy Hodson, Administrative Aide
Diane Hoeffner, Confidential Secretary to Town Attorney
Christine Horton, Administrative Aide
Mary Ellen Ives, Confidential Administrative Aide to the Town Supervisor
William Jenkins, Purchasing and General Services Director
Erin Kelly, Emergency Medical Services Deputy Chief
P. Christopher Kelsey, Town Comptroller (acting)
Jennifer Kennedy, Community Development Manager
Michele Matuszek, Administrative Aide
Matthew McGarry, Commissioner of Public Works

3/13/2025 9:03 AM 
 
TOC Procurement Policy Effective 20250101 Reflecting Amendment on 20241219 On One-Sided Paper.docx 
 
page 5 
Ronald Monfils, Town Assessor
Rosemary Newton, Human Resources Director
Tori Normandin, Administrative Aide
Victor Oberting III, Personnel Officer
Jimmy Onibokun, Network Administrator
E. Guy Roemer, Town Attorney
Thomas Romano, Public Works Operations Supervisor
Angelina Searles, Senior Resources Director
Daniel E. Seaver, P.E., Water District Superintendent
Tami Sherry, Pruyn House Administrator
William Shipley, Vehicle Maintenance Supervisor
Paul Sugrue, Emergency Medical Services Chief
Daniel Sullivan, Recreation Maintenance Supervisor
Samantha Sutton, Administrative Aide
Paige Trance, Senior Clerk to Town Justice
Lisa Travis, Director of Management Information Services
Michele Turcotte, Deputy Town Clerk
Elissa Valente, Library Director
Chretien Voerg, Building Department Director
 
Quotation and Bid Requirements for Purchases or Leases over $1,000 
 
POLICY:  
 
It is Town policy to ensure fair and consistent consideration of potential vendors 
offering services to the Town, and to meet State requirements for competitive 
bidding for goods and services required by the Town.  Minimum requirements for 
Quotes and Bids are as follows: 
 
Purchase and/or  
Total Lease Amounts with 
a Purchase Option 
(Excluding Public Works 
Contracts)  
 
 
 Quote and Bid Requirements 
 
$0.01 - $3,000            
Department does price check. 
 
$3,000.01-$9,000.00  
Three verbal quotes obtained and documented by 
the department. 
 

3/13/2025 9:03 AM 
 
TOC Procurement Policy Effective 20250101 Reflecting Amendment on 20241219 On One-Sided Paper.docx 
 
page 6 
$9,000.01-$14,500.00  
Three written quotes obtained by the department 
after it provides a written scope of work and/or 
written specifications to the vendors/contractors. 
  
$14,500.01-$20,000.00  
Written quotes obtained by Purchasing utilizing a 
written specification developed by the 
department; Purchasing’s effort to obtain quotes 
shall include utilization of the Town’s internet 
bid distribution service.  
  
Over $20,000.00              
Competitive public bid required.  
 
Part of Purchasing’s review is to be sure the Town does not exceed the aggregate 
bid limit. 
 
The limits above may be adjusted based on the technical nature and history of the 
quote following a review by Purchasing. 
 
 

3/13/2025 9:03 AM 
 
TOC Procurement Policy Effective 20250101 Reflecting Amendment on 20241219 On One-Sided Paper.docx 
 
page 7 
True Leases: 
True leases are defined as leases without the option to purchase.  As True Leases 
are exempt from the Competitive bid requirement, three written quotes will be 
required, unless the proposed lease is as the result of a National Cooperative 
Contract or other contract that has already been competitively bid, to insure the 
Town obtains the best value for the lease dollars spent.  The total annual cost of the 
lease will be used to evaluate the quotes received in awarding the lease.  For the 
purposes of this provision, leases should be closed-end, with agreed upon residual 
values and mandatory turn-in at end of lease.  Lease documentation should include 
negotiated price, residual value and term and payment amounts.  
 
Public Works Contracts   
 Quote and Bid Requirements 
(Material and Labor) 
 
$0.01 - $6,000.00  
Department Does price check. 
 
$6000.01 - $12,000.00  
Three verbal quotes obtained and documented by 
the department. 
 
$12,001.00 - $24,000.00 
Three written quotes obtained by the department 
after it provides a written scope of work and/or 
written specifications to the vendors/contractors. 
 
$24,000.01 - $35,000.00 
Written quotes obtained by Purchasing utilizing a 
written scope of work and/or specification 
developed by the department; Purchasing’s effort 
to obtain quotes shall include utilization of the 
Town’s internet bid distribution service. 
 
Over $ 35,000.00 
Competitive public bid required. 
 
For all Public Works Article 8 project and Article 9 project over $1,500, a formal 
General Contracting Agreement is required.  Also, a Department of Labor PRC 
regarding prevailing wage will be obtained and provided to the winning vendor by 
Purchasing. 
 
Aggregate Amounts – In determining if an item for purchase meets the bid 
requirements, the Town shall consider the reasonable expected aggregate amount 
of all purchases of the same commodities, services or technology to be made 
within the twelve-month period commencing on the date of the 

3/13/2025 9:03 AM 
 
TOC Procurement Policy Effective 20250101 Reflecting Amendment on 20241219 On One-Sided Paper.docx 
 
page 8 
purchase.   Purchases of commodities, services, or technology shall not be 
artificially divided for the purpose of avoiding the requirement to competitively bid 
the item required. 
 
In each case the requesting department should make every attempt to obtain 
required quotes as defined above.  If after good faith effort to obtain the required 
quantity of quotes, the requesting department is unsuccessful, the requesting 
department should document the actions taken and may submit the requisition with 
the lower quantity of quotes.   
 
After obtaining quotes and approvals as defined in the purchasing procedures, the 
purchase should be awarded to the lowest quote unless there is just cause for 
awarding the quote to an alternate vendor.  If a quote is awarded to a vendor other 
than a low quote the requesting department must submit documentation to 
Purchasing explaining why the award should be given to an alternate vendor.  This 
documentation must accompany the requisition and all steps in the subsequent 
approval process.   
 
If a bid is awarded to vendor other than a low bidder the requesting department 
must submit documentation through board resolution explaining why the award 
should be given to an alternate vendor.  This documentation must accompany the 
requisition and all steps in the subsequent approval process. 
 
 
Best Value 
 
The Town Board seeks to exercise the local option set forth in § 103, 
Subdivision 1, of the New York State General Municipal Law, as amended 
by Chapter 608 of the Laws of 2011 and Chapter 2 of the Laws of 2012, 
which amendment authorizes the Town to award purchase contracts and 
contracts for services subject to competitive bidding under General 
Municipal Law § 103 on the basis of either lowest responsible bidder or 
“best value” as defined in § 163 of the New York State Finance Law.  The 
“best value” option may be used if it is more cost efficient over time to 
award the good or service to other than the lowest responsible bidder if 
factors such as lower cost of maintenance, durability, higher quality and 
longer product life are taken into consideration. 
 

3/13/2025 9:03 AM 
 
TOC Procurement Policy Effective 20250101 Reflecting Amendment on 20241219 On One-Sided Paper.docx 
 
page 9 
The Town Board may award purchase contracts and service contracts that 
have been procured pursuant to competitive bidding under General 
Municipal Law § 103 by either lowest responsible bidder or best value. 
 
The provisions of this chapter apply to Town Purchase contracts involving 
an expenditure of more than $20,000.00 and Town contracts for services 
involving an expenditure of more than $35,000.00 but exclude purchase 
contracts necessary for the completion of a public works contract pursuant to 
Article 8 of the State Labor Law and excluding any other contract that may 
in the future be excluded under state law from the best value option.  If the 
dollar thresholds of General Municipal Law § 103 are increased or decreased 
in the future by the State Legislature, the dollar thresholds set forth herein 
shall be deemed simultaneously amended to match the new General 
Municipal Law thresholds. 
 
Goods and services procured and awarded on the basis of best value are 
those that the Town Board determines will be of the highest quality while 
being the most cost efficient.  The determination of quality and cost 
efficiency shall be based on objectively quantified and clearly described and 
documented criteria, which may include, but shall not be limited to, any or 
all of the following:  cost of maintenance; proximity to the end user if 
distance or response time is a significant term; durability; availability of 
replacement parts or maintenance contractors; and longer product life; 
product performance criteria; and quality of craftsmanship. 
 
Whenever any contract is awarded on the basis of best value instead of 
lowest responsible bidder, the basis for determining best value shall be 
thoroughly and accurately documented. 
 
PROCEDURES 
 
Purchase or Lease from $3,000.01 to and including $9,000.00 or Public 
Works Contracts from $6,000.01 to $12,000.00 – Documented Quote 
Procedures 
 
1. The Department Head confirms the availability of budgeted funds for 
the item and/or service and the need 

3/13/2025 9:03 AM 
 
TOC Procurement Policy Effective 20250101 Reflecting Amendment on 20241219 On One-Sided Paper.docx 
 
page 10 
2. If budgeted funds are available and item and/or service is within the 
spending ranges and not covered under an existing Town Contract, the 
Department Head checks for State or National Cooperative Contract.   
3. If a State or National Cooperative Contract does not exist the 
Department Head or designated employee in coordination with 
Purchasing, investigates three sources for the item and/or service.  
4. Department in coordination with Purchasing, must document the three 
verbal quotes for the item.   
5. Quote documentation must include the vendor name, phone number, 
contact name, the item and/or service, the amounts, the date of the 
quotes, and the person who obtained the quote.   
6. Documented quotes should be signed by the person obtaining the 
quotes. When quote or bid requirements are fulfilled, the Department 
Head then selects the vendor based upon lowest price of the three 
quotes.   
7. The documented quotes must be submitted to Purchasing along with a 
hard copy of the Standard Purchase Requisition.  
 
Purchases or Leases from $9,000.01 to and including $14,500.00 or 
Public Works Contracts $12,000.01 to $24,000.00 – Written Quote 
Procedures obtained by Department 
 
1. The Department Head confirms the availability of budgeted funds for 
the item and/or service and the need 
2. If budgeted funds are available and item and/or service is within the 
spending ranges and not covered under an existing Town Contract, the 
Department Head checks for State or National Cooperative Contract. 
3. If a State or National Cooperative Contract does not exist the 
Department Head or designated employee prepares a specification 
and/or scope of work for the item of services required. 
4. Department provides specification and/or scope of work to multiple 
vendors to obtain at least three written quotes for the item or service.   
5. Quote documentation must be on vendor’s letterhead and include the 
vendor’s name, phone number, contact name, the item and/or service, 
the amounts, the date of the quotes, and the person who obtained the 
quote. 

3/13/2025 9:03 AM 
 
TOC Procurement Policy Effective 20250101 Reflecting Amendment on 20241219 On One-Sided Paper.docx 
 
page 11 
6. When quote or bid requirements are fulfilled, the Department Head 
then selects the vendor based upon lowest price of the three quotes.   
7. The documented quotes must be submitted to Purchasing along with a 
hard copy of the Standard Purchase Requisition.  
 
Purchases or Leases from $14,500.01 to $20,000.00 or Public Works 
Contracts $24,000.01 to $35,000 – Written Quote Procedures obtained 
by Purchasing 
 
1. The requisitioning Department Head e-mails Purchasing to request 
quotes for the purchase or lease of specific goods or services within 
the value ranges listed above.   In the e-mail, the Department Head 
defines the scope of work and/or specifications for the item and/or 
service and suggests vendors from whom quotes should be solicited.   
2. Purchasing documents the request for quotation from the information 
supplied by the Department Head.  If additional information is 
required, Purchasing requests that the requisitioning Department Head 
amend the scope of work and/or specification as necessary.   
3. Purchasing solicits quotes from the vendors suggested by the 
department.  Purchasing also utilizes the Town’s internet bid 
distribution service to solicit quotes. 
4. Purchasing receives responses to the quotation request, tabulates the 
combined results, and forwards copies of vendor responses, including 
proposals to the Department Head. 
5. The Department Head reviews the vendor responses and selects the 
vendor from whom to acquire the goods and/or services.  
6. The Department Head then notifies Purchasing of the chosen vendor 
in writing.  Purchasing creates and mails an award letter to the chosen 
vendor. 
7. The Department Head then creates a standard purchase requisition, 
submitting the quotation responses with the Purchase Requisition.    
8. For Public Works Contracts, a formal Town of Colonie General 
Contracting Agreement is required, preceding the Purchase Order.  
a. The requesting Department Head completes a Town Board 
Agenda Request for the Town Board to approve the General 
Contracting Agreement. 

3/13/2025 9:03 AM 
 
TOC Procurement Policy Effective 20250101 Reflecting Amendment on 20241219 On One-Sided Paper.docx 
 
page 12 
b. Following Town Board Approval, the Town Attorney creates 
the document with input from the Department Head.  Once 
approved by all parties, the Agreement is sent to the vendor for 
signature.  
 
Purchasing and Leases above $20,000.00 and/or Public Works 
Contracts above $35,000.00 – Formal Public Bid Procedures 
 
1. For new purchases above $20,000.00 and/or Public Works Contracts 
above $35,000.00, the Department Head creates a “Town Board 
Agenda” form and a document defining the specifications for the 
purchase and rationale.   
2. The Department Head then forwards both documents to the required 
approvers.  Approvers include DPW/Engr. or MIS depending on the 
nature of the purchase and all of the following: Comptroller, Director 
of Purchasing and General Services, and Town Attorney.   
3. The Town Attorney submits the signed “Town Board Agenda” form 
to the Town Board and monitors the response of the Town Board.   
4. The Town Attorney notifies Purchasing and the Department Head in 
writing of the Town Board’s response.   
5. If the Town Board approves the Purchase, Purchasing, working with 
the requesting department will prepare the bid document and legal 
notice. 
6. Purchasing coordinates the submission of the legal notice with local 
papers.   
7. Purchasing also distributes the bid document to vendors by email if 
possible and posts the bid document on the current electronic bid 
distribution service in use at the time. 
8. For bid produced and administered by outside engineering or architect 
firms, Purchasing shall have the opportunity to review and offer 
changes to all bid documents produced on behalf of the Town of 
Colonie.  Once approved Purchasing shall post the legal notice for this 
bid on the current electronic bid distribution service in use at the time. 
9. Upon receipt of Bid responses, the Purchasing Agent tabulates 
responses and forwards copies of the responses and tabulation results 
to the requesting Department Head. 

3/13/2025 9:03 AM 
 
TOC Procurement Policy Effective 20250101 Reflecting Amendment on 20241219 On One-Sided Paper.docx 
 
page 13 
10. The Department Head reviews bid responses and selects the proposed 
vendor to award the purchase.   
11. The Department Head then fills out a “Town Board Agenda” form to 
request formal authorization for the specific purchase.  The “Request 
for Item to be placed on Town Board Agenda” form along with bid 
responses is routed to the same approvers as the preliminary form 
used to authorize the bidding process.   
12. The Town Attorney submits the signed “Town Board Agenda” form 
to the Town Board and monitors the response of the Town Board.   
13. The Town Attorney notifies Purchasing and the Department Head in 
writing of the Town Board’s response.   
14. If the Town Board approves the purchase, the Purchasing creates and 
mails an Award Letter, notifying the vendor of the approval for the 
Purchase.   
15. If the purchase is approved, the Department Head creates a standard 
purchase requisition defining the terms of the purchase and specific 
items and services.     
16. For Public Works Contracts the Town Attorney will prepare a General 
Contracting Agreement or contract for the work which they will 
provide to the awarded vendor.  This step shall be completed prior to 
the department issuing the purchase requisition. 
 
 

3/13/2025 9:03 AM 
 
TOC Procurement Policy Effective 20250101 Reflecting Amendment on 20241219 On One-Sided Paper.docx 
 
page 14 
 
 
Procurement of Professional Services and the Issuance of Requests for 
Proposals 
 
POLICY:  
The procurement of a Professional Service is an exception to the Competitive Bid 
provision of the New York State General Municipal Law.  However, as the use of 
professional services involves the expenditure of public funds, the Town will 
endeavor, where possible, to seek competition for those professional services.  The 
use of a Request for Proposal is the preferred method to seek competition for these 
professional services.  While not every professional service agreement will be 
entered into as the result of an RFP, the determination of when an RFP is required 
shall be made as follows: 
1. The General Services Director in conjunction with the Town Attorney’s Office 
will determine if a service is classified as a Professional Services and eligible 
for the exemption under General Municipal Law. 
2. If the service is determined to be Professional, the Department Head, the 
department Attorney liaison, and the General Services Director will determine 
if an RFP shall be required to enter into this agreement. 
3. If the determination is made that seeking competition is the best interest of the 
Town, the Town will determine if a department issued RFP or a Purchasing 
Department issued RFP is the best course of action of this professional 
Services. 
 
For the purposes of this policy, the Town will reference two types of request for 
proposals: Department Issued and Purchasing Department Issued.  Both will 
service the same purpose: 
1. The Town can review up to date services and technologies available in the 
market place. 
2. Several different approaches to accomplish the request can be evaluated. 
3. Service Providers must compete for the Town’s Business.  This may lead to 
better service and lower cost to the Town. 
 
Department Issues RFP – A request for proposal issued by the requiring 
department.  The document shall provide the scope of services required along with 
any special or technical needs.  The document is issued and received by the 
Department.  Town Board approval of the resulting contract will be required.  A 
copy of the department issued RFP, tabulation of the responses, and a justification 
for award shall be part of the request for Town Board approval. 

3/13/2025 9:03 AM 
 
TOC Procurement Policy Effective 20250101 Reflecting Amendment on 20241219 On One-Sided Paper.docx 
 
page 15 
 
Purchasing Department Issued RFP – A formal request for proposals issued by the 
Purchasing Department.  This RFP shall be issued as follows: 
1. Purchasing will provide a basic format for the Request for Proposal 
document to the initiating department.  The department will be required to 
supply the specifications for the service requested in the RFP.  If the 
specifications are rigorous and technical in nature, the Town may 
subcontract the RFP development to a third-party firm that specializes in 
preparing such documentation.  
2. The final draft of the RFP document shall be approved by the Town 
Attorney and the General Services Director prior to distribution.  
3. Distribution of the RFP shall be handled in the same manner as a 
competitive bid, with the Purchasing Department advertising the RFP, 
distributing the RFP packages, receiving the responses, tabulating the 
companies that provide a proposal, and awarding the RFP. 
4. The initiating department shall be responsible for the review of the proposals 
and the recommendation of an award. 
5. The Town Board shall approve the award of the RFP and any resulting 
contract. 
 
A Request for Proposal (RFP) is a descriptive document that explains in detail the 
requirements and terms associated with the specific services request by the Town 
for service providers.  All request for proposal documents will include the following 
information: 
 Statement or Scope of work requested. 
 Any requirement unique to the request. 
 Any special condition unique to the request. 
 A method of award. 
 
The use of the RFP process may be combined with the competitive bid or quote 
process if the total transaction involves a hybrid of professional services and other 
services or professional services and the acquisition of goods.  If the primary or 
predominant part of the transaction is the professional service, the use of the 
competitive bid or quote process may not be required.  Purchasing will make the 
final determination in conjunction with the Town Attorney’s office as to the need 
for an additional process.  
PROCEDURE: 

3/13/2025 9:03 AM 
 
TOC Procurement Policy Effective 20250101 Reflecting Amendment on 20241219 On One-Sided Paper.docx 
 
page 16 
Action Steps: 
1. Recognize the need for a budgeted professional service that is not 
under Town Contract. 
2. Contacts the General Service Director to review the need and confirm 
the service is an exempt professional service. 
3. Meet with the General Services Director and Town Attorney’s Office 
to determine if seeking competition is in the best interest of the town. 
4. If Department Issued RFP is authorized, issue the RFP request and 
provide results to General Services to review.  Complete Town Board 
Agenda Request form for Town Board Approval. 
5. If a Purchasing Issued RFP is authorized, follow the remaining steps. 
6. Request Town Board Authorization to advertise for the Request for 
Proposal. (if required) 
7. Provide specifications for service requested. 
8. Review responses and recommend an award. 
9. Request Town Board Authorization to award the RFP. 
1. Purchasing Issued RFP’s are handled in a similar manner as an open 
competitive bid: Advertised in the Official Newspaper, Opened at a 
specific time and place, Tabulation of proposers name only, and 
awarded by the Town Board.  
1. The Town Attorney will provide guidance to the Department Head 
related to the RFP process and the end results.   
2. Whether subcontracted or completed by the Department, the Town 
Attorney will review the RFP document to ensure appropriate wording 
to meet Town legal requirements and appropriate risk management for 
the Town. 
3. A contractual agreement must be created and signed by both the Town 
and the Service Provider.  This agreement confirms the terms and 
conditions of the service.   
4. The agreement may be initiated by the Department Head or the service 
provider, then forwarded to the Town Attorney for review.   
 
 
 
 
CREATING AND RECEIPTING AGAINST AN OPEN PURCHASE ORDER 
 

3/13/2025 9:03 AM 
 
TOC Procurement Policy Effective 20250101 Reflecting Amendment on 20241219 On One-Sided Paper.docx 
 
page 17 
POLICY:  
 
Open purchase orders are intended for repetitive low dollar purchases.  They are 
intended to be used for vendors with whom the Town has accounts.  They are not 
intended to reimburse Town Employees who have acquired and paid for goods and 
services using their personal credit cards or cash. See Time and Expense Policies 
and Procedures for this type of reimbursement.  To qualify for an Open Purchase 
Order, purchases must be low dollars per unit and in total.  Each requisition and 
invoice is not to exceed $200 and larger dollar purchases may not be divided into 
$200 increments to fall below the $200 limit.  Department Heads have the 
authority to acquire miscellaneous items and services, but all appropriations must 
be budgeted, and if not must have prior approval from the Comptroller regardless 
of dollar limitations.  
 
Procedures 
 
1. A Town Employee identifies the need for miscellaneous items or service and notifies 
Department Head. 
2. The Department Head confirms the availability of budgeted funds for the item and/or 
service and the need.  If budgeted funds are available and item and/or service is 
repetitively purchased and under $200, the Department Head authorizes designated 
employee to obtain the item and/or service from an agreed upon, pre-approved vendor 
with which the Town has an account.  In anticipation of purchases with these approved 
vendors, the Department Head or designated Department Employee will create an Open 
Purchase Requisition for the vendor, with a single line item for $1.00. If the Vendor ID is 
not on file, the department is to contact Purchasing. A general description is written in the 
first line of the requisition, with $1.00 for the unit price, 1 for the qty, and $1.00 for the 
line amount.  The Appropriation-Fund code is written in the “G/L Account” field. 
3. Obtains authorization to obtain the item and/or service from the Department Head. 
4. Obtains the item and/or service from the pre-authorized vendor and a detailed invoice 
defining the specific item and/or service performed. The receiving employee is required 
to show official Town identification card to the pre-authorized vendor.  The receiving 
employee should verify the accuracy of the invoice and resolve any discrepancies prior 
submitting for payment, then forward the invoice to the Department Head. 
5. The Department Head or designated employee within the department receives invoices 
from the Town Employee and updates the previously created Open Purchase Requisition  
to cover the invoices accumulated from the vendor for each two-week time period (or 
shorter if no additional invoices are anticipated from the vendor during the period).  The 
requisition is then updated with the invoice information.  Replacing the single line 
entered earlier, each invoice becomes a line item on the requisition. The invoice number 
is written in the description for items and services covered by the invoice is written in the 
“Item Description” line.  When the requisition is complete and checked for accuracy, the 
Department must change the ""Order Date"" field ID to the current date and save the 

3/13/2025 9:03 AM 
 
TOC Procurement Policy Effective 20250101 Reflecting Amendment on 20241219 On One-Sided Paper.docx 
 
page 18 
requisition.  The Department then forwards the invoices and the requisition to 
Purchasing.   
6. Purchasing receives the invoices and requisition from the Department Head. If the total 
value of the requisition is less than $200, Purchasing posts the Purchase Order (PO).  If 
the value of the requisition exceeds $ 200, the Purchasing Agent must wait for Deputy 
Comptroller or Comptroller approval written for that specific purchase requisition on the 
“Unapproved Requisitions in Excess of $200” report before posting the Purchase Order. 
 
 
7. Once the Purchase Order is posted, Purchasing posts a receipt in Great Plains for the 
value of each invoice against the corresponding line item on the Purchase Order.  The 
Purchasing Agent then verifies that all line items are received and that the PO is 
complete.   At that point the Purchasing Agent sends a hard copy of the PO and the 
invoice(s) to the Comptroller’s office for vouchering in Accounts Payable. 
8. The Comptroller’s Office reviews any requisitions over $200 to confirm funding.  
 
EMERGENCY PURCHASES: 
 
POLICY:  
 
All purchases of goods and services should be completed using an approved 
Purchase Order.  However there are times when this is not possible due to an 
emergency.   
 
Emergency requisitions are to be used to acquire parts for repairs or for services 
when there is an emergency need which would have a direct impact on the life, 
health and public safety to the general public as defined in General Municipal Law 
§ 103(4). Once a situation has been identified as an emergency, parts for repairs 
and services can be acquired without going through normal procurement approvals 
and procedures.  As soon as practical after the situation has been resolved, a 
requisitions or requisitions shall be entered into the Great Plains system for all 
emergency purchases made.  The requisitions will be reviewed and approved as 
necessary and the Purchase Orders returned to the department.  All invoices must 
be approved by the department manager and marked in red ink as an ""emergency"".  
The Town Board Resolution declaring the Emergency shall be attached to all 
emergency invoices.  Emergency appropriations may be unbudgeted, or in excess 
of budgeted funds.                                                
 
Procedures: 
 
1. Department declares an Emergency Situation per GML 103(4) 

3/13/2025 9:03 AM 
 
TOC Procurement Policy Effective 20250101 Reflecting Amendment on 20241219 On One-Sided Paper.docx 
 
page 19 
2. Purchases of goods and services are made to resolve the emergency 
situation. 
3. As soon as practical after the situation has been resolved, requisitions for the 
purchases of said goods and services are entered into the Great Plains 
system. 
4. Requisitions are reviewed and approved and Purchase Orders are sent to the 
Department. 
5. All related invoices are approved by the Department Head and marked in 
Red Ink with “Emergency”.  The Emergency Town Board Resolution shall 
be attached to the emergency invoices.  Any differences between the original 
requisition and the invoice such as amounts, fund numbers, quantities are 
updated in the Great Plains system by the initiating department and sent to 
Purchasing for processing. 
 
 
 
Straight Claims vs. Requisitions and Purchase Orders 
 
POLICY: 
 
Straight claims are forms that are submitted with vendor invoices to request 
payment under particular procurements.  Use of a Straight Claim form does not 
require purchase orders. In most cases the use of a Straight Claim form does 
require a current, signed contract awarded from the Town of Colonie to the vendor.  
As with all purchases, all appropriations must be budgeted and if not must have 
prior approval from the Comptroller regardless of dollar limitations. 
 
PROCEDURE: 
 
Straight Claim forms are to be used for invoices for the following procurements: 
 
1. Utility Payments – National Grid, Electric Supply, Natural Gas Supply, 
Water and Sewer payment, telephone including cell phone invoices. 
2. Tax Bill Payments 
3. Public Works projects where an engineering firm is managing the project.   
4. Professional Service payment such as Attorney, engineer, Auditor. 
5. Monthly Equipment Rental payment. 
6. Subscriptions and membership payment and renewals 
7. Postage expenses 
8. Grant Payment to outside entities and reimbursement of clients 

3/13/2025 9:03 AM 
 
TOC Procurement Policy Effective 20250101 Reflecting Amendment on 20241219 On One-Sided Paper.docx 
 
page 20 
9. Annual Assessments/fees from Federal, State, County or other government 
agencies. 
 
 
Straight Claims shall not be used for the following and the normal Purchasing 
System shall be used: 
 
1. Any invoice to be processed where a requisitions has already been opened in 
the Great Plains system. 
2. Public Works projects bid by the Town Purchasing Department and 
managed by Town personnel. 
3. Purchases made through State Contracts, Cooperative Contracts, and 
purchases made as the result of Bids and quotes. 
4. Legal notice publications. 
5. Routine services such as industrial gases, fuel, road salt, cleaning supplies, 
etc. 
 
Claim forms are processed directly through the Comptroller’s Office and do not 
need Purchasing review.  When practical the claimant certifications should be 
completed before the form is delivered to the Comptroller’s Office. 
 
 
 
Disposal of Town Surplus Property 
 
Policy:  
 
The policy to dispose of surplus property shall meet the following criteria: 
1. The items will be disposed of in the most cost effective and environmentally 
responsible manner possible. 
2. Every effort shall be made to get the best return to the Town on any property 
to be disposed of that may have significant residual value. 
3. Items to be declared surplus by the Town Board include those items with a 
value of $1,000 or more.  These items will generally be auctioned off to the 
public to obtain the best value for the Town. 
4. Items considered to have a value of under $1,000 will be disposed of in a 
manor determined by the General Services Director. 
 
 
 

3/13/2025 9:03 AM 
 
TOC Procurement Policy Effective 20250101 Reflecting Amendment on 20241219 On One-Sided Paper.docx 
 
page 21 
PROCEDURE: 
 
1. The Department is responsible for determining that an item is surplus and no 
longer needed by the department. 
2. For items on the Department Fixed Asset Report, please contact the Town 
Comptroller Department to determine remaining book value. See Attached 
Fixed Asset Disposition form. 
3. If the item is a motor vehicle or a large piece of equipment please notify the 
Fleet Maintenance Supervisor of the fact this item is now surplus. 
4. The Fleet Maintenance Supervisor will review the maintenance records for 
this item and determine if it is suitable to be offered to another department 
that may have a need for the item. 
5. If the item is deemed not needed by another department, or not suitable for 
the Town to keep, Fleet Maintenance will work with General Services on the 
appropriate disposal method. 
6. If the surplus item is office equipment, furniture, or other similar items, 
please notify the General Services Director that you have surplus items.  
Information needed about the items includes the item description, age, 
working condition, any value estimate, and your recommendation as to 
disposition. 
 
 
 
DISPOSAL PROCESS: 
 
Public Auction: The items that have a value of over $1,000 will generally be 
auctioned to the public.  This auction shall be administered by the General Services 
Department in cooperation with Fleet Maintenance for vehicles and equipment.  
All items to be auctioned shall be submitted for approval to the Town Board prior 
to the beginning date of the auction. 
 
Open Competitive Bid: Some items might be best disposed of through the formal 
open competitive bid process.  For these items all normal bid processes will be 
followed. 
 
Vehicle Buyers: Obtain quotes from companies that are in business to buy used 
vehicles such as CARVANA, CarMax, for example.  If this method is used the 
Town will attempt to obtain 3 quotes to get the best offer for the vehicle. 
 

3/13/2025 9:03 AM 
 
TOC Procurement Policy Effective 20250101 Reflecting Amendment on 20241219 On One-Sided Paper.docx 
 
page 22 
Vehicle Auctions:  At the recommendation of the Fleet Manager, offer the vehicle 
for sale through a local vehicle only auction if it is his belief the Town can obtain a 
better price than other methods. 
 
Donation: Donation to another municipality or political subdivision is another 
option the Town Board may consider. 
 
Sale to another Municipality: Surplus and second-hand items may be sold to other 
political subdivisions or public benefit corporations within the State. 
 
Disposal: Item valued at less than $1,000 may be disposed in the most cost 
effective, environmentally appropriate manner as determined by the General 
Services Director.  The available methods include proper disposal as trash, scrap 
disposal through the Landfill process, or junked.  Any items disposed, scrapped, or 
junked will be itemized and that list provided to the Town Comptroller’s office for 
proper record keeping.  The manner of disposal shall be indicated for each item.  If 
the item is unique or there is an indication that it would be better disposed through 
auction or donation, Town Board approval shall be requested to proceed with that 
disposal method.  If the item is valued at $1,000 or more, but has no useful 
remaining life, Town Board approval shall be obtained prior to the item’s disposal.    
 
Computer Disposal: Any computer items deemed to be surplus and to be disposed 
must be coordinated through the MIS Department.  Special consideration shall be 
taken to remove any data, software, or propriety information prior to disposal.  
MIS shall coordinate the actual disposal with General Services. 
 
 
 
 
 
 
 
Town of Colonie Apprenticeship Program Policy 
 
Policy:  
In accordance with Town of Colonie Town Board Resolution No. 144 for 
2015 of February 26, 2015 and Section 816-b of the New York State Labor 
Law, contractors and subcontractors of Town construction contracts of 
$750,000 or more shall have in place agreements providing appropriate 
apprenticeship training programs approved by the Commissioner of the 

3/13/2025 9:03 AM 
 
TOC Procurement Policy Effective 20250101 Reflecting Amendment on 20241219 On One-Sided Paper.docx 
 
page 23 
Department of Labor for the type and scope of work to be performed before 
the contracts are let.  These agreements shall conform to the procedures and 
requirements set forth in Section 816-b of the New York State Labor Law. 
The Apprenticeship policy is administered through the Town Procurement 
Policy.  However the ultimate authority as to compliance with the policy is 
with the Commissioner of Public Work or his designee and the Town 
Attorney’s Office. 
The Apprenticeship policy includes the following provisions and 
requirements: 
 All contractors and their subcontractors on contracts for public works 
projects of $750,000 or more must comply with this policy regardless 
of the subcontractor’s actual dollar amount of work provided. 
 Any subcontractor used on the project must be to provide a trade or 
service not provided by the contractors own work force for purposes 
of this policy and compliance verification.   
 Compliance with the policy includes providing proof of compliance 
for all trades to be employed on the project.  Determination of the 
trades to be included is at the sole discretion of the Commissioner of 
Public Works or his designee and the Town Attorney’s Office. 
 For Town bids issued by Town contracted professional firms, proof of 
compliance with the apprenticeship program policy will be provided 
to the Town by the professional firm along with any recommendation 
letters.  The Town reserves the right to request additional verification 
of program compliance as necessary. 
 In call cases, such apprenticeship program must be specific to the type 
and scope of work that is being performed and must have a graduation 
rate of at least thirty percent (30%) as determined by the New York 
State Department of Labor. 
 For Bids administered by the Town directly, proof of compliance with 
the apprenticeship program shall be supplied by the apparent low 
bidder to the Town Purchasing Department within two (2) business 
days of the bid tabulation being completed and available to the public.  
The Town reserves the right to request additional documentation to 
verify compliance.  All requested information must be provided 
within two (2) business days from the request.   
 Failure of the low bidder to provide acceptable documentation within 
the time frames above will be deemed non-compliance with the 

3/13/2025 9:03 AM 
 
TOC Procurement Policy Effective 20250101 Reflecting Amendment on 20241219 On One-Sided Paper.docx 
 
page 24 
program and the Town will move to the next low bidder.  That bidder 
will have two (2) business days to provide acceptable verification. 
Acceptable forms of compliance with the apprenticeship program are as 
follows: 
1. Contractor or subcontractor having their own Department of Labor 
approved program for the trades to be used on the project.  
Verification of the approved program(s) of the New York State 
Department of Labor website is acceptable proof of compliance. 
2. Contractor or subcontractor who is a direct signatory with a labor 
union that has a Department of Labor approved program for the trades 
to be used on the project.  Verification of compliance must include the 
following: 
a. Letter on company letterhead from Contractor or subcontractor 
outlining signatory status with a labor union and trades covered 
by that agreement.  
b. Documentation from the labor union identified confirming 
signatory status and access to labor union apprenticeship 
program. 
c. Verification from New York State Department of Labor website 
of an approved program(s) for the labor union. 
 
 
Any questions regarding this policy or compliance requirements shall be 
directed in writing to the General Services Director at the following: 
 
 
 
Town of Colonie 
 
 
 
Purchasing Department 
 
 
 
534 New Loudon Road 
 
 
 
Latham, NY 12110 
 
 
 
Or 
 
 
 
purchasing@colonie.org 
 
General Information 
 
Purchases of supplies and services involving an estimated overall annual 
expenditure by the Town of over $20,000 of like goods or any single public works 
contracts over $35,000 will be awarded only after public advertising and 
solicitation of formal bids, or use of other appropriate means as allowed by law. 

3/13/2025 9:03 AM 
 
TOC Procurement Policy Effective 20250101 Reflecting Amendment on 20241219 On One-Sided Paper.docx 
 
page 25 
This includes one-time purchases, a contract or blanket purchases.  Excluded from 
this are professional services, which are secured through a Request for Proposal.   
 
Legal notices are published in the official Town newspapers, informing the public 
of the products or services being bid, listed on the Town website, as well as being 
posted online at the Empire State Procurement Group site: 
http://www.empirestatebidsystem.com/ 
 
 
Where formal bidding procedures are not required by law and/or resolution, 
pricing will be solicited by the Requesting Department or Purchasing Department 
pursuant to the procedure set forth in Section 104-b of General Municipal Law and 
this document. 
 
The only exceptions are for procurement made pursuant to General Municipal 
Law, Section 103(3) (through County contracts) Section 103(16) (through National 
Cooperatives) or Section 104-b (through state contracts); State Finance Law, 
Section 175-b (from agencies for the blind or severely handicapped); Correction 
Law, Section 186 (articles manufactured in correctional institutions); and approved 
schedules through the Federal GSA program. 
 
Any request to award a quote or bid to any vendor other than the lowest 
responsible bidder must include documentation by the requesting department with 
reasons and justification for the award.  The documentation shall be reviewed by 
the General Services Director in counsel with the Town Attorney’s Office prior to 
any award being made. 
 
 In certain situations, solicitation of alternative proposals or quotes is not practical.  
These may include:  emergencies, true leases and sole source situations and 
combinations of professional services/purchases.  In each of these cases, the 
requesting department, Purchasing, and the Town Attorney’s Office shall analyze, 
justify and clearly document the reasons behind the award.  No awards shall be 
made before contacting the Purchasing Department.   
 
Sole Source & Single Source 
 
Sole source procurement is an exception to the general rules and policies 
stated herein governing the procurement of goods and/or services. Sole 
source procurement may only be used in those rare cases where the goods or 
services sought and required are manufactured, sold or performed by only 

3/13/2025 9:03 AM 
 
TOC Procurement Policy Effective 20250101 Reflecting Amendment on 20241219 On One-Sided Paper.docx 
 
page 26 
one entity and/or individual.  
 
Generally, this will only apply in the following situations: 
 
1. Only one company makes and sells a certain good or provides a 
certain service. 
2. Only one company can service or maintain the equipment without 
voiding the warranty. (Note: This only applies during the warranty 
period. The sole source exemption is not available after the warranty 
expiration. After warranty expiration, repairs and maintenance must 
be bid.) 
3. The Town is leasing equipment like postal machines or copiers that 
have a certain type of consumable component (e.g. ink cartridges) that 
must be used to avoid breaching a warranty or maintenance provision 
of a lease. 
4. It is a service performed by companies that traditionally have 
territories (e.g. cable TV or certain types of equipment dealerships). 
5. Software licensing, maintenance, and/or installation contracts specific 
to the software being purchased, inclusive of upgrades or 
improvements to existing software systems. 
 
In determining whether a purchase qualifies for a Sole Source exemption, 
the procuring department must document, at a minimum: 
 
1. The unique benefits to the Town of the product or service as 
compared to the other products or services available in the 
marketplace; 
2. That no other product or service provides substantially equivalent or 
similar benefits; 
3. That considering the benefits received, the cost of the product or 
service is reasonable in comparison to other products or services in 
the marketplace; and 
4. That there is no possibility of competition from competing dealers or 
distributors.  
 
Sole Source purchases will be reviewed by Purchasing and approved based 
on the written justification from the Requesting Department responding to 
points (1) through (4) above and supporting documentation on the letterhead 
of the entity providing the goods, equipment, commodity or service that they 
are the sole source. 

3/13/2025 9:03 AM 
 
TOC Procurement Policy Effective 20250101 Reflecting Amendment on 20241219 On One-Sided Paper.docx 
 
page 27 
 
 
 
 
 
 
 
 
 
 
 
 
 
Emergency Purchase 
 
What is considered and emergency?  GML 103 (4) defines it as “a public 
emergency arising out of an accident or other unforeseen occurrence or condition, 
whereby circumstances affecting public buildings, public property or the life, 
safety or property of the inhabitants requires immediate action”.  Lack of 
anticipation or planning cannot be deemed as a cause for declaring an emergency.   
A true emergency does not exclude the need for securing competitive pricing, only 
the formal bidding process.  Purchasing should be contacted as soon as the 
emergency need is identified to secure pricing. 
 
 
 
Professional Services 
 
Professional Services are not subject to competitive sealed bidding requirements, 
but are subject to the guidelines of GML 104-b for competitive pricing to be 
obtained for these services. (See Purchasing Procedures section) 
  
Purchase Requisition 
 
The Purchase Requisition provides the means of initiating the Purchase Order 
process for goods and services.  The Purchasing Department is designated to 
review and process requisitioners’ requests; it is the individual department heads 
responsibility to insure that expenditures are within the budgetary appropriations 
and that the proper department account is charged.  
 

3/13/2025 9:03 AM 
 
TOC Procurement Policy Effective 20250101 Reflecting Amendment on 20241219 On One-Sided Paper.docx 
 
page 28 
The Comptroller’s Office and the Purchasing Department must approve the 
funding of every requisition prior to it being converted to a Purchase Order.  
Purchasing approved requisitions up to and including $200.00.  The Comptroller’s 
Office approves all over $200.00. 
 
 Should there be insufficient funds available departments must do a budget transfer 
and secure all the necessary approvals before the order can be processed. 
 
 
Preparation:  
 
The requisitioning department will enter the Requisition on the Town Great Plains 
Purchasing software system.   
 
If the department has a definite reason for ordering from a specific vendor it should 
be noted in the comments, the Purchasing Department will make the final decision 
as to price and vendor after reviewing the requisition and consulting with the using 
department.  Adequate documentation shall also be provided with all requisitions, 
such as any received quotes, references and full descriptions of the items/service 
being ordered, so that Purchasing may procure the desired items/service in a timely 
fashion. 
 
Planning 
 
Anticipate your needs!  Once you have determined what you need, within the 
limitations of your budget, contact purchasing to help you develop the 
specifications for the quote or bid to get the best value possible for the expenditure 
of tax dollars. 
 
The key is time; turnaround time is dependent on many factors ranging from the 
complexity of the specifications, and the need for a pre-bid meeting and 
addendums to the number of bids and quotes currently in process with Purchasing.   
 
Prepayments 
 
Town of Colonie takes the position that unless absolutely necessary, that 
prepayments should not be made using Town funds.  
 
Contact the Purchasing Department to assist you in making the purchase.   
 

3/13/2025 9:03 AM 
 
TOC Procurement Policy Effective 20250101 Reflecting Amendment on 20241219 On One-Sided Paper.docx 
 
page 29 
 
Purchase Orders 
 
The purchase order provides a formal document authorizing the purchase of goods 
and services as well as the necessary authority to pay vendor claims and proof of 
tax-exempt sales.  Purchase orders are prepared by the Purchasing Department 
upon receipt of a complete purchase requisition with all the necessary 
documentation such as contracts, quote, funding, etc. 
 
The Purchasing Department verifies the following before issuing a purchase order: 
 
1. Type of purchase requested 
2. Requisitioning department/ship to location 
3. Vendor information 
4. Contract/Bid/quotation information 
5. Comments/special instructions 
6. Description of goods and services being ordered 
7. Quantity/unit of measure 
8. Unit price/extension and total cost 
9. Fund Number(s)  
 
The Purchasing Department will confirm the best method of procurement upon 
receipt of a requisition. If available, a current Town bid, NYS contract or available 
piggybacking options will be used.  
 
With very few exceptions, a purchase orders must be completed before a 
purchase is made.   
 
If at any time a department finds they will require a competitive bid for a particular 
product or service, they should notify the Purchasing Department to allow time for 
specifications to be developed and the formal bid process to be completed, to meet 
their anticipated needs. 
 
Open Purchase Orders 
 
An open purchase order is created for products or services that are purchased on an 
“as needed” basis from a vendor throughout the year where the dollar value will vary 
for each purchase and an established contract is in place.  These are issued monthly 
as needed and the dollar amounts are limited to $200.00 per department.  The money 

3/13/2025 9:03 AM 
 
TOC Procurement Policy Effective 20250101 Reflecting Amendment on 20241219 On One-Sided Paper.docx 
 
page 30 
for an Open Purchase Order is not encumbered until a receipt transaction is entered 
into the order 
 
Departments are responsible for providing the open purchase order number to the 
vendor and verify that the number also appears on the documentation sent to 
Purchasing for payment processing. 
 
 
Emergency Purchase Order 
 
The Purchasing Department will not approve an emergency purchase order when 
the purchase is not justified, where the purchase is being made to circumvent 
established procedures, or where there is a lack of proper planning. 
 
Receipt and Payment of Goods and Services 
 
Upon receipt of goods and services, the department confirms quantity or 
completion of the service.  As standard business procedure, all Town vendors are 
entitled to prompt payment; therefore receipts should be processed on a day-to-day 
basis.   
 
Delayed Deliveries and Inferior Material Received 
 
Purchasing endeavors to get departments the right material and on time.  There will 
be occasions when inferior goods or services are received or they are not received 
in a reasonable amount of time.  If this should occur you should report the problem 
to Purchasing as soon as possible.  This can be done via email or phone, remember 
to include the vendor name, PO Number, the problem you have with the order and 
what you have done thus far to attempt to correct the situation. 
 
Purchasing will contact the vendor after the receiving department has tried to 
resolve the issue and try to come to a resolution of the problem; if necessary the 
Town Attorney’s Office will be contacted for assistance.   
 
Department of Labor- Notice to Withhold Payment 
 
On occasion the New York State Department of Labor, Bureau of Public Works 
upon receiving complaints for non-payment of prevailing wages shall direct the 
Town to withhold monies due to a vendor.  The original notice is forwarded to the 
Comptroller’s Office; a copy is kept in Purchasing and a copy forwarded to the 

3/13/2025 9:03 AM 
 
TOC Procurement Policy Effective 20250101 Reflecting Amendment on 20241219 On One-Sided Paper.docx 
 
page 31 
Town Attorney’s Office.  These monies are held until notification is received from 
the Department of Labor on how they are to be disbursed. 
 
Competitive Bidding 
 
1. 
AGGREGATE PURCHASES OF LIKE ITEMS IN A 12 MONTH PERIOD 
WHICH ARE IN EXCESS OF $20,000 USED BY THE TOWN  
 
2. 
PUBLIC WORKS CONTRACTS EXCEEDING $35,000 EACH 
 
General Municipal Law Sections 103 and 104-b require annual purchase contracts 
exceeding $20,000 and public works contracts exceeding $35,000 be awarded to 
the lowest responsive/responsible bidder, or bidder offering the “Best Value” bid 
meeting the intent of the specifications after public advertising requesting 
submission of sealed bids. 
 
In determining the necessity for competitive bidding, the aggregate cost of like 
items or commodities estimated to be purchased Town wide in a 12- month period 
are considered. (The 12 months beginning with the date of the first purchase)  
 
The using department(s) in conjunction with the Purchasing Department shall 
prepare bidding specifications; all bids shall include a non-collusion certification 
and indemnification agreement and all other documents required by General 
Municipal Law.  
 
Formal bids/quotes containing a renewal clause shall clearly state the original term 
and any possible renewals terms if mutually agreeable by the vendor and the Town 
of Colonie.   
 
The advertisement for bids shall at a minimum contain a description of the goods 
and/or services being solicited, a statement of the time and place where all bids 
will be publicly opened and read, the time and place of any pre-bid meetings and a 
description of where and how bid documents may be obtained. All bid openings 
will be conducted at a public meeting and all interested parties may attend. 
 
Plan holders lists shall not be released prior to a bid opening as this may adversely 
affect the bids received and/or encourage collusion.  Any requests received by a 
Town department for this information are to be directed to Purchasing.  No 
exceptions are made to this policy. 

3/13/2025 9:03 AM 
 
TOC Procurement Policy Effective 20250101 Reflecting Amendment on 20241219 On One-Sided Paper.docx 
 
page 32 
After the public opening of a sealed bid a tabulation sheet shall be prepared 
recording all pricing as submitted by the responding vendors.  Purchasing shall 
review the bid responses and prepare a bid tabulation.  This along with the copies 
of the bid responses and all supporting documentation needed to evaluate the bid 
responses shall be forwarded to the using department for review and award 
recommendation.  Once the using department and the Purchasing Department are 
in agreement as to the responsive/responsible or best value vendor, the using 
department will create a Town Board Agenda Request Form for the Town Board to 
make the award.  
 
 If during the evaluation of the bid results it is determined not to proceed with a bid 
award, the using department shall prepare a Town Board Agenda Request form to 
reject all bids.  New York State Comptrollers opinion 297 requires an acceptance 
or rejection of formal sealed bids as they are a legal binding offer and some action 
must be taken by the authorizing Board 
 
All renewals shall be coordinated though Purchasing and must be submitted to the 
Town Board for final approval. 
 
Agreements and Contracts for multi-department use are handled by Purchasing and 
are submitted to the Town Board for approval.   
 
Bid Approval Process 
 
Bids for goods and services will be awarded by Town Board resolution after the 
following conditions are met: 
 
1. Sufficient appropriations are contained within the departments’ current 
budget (or budget transfer has been completed) 
2. The department head or their designated representative and the Purchasing 
Director have certified in writing that the bids were received and meet the 
intent of the specifications 
3. The award is made to the bidder submitting the lowest responsive and 
responsible bid per specifications or the bidder offering the “Best Value” bid 
that meets the bid specifications. 
4. The using department shall document the rejection of any low bid deemed 
non-responsive or non-responsible. The using department shall attach a copy 
of said documentation to the Town Board Agenda Request Form and a copy 
shall be supplied to Purchasing.  Said documentation shall be included in the 
bid file. 

3/13/2025 9:03 AM 
 
TOC Procurement Policy Effective 20250101 Reflecting Amendment on 20241219 On One-Sided Paper.docx 
 
page 33 
 
 
 
Conflict of Interest 
 
Any Town employee who has, will have, or acquires an interest in, any actual or 
proposed contract with the Town of which he/she is an officer or employee, shall 
publicly disclose the nature and extent of such interest in writing as part of the 
Town Of Colonie Ethics disclosure as soon as he/she has knowledge of an actual 
or prospective interest.  If an officer or employee has a reason to believe that 
he/she may have a conflict of interest, the office of the Town Attorney should 
be contacted immediately. 
 
 
 
Public Works Contracts 
 
How do you define a “Public Works Contract”?  Any time an item or project 
involves labor or both materials and labor (other than simple delivery of goods) it 
qualifies, such as contracts for construction, demolition, remodeling, maintenance, 
painting, paving and repair contracts. 
 
When do I need prevailing wages?  Whenever you employ laborers, workmen or 
mechanics you need to pay prevailing rates according to Article 8 and 9 of the New 
York State Labor Law, no matter what the dollar amount.  Certified payrolls are 
required before payment is authorized and copies are to be kept on file by the 
Town Attorney’s Office.  
Certificates of Insurance 
 
Town of Colonie is “self-insured” and for that reason we maintain evidence of 
vendor insurance, with ACORD forms on file for vendors who provide services to 
the Town.  Depending on the work performed there are various categories of 
coverage and dollar levels required.     
 
 
Before the Town can enter into a contract with a vendor, valid insurance 
forms must be on file; this includes proof of workers compensation and 
disability forms as required by New York State Workers Compensation and 
Disability Laws. 
 

3/13/2025 9:03 AM 
 
TOC Procurement Policy Effective 20250101 Reflecting Amendment on 20241219 On One-Sided Paper.docx 
 
page 34 
 
 
 
 
Standardization 
 
General Municipal Law Section 103 makes it possible for the Town to standardize 
on a particular type of material or equipment.  A resolution approved by at least 
three-fifths majority of the Town Board, shall state that for reasons of efficiency or 
economy there is a need for standardization.   
 
The resolution shall contain a full explanation supporting such action. 
 
The adoption of such a resolution does not eliminate the necessity for conformance 
to the competitive bidding requirements.  Standardization, restricts the purchase to 
a specific model or type of equipment or supply, but does not limit the vendors it 
can be purchased from. 
 
Standardization should be used very sparingly and only after careful consideration 
of the ramifications to future purchases and maintenance costs as this tends to 
reduce or in some cases eliminate completely competition thus costing the Town 
more than it may save by standardizing. 
 
 
Fixed Asset Management System 
 
The purpose of the fixed asset management system is to establish proper 
procedures for monitoring the movement of fixed assets to maintain accurate 
reporting of asset values as required by NYS Audit and Control. 
 
 
 
General Town Property 
 
The Town Board gives the Purchasing Director the responsibility not only to 
purchase, but also to dispose of and/or transfer supplies, materials and equipment.  
 
 Each department head has the ultimate responsibility to conduct and maintain the 
individual inventory pertaining to that department.  It is also the responsibility of 
the department head to evaluate on a continuing basis the suitability and need for 

3/13/2025 9:03 AM 
 
TOC Procurement Policy Effective 20250101 Reflecting Amendment on 20241219 On One-Sided Paper.docx 
 
page 35 
materials, supplies and equipment.  If they should become obsolete by reason of 
age, wear or technical advancement or should become surplus, unnecessary for the 
operation of his/her department, the department should follow the process outlined 
in the Disposal of Surplus policy.  Purchasing will evaluate the request and 
determine if the item will sold, put up for claim by a Town department or trashed. 
 
 
Fixed Assets 
 
Fixed assets are defined as those properties the Town of Colonie retains more or less 
permanently, not for sale, but for utilization in the normal course of operations 
 
Fixed assets will always imply tangible fixed assets, the general accepted practice, as 
in Town of Colonie, is to record a report fixed assets at their historical acquisition 
cost.  The cost of a fixed asset should include all expenses of transporting the asset 
to the proper location and placing it in the condition necessary for its intended use.  
Only items costing five thousand dollars ($5,000.00) or more will be inventoried.  
This limit has been established as assets under five thousand dollars cost, due to 
time, effort and paperwork cost involved, do not warrant being inventoried.  This 
will be Town policy and all items under the five thousand dollar cost shall be 
considered supplies and inventory control managed within the department.  
 
The Comptroller’s Office staff will conduct periodic fixed asset exams as they see fit 
to assure Town departments are properly tracking Town assets and are prepared for 
New York State Auditors’. 
 
Receiving 
 
The majority of purchase orders are for delivery to the requisitioning department. 
 
Upon receipt of an asset valued over $5,000, Purchasing will complete the Fixed 
Asset Card for the new asset as part of the invoice receipting process.   
 
The only exception to this procedure will be for computer equipment that will be 
maintained and tagged by the Management Information Services Department.  MIS 
will record transfers of equipment and obsolete computer equipment shall be 
disposed of upon approval by the MIS Director using the Town’s Surplus Disposal 
Policy.  MIS will track all computer related items regardless of dollar value and 
maintain a database for all items including those awaiting assignment and disposal. 
 

3/13/2025 9:03 AM 
 
TOC Procurement Policy Effective 20250101 Reflecting Amendment on 20241219 On One-Sided Paper.docx 
 
page 36 
Disposal of large equipment and vehicles shall be done by way of on-line auction 
or open competitive bid depending on the condition and remaining value of the 
asset. 
 
 
 
Procedures for Federal Grant Administration Requirements 
Procurement Standards 
The Town of Colonie does not have a centralized grants department, 
therefore it is the responsibility of each department obtaining a grant to 
administer, and be familiar with, all grant documents and requirements.  If it 
is a Federal Grant, the department should immediately notify the Town of 
Colonie Comptroller’s Office and Purchasing for guidance and assistance.  
For purposes of this policy Department Head applies to the individual within 
a given department who will be responsible for the grant. 
Uniform Guidance Compliance Supplement – General Information 
The following financial policies have been separately reviewed and 
approved by the Colonie Town Board.  These policies are incorporated into 
this document by reference.  All of the policies below are applicable to 
Federal grants where appropriate: 
Town of Colonie Procurement Policies and Procedures 
Code of Ethics of the Town of Colonie (Local Law No. 13 of 1990, Chapter 
17 of the Town Code) 
Affirmative Action Policy 
 
Uniform Guidance Compliance – Procurement Standards 
The type of purchase procedures required depends on the cost of the item(s) 
being purchased.  
Note, the Town’s procurement policy is more restrictive than the federal 
purchase methods below, departments must always follow the most 
restrictive policy. 
Sealed Bids (Formal Advertising): For purchases over $20,000 bids are 
publicly solicited and a firm fixed price contract (lump sum or unit price) is 
awarded to the responsible bidder whose bid, conforming with all the 
material terms and conditions of the invitation for bids, is the lowest in price. 
The sealed bid method is the preferred method for procuring construction, if 
the following conditions apply: 
 
A complete, adequate, and realistic specification or purchase description is 
available; 

3/13/2025 9:03 AM 
 
TOC Procurement Policy Effective 20250101 Reflecting Amendment on 20241219 On One-Sided Paper.docx 
 
page 37 
 Two or more responsible bidders are willing and able to compete 
effectively for the business; and 
 The procurement lends itself to a firm fixed price contract and the 
selection of the successful bidder can be made principally on the basis 
of price. 
 
If sealed bids are used, the following requirements apply: 
 Bids must be solicited from an adequate number of known suppliers, 
providing them sufficient response time prior to the date set for 
opening the bids, for state, local, and tribal governments, the 
invitation for bids must be publically advertised; 
 The invitation for bids, which will include any specifications and 
pertinent attachments, must define the items or services in order for 
the bidder to properly respond; 
 All bids will be opened at the time and place prescribed in the 
invitation for bids, and for local and tribal governments, the bids must 
be opened publicly; 
 A firm fixed price contract award must be made in writing to the 
lowest responsive and responsible bidder. 
Where specified in bidding documents, factors such as discounts, 
transportation cost, and life cycle costs must be considered in determining 
which bid is lowest. Payment discounts will only be used to determine the 
low bid when prior experience indicates that such discounts are usually 
taken advantage of. Any or all bids may be rejected if there is a sound 
documented reason. 
 
Competitive Proposals: The technique of competitive proposals is normally 
conducted with more than one source submitting an offer, and either a fixed 
price or cost-reimbursement type contract is awarded. It is generally used 
when conditions are not appropriate for the use of sealed bids.  
If this method is used, the following requirements apply: 
 
 Requests for proposals must be publicized and identify all evaluation 
factors and their relative importance. Any response to publicized 
requests for proposals must be considered to the maximum extent 
practical; 
 Proposals must be solicited from an adequate number of qualified 
sources; and 

3/13/2025 9:03 AM 
 
TOC Procurement Policy Effective 20250101 Reflecting Amendment on 20241219 On One-Sided Paper.docx 
 
page 38 
 Contracts must be awarded to the responsible firm whose proposal is 
most advantageous to the program, with price and other factors 
considered. 
 
The Town may use competitive proposal procedures for qualifications-based 
procurement of architectural/engineering (A/E) professional services 
whereby proposers' qualifications are evaluated and the most qualified 
proposer is selected, subject to negotiation of fair and reasonable 
compensation. The method, where price is not used as a selection factor, can 
only be used in procurement of A/E professional services. It cannot be used 
to purchase other types of services though A/E firms are a potential source to 
perform the proposed effort. 
 
Contract/Price Analysis: The Town performs a cost or price analysis in 
connection with every procurement action in excess of $20,000, including 
contract modifications. 2 C.F.R. § 200.323(a). A cost analysis generally 
means evaluating the separate cost elements that make up the total price, 
while a price analysis means evaluating the total price, without looking at 
the individual cost elements. 
 
The method and degree of analysis is dependent on the facts surrounding the 
particular procurement situation; however, the Department Head must come 
to an independent estimate prior to receiving bids or proposals. 2 C.F.R. § 
200.323(a).  
 
When performing a cost analysis, the Department Head negotiates profit as a 
separate element of the price. To establish a fair and reasonable profit, 
consideration is given to the complexity of the work to be performed, the 
risk borne by the contractor, the contractor’s investment, the amount of 
subcontracting, the quality of its record of past performance, and industry 
profit rates in the surrounding geographical area for similar work. 2 C.F.R. § 
200.323(b). 
 
The cost plus a percentage of cost and percentage of construction cost 
methods of contracting must NOT be used. 
Noncompetitive Proposals (Sole Sourcing) 
Procurement by noncompetitive proposals is procurement through 
solicitation of a proposal from only one source and may be used only when 
one or more of the following circumstances apply: 
 The item is available only from a single source; 

3/13/2025 9:03 AM 
 
TOC Procurement Policy Effective 20250101 Reflecting Amendment on 20241219 On One-Sided Paper.docx 
 
page 39 
 The public exigency or emergency for the requirement will not permit 
a delay resulting from competitive solicitation; 
 The federal awarding agency or pass-through entity expressly 
authorizes noncompetitive proposals in response to a written request 
from the Town; or 
 After solicitation of a number of sources, competition is determined 
inadequate. 
Full and Open Competition 
All procurement transactions shall be conducted in a manner providing full 
and open competition consistent with 2 C.F.R § 200.319. In order to ensure 
objective contractor performance and eliminate unfair competitive 
advantage, contractors that develop or draft specifications, requirements, 
statements of work, or invitations for bids or requests for proposals must be 
excluded from competing for such procurements.  
 
 
Solicitation Language 
The Town shall ensure that all solicitations incorporate a clear and accurate 
description of the technical requirements for the material, product, or service 
to be procured. Such description must not, in competitive procurements, 
contain features which unduly restrict competition. The description may 
include a statement of the qualitative nature of the material, product or 
service to be procured and, when necessary, must set forth those minimum 
essential characteristics and standards to which it must conform if it is to 
satisfy its intended use. Detailed product specifications should be avoided if 
at all possible. 
 
When it is impractical or uneconomical to make a clear and accurate 
description of the technical requirements, a “brand name or equivalent” 
description may be used as a means to define the performance or other 
salient requirements of procurement. The specific features of the named 
brand which must be met by offers must be clearly stated; and identify all 
requirements which the offerors must fulfill and all other factors to be used 
in evaluating bids or proposals. 2 C.F.R § 
200.319(c). 
Geographical Preferences Prohibited 
The Town shall conduct procurements in a manner that prohibits the use of 
statutorily or administratively imposed state, local, or tribal geographical 
preferences in the evaluation of bids or proposals, except in those cases 

3/13/2025 9:03 AM 
 
TOC Procurement Policy Effective 20250101 Reflecting Amendment on 20241219 On One-Sided Paper.docx 
 
page 40 
where applicable federal statutes expressly mandate or encourage 
geographic preference. When contracting for architectural and engineering 
(A/E) services, geographic location may be a selection criterion provided its 
application leaves an appropriate number of qualified firms, given the nature 
and size of the project, to compete for the contract. 
 
Prequalified Lists 
The Town shall ensure that all prequalified lists of persons, firms, or 
products which are used in acquiring goods and services are current and 
include enough qualified sources to ensure maximum open and free 
competition. Also, the Town must not preclude potential bidders from 
qualifying during the solicitation period. 
Avoiding Acquisition of Unnecessary or Duplicative Items 
The Town shall avoid the acquisition of unnecessary or duplicative items. 
Additionally, consideration is given to consolidating or breaking out 
procurements to obtain a more economical purchase. And, where 
appropriate, an analysis must be made of leases versus purchase alternatives, 
and another other appropriate analysis to determine the most economical 
approach. These considerations are given as part of the process to determine 
the allow ability of each purchase made with federal funds. 
 
Use of Intergovernmental Agreements 
To foster greater economy and efficiency, the Town enters into state and 
local intergovernmental agreements where appropriate for procurement or 
use of common or shared goods and services. 
 
Use of Federal Excess and Surplus Property 
The Town considers the use of federal excess and surplus property in lieu of 
purchasing new equipment and property whenever such use is feasible and 
reduces project costs. 
 
Debarment and Suspension 
The Town awards contracts only to responsible contractors possessing the 
ability to perform successfully under the terms and conditions of a proposed 
procurement. Consideration will be given to such matters as contractor 
integrity, compliance with public policy, record of past performance, and 
financial and technical resources. 
 
The Town may not subcontract with or award sub grants to any person or 
company who is debarred or suspended. For all contracts over $20,000 for 

3/13/2025 9:03 AM 
 
TOC Procurement Policy Effective 20250101 Reflecting Amendment on 20241219 On One-Sided Paper.docx 
 
page 41 
commodities, and $35,000 for public works the Town verifies that the 
vendor with whom the Town intends to do business with is not excluded of 
disqualified. 2 C.F.R. Part 200, Appendix II (1) and 2 C.F.R. §§ 180.220 and 
180.300.  This is done by the Department Head by checking on Sam.gov and 
by completing the Vendor Responsibility Questionnaire.  
 
Maintenance of Procurement Records 
The Town shall maintain records sufficient to detail the history of all 
procurements. These records will include, but are not necessarily limited to 
the following: rationale for the method of procurement, selection of contract 
type, contractor selection or rejection, the basis for the contract price 
(including a cost or price analysis), and verification that the contractor is not 
suspended or debarred (to be supplied by the Department Head, as described 
above). 
 
Settlements of Issues Arising Out of Procurements 
The Town alone is responsible, in accordance with good administrative 
practice and sound business judgment, for the settlement of all contractual 
and administrative issues arising out of procurements. These issues include, 
but are not limited to, source evaluation, protests, disputes, and claims. 
These standards do not relieve the Town of any contractual responsibilities 
under its contracts. Violations of law will be referred to the local, state, or 
federal authority having proper jurisdiction. 
 
 
 
Protest Procedures to Resolve Dispute 
The Town maintains protest procedures to handle and resolve disputes 
relating to procurements and, in all instances, discloses information 
regarding the protest to the awarding agency. 
 
 
 
Standards of Conduct 
In accordance with 2 C.F.R. §200.18(c)(1), the Town maintains the 
following standards of conduct covering conflicts of interest and governing 
the actions of its employees engaged in the selection, award and 
administration of contracts. 
 

3/13/2025 9:03 AM 
 
TOC Procurement Policy Effective 20250101 Reflecting Amendment on 20241219 On One-Sided Paper.docx 
 
page 42 
No employee, officer, or agent may participate in the selection, award, or 
administration of a contract supported by a federal award if he or she has a 
real or apparent conflict of interest. Such a conflict of interest would arise 
when the employee, officer, or agent, any member of his or her immediate 
family, his or her partner, or an organization which employs or is about to 
employ any of the parties indicated herein, has a financial or other interest in 
or a tangible personal benefit from a firm considered for a contract. 
 
The officers, employees, and agents of the Town may neither solicit nor 
accept gratuities, favors, or anything of monetary value from contractors or 
parties to subcontracts, unless the gift is an unsolicited item of nominal 
value.  
 
 
 
Bonding requirements §200.325 
For construction or facility improvement contracts or subcontracts exceeding 
the Simplified Acquisition Threshold, the Town shall require: 
1.  A bid guarantee from each bidder equivalent to five percent of the bid 
price. 
2. A performance bond on the part of the contractor for 100 percent of 
the contract price. 
3. A payment bond on the part of the contractor for 100 percent of the 
contract price. 
Contract provisions §200.326 
The Town’s contracts will contain the applicable provisions described in 
Appendix II to Part 200. 
 
 
 
 
BID PROTEST POLICY 
 
Policy: It is the policy of the Town of Colonie General Services Department, 
Division of Purchasing (Purchasing) to provide vendors with an opportunity 
to administratively resolve “Bid Protests” or inquiries related to bid 
solicitations or contract awards.  Bidders are encouraged to seek resolution 
of disputes through consultation with designated contacts.  All such matters 
will be accorded full, impartial and timely consideration. 

3/13/2025 9:03 AM 
 
TOC Procurement Policy Effective 20250101 Reflecting Amendment on 20241219 On One-Sided Paper.docx 
 
page 43 
Interested parties may also file a formal written dispute according to the 
following procedures. 
Formal Protests: 
A. Definitions 
1.  “Filed” means the complete receipt of any document by 
Purchasing before its close of business. 
2. “Interested Party” for the purpose of filing a dispute relating to 
a solicitation, as used in this section, means and actual or 
prospective bidder or offeror whose direct economic interest 
would be affected by the award of a contract or by the failure to 
award a contract. 
3. “Interested Party” for the purpose of filing a dispute relating to 
a contract award, as used in this section, means an actual bidder 
or offeror for the subject contract.   
4. “Issuance of Award” means the date of the Colonie Town 
Board Resolution awarding the Contract. 
5. “Dispute” means a written objection by an interested party to 
any of the following: 
a. A solicitation or other request by Purchasing for offers for a 
contract for the procurement of commodities, services and 
all construction services. 
b. The cancellation of the solicitation or other request by 
Purchasing.  
c. And award by the Town Board or proposed award of the 
contract by Purchasing. 
d. A termination or cancellation of and award of the contract 
by Purchasing. 
 
B.  Submission of Protests 
1. A formal dispute by an interested party as defined in A. 2 or 3 
must be in writing to Purchasing by certified mail or facsimile. 
2. The dispute must include: 
a.  Name, address, e-mail address, fax and telephone numbers 
of the filer. 
b. Solicitation Name and Opening Date. 

3/13/2025 9:03 AM 
 
TOC Procurement Policy Effective 20250101 Reflecting Amendment on 20241219 On One-Sided Paper.docx 
 
page 44 
c. Detailed statement of the legal and factual grounds for the 
dispute, including a description of resulting prejudice to the 
filer. 
d. Copies of relevant documents. 
e. Request for a ruling by the agency. 
f. Statement as to the form of relief requested. 
g. All information establishing that the filer is an interested 
party for the purpose of filing a dispute. 
h. All information establishing the timeliness of the dispute. 
3. Disputes should be filed with the Director of General Services 
at the following address: 
Town of Colonie 
General Services Department, Division of Purchasing 
534 New Loudon Road 
Latham, NY 12110 
Facsimile: (518) 786-7329 
4. Disputes concerning a solicitation shall be filed by an Interested 
Party (see A.2) with Purchasing no later than 4:00 PM one day 
prior to the date set in the solicitation for receipt of bids.   
5. Disputes concerning a pending or awarded contract must be 
filed within ten (10) business days by and Interested Party (see 
A.3) after the disputing party knows or should have known of 
the facts which form the basis of the dispute: however, a 
dispute may not be filed later than ten (10) days after Issuance 
of the Award. 
6. Purchasing may consider the merits of any dispute. 
 
C.  Submission of Protests 
1. The General Services Director will consider all information 
relevant to the dispute, and may, at his/her discretion, suspend, 
modify, or cancel the disputed procurement action prior to 
issuance of a formal dispute decision. 
2. The General Services Director reserves the right to wave or 
extend the time requirements for decisions and final 
determination on appeals herein prescribed when, in his/her 
sole judgment, circumstances so warrant. 

3/13/2025 9:03 AM 
 
TOC Procurement Policy Effective 20250101 Reflecting Amendment on 20241219 On One-Sided Paper.docx 
 
page 45 
3. Notice of Decision: A copy of the decision, stating the reason(s) 
upon which it is based and informing the filer of the right to 
appeal an unfavorable decision to the Town Attorney shall be 
sent to the filer or its agent by certified mail within thirty (30) 
business days of receipt of the dispute.  
 
D.  Appeals 
1. Should the filer be dissatisfied with the dispute determination, a 
written appeal may be directed to: 
Town of Colonie 
Town Attorney 
534 New Loudon Road 
Latham, NY 12110 
Facsimile: (518) 786-7324 
2. Written notice of appeal of a determination regarding a dispute 
of the Town’s bid solicitations, a pending contract award and/or 
contract award must be received at the above address no more 
than (3) three business days after the date the decision is 
received by the filer.  The decision of the General Services 
Director shall be a final and conclusive determination unless 
appealed to the Town Attorney within such time period. 
3. The Town Attorney shall hear and make a final determination 
on all appeals or may designate a person or persons to act on 
his/her behalf.  The final determination on the appeal shall be 
issued within twenty (20) business days of receipt of the appeal. 
4. An appeal of the decision of the General Services Director shall 
not include new facts and information unless requested in 
writing by the Town Attorney.  
 
E.  Legal Appeals 
Nothing contained in these provisions is intended to limit or 
impair the rights of any vendor or contractor to seek and pursue 
remedies of law through the judicial process. 
 
 
 
 
 

3/13/2025 9:03 AM 
 
TOC Procurement Policy Effective 20250101 Reflecting Amendment on 20241219 On One-Sided Paper.docx 
 
page 46 
TOWN OF COLONIE CHANGE ORDER POLICY 
 
Alterations to construction contracts or other service contracts are called 
Change Orders.  Change Orders authorize additional or altered work to be 
performed that is either necessary to complete the work in the original 
contract as intended or to add work that would not result in a material 
change to the scope of the contract.   
 
Change Orders may occur due to: 
1. The need to add work related to the original scope, to delete work, or 
to otherwise modify the original work scope; 
2. Price overruns or underruns (on a unit price item); 
3. Design errors or omissions; 
4. Unanticipated field conditions; or  
5. Non-material scope of work changes.   
 
A Change Order may not be used to circumvent the competitive bidding 
requirements under General Municipal Law section 103 and 104-b where the 
supplemental work so varied from the original plan, was of such importance, 
or so altered the essential identity or main purpose of the contract, that it 
constitutes a new undertaking.  Change Orders are not subject to competitive 
bidding requirements because they are not viewed as new procurements.  
The Town is allowed to modify contracts without competition so long as 
such modification does not alter the essential identity or main purpose of the 
contract.   
 
While it is not unusual to have deductive Change Orders, Change Orders 
usually increase the cost of the contract.  All Change Orders that increase the 
cost of the contract must be approved by the Town Board.  Accordingly, the 
work that is the subject of the Change Order may not be started prior to 
receipt of such Town Board approval.  The relevant department head must 
provide supporting documentation for any Change Order which must be 
submitted as an attachment to the proposed resolution for Town Board 
consideration.  This supporting documentation may take any form, a 
memorandum for example, but must include a description of the project as 
originally constructed, the change in work as compared to the work that was 
originally contemplated in the contract as well as supporting information 
describing why the Change Order does not constitute a change to the 
essential identity or main purpose of the original contract.    

3/13/2025 9:03 AM 
 
TOC Procurement Policy Effective 20250101 Reflecting Amendment on 20241219 On One-Sided Paper.docx 
 
page 47 
 
All proposed Town Board resolutions must be submitted by twelve o’clock 
noon (12:00 PM) on the Thursday prior to the date of the Town Board 
meeting for which the proposed resolution is to be considered.  All Change 
Orders will be reviewed by the Town Attorney’s Office as well as the 
Director of General Services prior to being scheduled for Town Board 
consideration.  The Town Attorney’s Office and Director of General 
Services will make the final determination as to whether any proposed 
Change Order constitutes a new project for which competitive bidding is 
required.   
 
URGENT CHANGE ORDERS:  The Town recognizes that certain Change 
Orders may arise which are so essential and of such urgency that a 
commitment of public funds must be made prior to the next Town Board 
Meeting.  A Change Order may be considered Urgent for any number of 
reasons including but not limited to a likelihood of the public safety being 
put at risk or irreparable damage being done to the overall project if 
additional work is not immediately approved.  If a department head deems a 
Change Order to be Urgent for any reason, the department head must submit 
all of the above mentioned materials along with a justification for the need to 
have the work immediately approved to the Director of General Services and 
the Town Attorney’s Office.   The Director of General Services and Town 
Attorney’s Office will make the final determination as to whether any 
proposed Urgent Change Order is so essential as to warrant approval prior to 
being considered by the Town Board 
 
 
 
 
 
 
 
 
 
 
 
 
 
 
 

3/13/2025 9:03 AM 
 
TOC Procurement Policy Effective 20250101 Reflecting Amendment on 20241219 On One-Sided Paper.docx 
 
page 48 
POLICIES AND PROCEDURES FOR 
DETERMINING VENDOR RESPONSIBILITY 
 
General 
 
It is the goal of the Town of Colonie (Town) to procure goods or services only from 
responsible vendors.  These policies and procedures shall provide a method for 
determining whether or not a vendor shall be declared non-responsible by the Town.  In 
the competitive bidding process, responsibility need not be determined at the bid opening, 
but must be determined after the bid opening and before an award is made. 
 
Determining Whether a Vendor is Responsible 
 
A vendor responsibility determination is a conclusion reached by the General Services 
Director that a proposed contractor is reliable, trustworthy, financially sound and 
dependable for purposes of award of a service, construction or procurement contract. 
  
To be considered a responsible vendor a company or individual should have appropriate 
legal authority to do business in New York, a satisfactory record of integrity, appropriate 
financial, organizational and operational capacity and controls and acceptable performance 
on previous governmental contracts, if any. 
 
In determining whether a vendor is responsible, the General Services Director shall 
consider, but not be limited to, the following criteria: 
 
 Sufficient financial ability 
 Experience 
 Judgments against the vendor for breach of contract 
 Noncompliance with terms and conditions of previous contracts 
(Note attached department requirements)  
 Criminal conviction arising from contracting 
 Debarment  
 Failure to provide information 
 An unsatisfactory or adverse answer on the Town of Colonie Bidders 
Qualification Questionnaire 
 
An inappropriate response to any of the criteria identified above, or otherwise set forth in 
the applicable invitation for bids or request for proposals, may be cause to determine that 
a vendor is not responsible.  The General Services Director is authorized to require a 
vendor to provide any additional assurances of responsibility, including but not limited 
to, requiring the vendor to provide a guarantee by a financially stronger parent company, 
requiring the Town’s prior approval of all subcontractors used, requiring the Town’s 
prior approval or designation of a particular project manager or superintendent, and 
require a guarantee from the vendor that management will be present at the job site 
during specified times and cooperate fully with the Town. 

3/13/2025 9:03 AM 
 
TOC Procurement Policy Effective 20250101 Reflecting Amendment on 20241219 On One-Sided Paper.docx 
 
page 49 
 
CONDUCTING THE INVESTIGATION 
 
The General Services Director shall obtain all information reasonably relevant to 
conducting an inquiry as to whether a vendor is responsible.  Of course, comprehensive 
information relevant to a vendor’s responsibility should be solicited in the invitation for 
bids or request for proposals.  Nevertheless, additional information may be required from 
a vendor in a particular case. 
 
The investigation may include the following: 
 
 Vendor qualifications:  The General Services Director may require a vendor to 
submit such evidence of its qualifications as deemed necessary. 
 
 Consider all information available:  The General Services Director should consider 
any and all evidence available concerning the financial, technical, and other 
qualifications abilities and past performance of a vendor.  The General Services 
Director should obtain all information reasonably relevant to the inquiry, and not 
only information that is adverse to the vendor. 
 
 Require assurances from the vendor:  The General Services Director should ask the 
vendor to give the Town additional assurances as to its responsibility.  These 
assurances may include, but are not limited to, a guarantee by a financially stronger 
parent company, approval of all subcontractors used, the designation of a particular 
project manager or superintendent, and a guarantee that management will be 
present at the job site during specified times and cooperate fully with the Town. 
 
 Qualification questionnaire:  The General Services Director may require the vendor 
to complete a qualification questionnaire, which should request information such 
as the names of officers and partners, experience and equipment, current contracts 
and future work, association memberships, trade union relationships, list of 
subcontractors utilized, resumes of key personnel, and the latest financial 
statement.  If the review of the questionnaire of the vendor discloses that it may not 
be responsible, the vendor should be invited to meet with the General Services 
Director to resolve or to explain the deficiencies.  If a satisfactory explanation is 
not secured, the General Services Director may, with approval from the Town 
Attorney, determine the vendor to be non-responsible. 
 
After receipt of the additional information from the vendor and other sources, the General 
Services Director shall consult with the using department and the Town Attorney. The 
decision will be made by the Town Attorney as to a determination of the vendor being non-
responsible.   
 

3/13/2025 9:03 AM 
 
TOC Procurement Policy Effective 20250101 Reflecting Amendment on 20241219 On One-Sided Paper.docx 
 
page 50 
 
Procedure if Vendor is Determined to be Not Responsible 
 
If the Town Attorney makes a preliminary determination that a vendor is not responsible, 
the following procedure shall apply: 
 
 Preliminary notice:  Prior to issuing a written determination of non-responsibility, 
the General Services Director shall:   
 
1. notify the vendor in writing of the results of the investigation and 
evaluation 
2. disclose the factual support for the determination of non-responsibility  
3. allow the vendor an opportunity to inspect any documents which relate to 
the determination, if so requested by the vendor within five (5) business 
days after receipt of the notice 
 
 Challenge to evaluation:  Within ten (10) business days after receipt of the notice, 
the vendor may submit rebuttal information challenging the evaluation to the Town 
Attorney. 
 
 Written determination of non-responsibility:  The Town Attorney shall issue a 
written documentation of non-responsibility based on all of the information in the 
possession of the Town, including any rebuttal information.  The written 
determination shall state the basis for the determination.  The written determination 
shall be sent by certified mail, return receipt requested, to the vendor.  The written 
determination shall not otherwise be distributed to any other vendors. 
 
 Timing of determination of responsibility:  The Town Attorney shall issue the 
written determination of non-responsibility within five (5) business days following 
receipt of the rebuttal information.  If the Town Attorney does not receive rebuttal 
information, the Town Attorney shall issue the written determination of non-
responsibility at any time after the ten (10) day period following the date the vendor 
was notified by the General Services Director of the results of the investigation and 
evaluation, but prior to the General Services Director issuing a notice of intent to 
award. 
 
 Hearing if requested: Should the vendor so request in a writing delivered to the 
office of the Town Attorney no later than seven (7) days following the date of the 
Town Attorney’s written determination, vendor shall be given an opportunity to 
present its position regarding responsibility to the Colonie Town Board.  The Town 
Board shall hear the appeal on the date of its next scheduled meeting and issue its’ 
decision regarding non-responsibility. 
 
  Finality of determination:  The Board’s determination shall be final, or if such 
hearing has not been requested, the Town Attorney’s written determination shall be 
final after the aforesaid seven (7) day period. 

3/13/2025 9:03 AM 
 
TOC Procurement Policy Effective 20250101 Reflecting Amendment on 20241219 On One-Sided Paper.docx 
 
page 51 
 
Department Requirements for Determining Vendor Responsibility 
 
1. The Department shall maintain a log of issues with a vendor that have occurred 
that are unacceptable to the Town and that do not meet the bid specifications or 
contact terms and conditions.  This should include: 
a. A description of the occurrence including all details and documents 
available that pertain to the incident. 
b. Reference these to the bid specification requirement that was not met. 
c. A record of all contact made to resolve the issue including who was 
contacted and proposed resolutions. 
d. A description of the outcome of each issue.  This should include related 
costs, safety issues, inconvenience to residents of the Town and any work 
left incomplete as a result. 
2. The Department shall record a pattern of issues that have been addressed with the 
bidder where the outcome was unacceptable to the Town. 
3. The Town Attorney and the Department should work with Purchasing to revise 
the specification for future bids to strengthen our position in avoiding similar 
issues. 
 
 
 
 
 
 
 
 
 
 
 
 
 
 
 
 
 
 
 
 
 
 
 

3/13/2025 9:03 AM 
 
TOC Procurement Policy Effective 20250101 Reflecting Amendment on 20241219 On One-Sided Paper.docx 
 
page 52 
 
 
 
 
 
 
 
 
 
APPENDIX 
 
 
Purchase order Terms and Conditions  
 
Public Works General Contracting Agreement 
 
Vendor Responsibility Questionnaire 
 
 
 
 
 
 
 
 
 
 
 
 
 
 
 
 
 
 
 
 
 
 
 

3/13/2025 9:03 AM 
 
TOC Procurement Policy Effective 20250101 Reflecting Amendment on 20241219 On One-Sided Paper.docx 
 
page 53 
 
 
 
 
 
CONDITIONS GOVERNING ALL TOWN OF COLONIE 
 PURCHASE ORDERS 
 
1)  The Town of Colonie is not responsible for materials, supplies or 
equipment delivered without authority of its purchase order. 
 
2)  All materials shipped by freight, express or parcel post must have all 
charges fully prepaid to point of delivery unless otherwise arranged for 
and expressly stated on the purchase order. 
 
3)  Include itemized packing slips with all shipments or deliveries.  Show 
name of department for whom delivery is intended and purchase order 
number on the packing slip. 
 
4)  Invoices must be rendered on the date of complete shipment of all 
materials on Town orders.  Separate invoices for partial shipments are not 
allowed unless otherwise arranged for and expressly stated on the 
purchase order. 
 
5)  Individual invoices are required for each order.  Invoice must be itemized 
in detail.   
 
 
6)  Cash discount terms must be indicated on purchase order.  Discount 
offered will be computed from the time of final inspection and acceptance 
at delivery or from date of vendor/contractor certified corrected billing on 
Town purchase order, whichever is later. 
 
7)  All materials, supplies and equipment received are subject to inspection 
and acceptance by the Town of Colonie. 
 
8)  If unable to fill a Town order exactly in accordance with description, unit 
and price thereon, communicate at once with the General Services 
Department, Purchasing Division at (518) 783-2726.  The Town reserves 
the right to reject and return at shipper’s expense any or all materials or 
supplies delivered which do not conform to our description or 
specifications.  
 
 
9) If there is any part of a Town order you cannot fill promptly or within the 
time specified, notify the General Services Department, Purchasing 

3/13/2025 9:03 AM 
 
TOC Procurement Policy Effective 20250101 Reflecting Amendment on 20241219 On One-Sided Paper.docx 
 
page 54 
Division (518) 783-2726 at once.  We reserve the option to cancel the 
order or any part thereof if not filled promptly. 
 
10) Where items are tax paid by the manufacturer, the tax should be 
deducted as a separate item and an exemption certificate will be executed 
by the Town on any such items to enable the vendor to recover the tax 
from the manufacturer. 
 
11) Invoices must contain the Town of Colonie Purchase Order Number.  
 
 
For question concerning these terms, please contact the Town of Colonie, 
General Services Department, Purchasing Division at (518) 783-2726 or at 
purchasing@colonie.org 
 
 
 
Effective 6/2/2022 
 
 
 
 
 
 
 
 
 
 
 
 
 
 
 
 
 
 
 
 
 
 
 
 
 
 
 

3/13/2025 9:03 AM 
 
TOC Procurement Policy Effective 20250101 Reflecting Amendment on 20241219 On One-Sided Paper.docx 
 
page 55 
TOWN OF COLONIE 
VENDOR RESPONSIBILITY QUESTIONNAIRE 
 
This Qualification Questionnaire should be submitted to the Town of Colonie General Services 
Department along with any initial bid by each bidding entity.  It will be kept on file by the 
General Services Department and should be supplemented thereafter whenever changes/additions 
so necessitate. 
 
1.  VENDOR IS: 
           PRIME CONTRACTOR                        
 
 
2.  VENDOR’S LEGAL BUSINESS NAME 
 
 
 
 
3.  IDENTIFICATION NUMBERS 
 
      a) FEIN # 
 
      b) DUNS # 
 
 
 
4.  D/B/A – Doing Business As (if applicable) & COUNTY FIELD: 
 
 
 
 
5.  WEBSITE ADDRESS (if applicable) 
 
6.  ADDRESS OF PRIMARY PLACE OF BUSINESS/EXECUTIVE OFFICE 
 
 
 
7.  TELEPHONE 
NUMBER 
 
8.  FAX NUMBER 
 
9.  ADDRESS OF PRIMARY PLACE OF BUSINESS/EXECCUTIVE OFFICE  
IN NEW YORK STATE, if different from above 
 
 
 
10.   TELEPHONE 
NUMBER 
 
11.  FAX NUMBER 
 
12.  AUTHORIZED CONTACT FOR THIE QUESTIONNAIRE 
 
Name 
 
Title 
 
Telephone Number 
 
Fax Number 
 
e-mail 
 
 
13.  LIST ALL OF THE VENDOR’S PRINCIPAL OWNERS.  
 
a) NAME 
 
 
TITLE 
 
b) NAME 
 
TITLE 
 
 
c) NAME 
 
 
TITLE 
 
d) NAME 
 
TITLE 
 
A DETAILED EXPLANATION IS REQUIRED FOR EACH QUESTION ANSWERED WITH A “YES,” AND MUST BE PROVIDED AS AN 
ATTACHMENT TO THE COMPLETED QUESTIONNAIRE.  YOU MUST PROVIDE ADEQUATE DETAILS OR DOCUMENTS TO AID 
THE TOWN IN MAKING A DETERMINATION OF VENDOR RESPONSIBILITY.  PLEASE NUMBER EACH RESPONSE TO MATCH 
THE QUESTION NUMBER. 
 
 
14. 
 
DOES THE VENDOR USE, OR HAS IT USED IN THE PAST FIVE (5) YEARS, ANY OTHER BUSINESS 
NAME, FEIN, or D/B/A OTHER THAN THOSE LISTED IN ITEMS 2-4 ABOVE? List all other business 
name(s), Federal Employer Identification Number(s) or any D/B/A names and the dates that these names or 
numbers were/are in use.  Explain the relationship to the vendor. 
 
 
 Yes     
 No 
 
15. 
 
 
ARE THERE ANY INDIVIDUALS NOW SERVING IN A MANAGERIAL OR CONSULTING CAPACITY 
TO THE VENDOR, INCLUDING PRICIPAL OWNERS AND OFFICERS, WHO NOW SERVE OR IN THE 
PAST ONE (1) YEARS HAVE SERVED AS: 
 
a) An elected or appointed public official or officer? 
List each individual’s name, business title, the name of the organization and position elected or appointed 
to, and dates of service 
 
b) An officer of any political party organization in the Town of Colonie, whether paid or unpaid?
 
 
 
 Yes     
 No 
 
 
 Yes     
 No 

3/13/2025 9:03 AM 
 
TOC Procurement Policy Effective 20250101 Reflecting Amendment on 20241219 On One-Sided Paper.docx 
 
page 56 
List each individuals name, business title or consulting capacity and the official political position held 
with applicable service dates. 
 
 
 
 
 
 
 
 
 
 
16. 
 
 
WITHIN THE PAST (5) YEARS, HAS THE VENDOR, ANY INDIVIDUALS SERVING IN MANAGERIAL 
OR CONSULTING CAPACITY, PRINCIPAL OWNERS, OFFICERS, MAJOR STOCKHOLDER(S) (10% 
OR MORE OF THE VOTING SHARES FOR PUBLICLY TRADED COMPANIES, 25% OR MORE OF THE 
SHARES FOR ALL OTHER COMPANIES), AFFLITIATE1 OR ANY PERSON INVOLVED IN THE 
BIDDING OR CONTRACTING PROCESS: 
 
 
 
 
a) 
 
 
1. been suspended, debarred or terminated by a local, state or federal authority in connection with a 
contract or contracting process; 
 
2. been disqualified for cause as a bidder on any permit, license, concession franchise or lease; 
 
3. entered into an agreement to a voluntary exclusion from bidding/contracting; 
 
4. had a bid rejected on a Town of Colonie contract for failure to comply with the MacBride Fair 
Employment Principles; 
 
5. been subject to an administrative proceeding or civil action seeking specific performance or 
restitution in connection with any local, state or federal government contract; 
 
6. been denied an award of a local, state or federal government contract, had a contract suspended or 
had a contract terminated for non-responsibility; or  
 
7. had a local, state or federal government contract suspended or terminated for cause prior to the 
completion of the term of the contract. 
 
 
 
 Yes     
 No 
 
 
 
 
b) 
 
 
 
been indicted, convicted, received a judgment against them or a grant of immunity for any business-
related conduct constituting a crime under local, state or federal law including but not limited to, fraud 
extortion, bribery, racketeering, price-fixing, bid collusion or any crime related to truthfulness and/or 
business conduct? 
 
 Yes     
 No 
 
 
 
 
 
c) 
 
 
been issued a citation, notice, violation order, or are pending an administrative hearing or proceeding or 
determination of violations of: 
 
1. federal, state or local health laws, rules or regulations. 
 
 
 
 
 
 
 
 Yes     
 No  
 
17. 
 
IN THE PAST THREE (3) YEARS, HAS THE VENDOR OR ITS AFFILIATES HAD ANY CLAIMS, 
JUDGMENTS, INJUNCTIONS, LIENS, FINES OR PENALTIES SECURED BY ANY GOVERNMENTAL 
AGENCY? 
Indicate if this is applicable to the submitting vendor or affiliate.  State whether the situation(s) was a claim, 
judgment, injunction, lien or other with an explanation.  Provide the name(s) and address(es) of the agency, the 
amount of the original obligation and outstanding balance.  If any of these items are open, unsatisfied, indicate 
the status of each item as “open” or “unsatisfied.” 
 
 
 Yes     
 No 
 
18. 
 
DURING THE PAST THREE (3) YEARS, HAS THE VENDOR FAILED TO: 
 
a) file returns or pay any applicable federal, state or city taxes? 
Identify the taxing jurisdiction, type of tax, liability year(s), and tax liability amount the vendor failed 
to file/pay and the current status of the liability. 
 
b) file returns or pay New York State unemployment insurance? 
Indicate the years the vendor failed to file/pay the insurance and the current status of the liability. 
 
 
 
 
 
 Yes     
 No 
 
 
 Yes     
 No 
 
 
1 “Affiliate” meaning: (a) any entity in which the vendor owns more than 50% of the voting stock; (b) any 
individual, entity or group of principal owners or officers who own more than 50% of the voting stock of 
the vendor; or (c) any entity whose voting stock is more than 50% owned by the same individual, entity or 
group described in clause (b).  In addition, if a vendor owns less than 50% of the voting stock of another 
entity, but directs or has the right to direct such entity’s daily operations, that entity will be an “affiliate” for 
purposes of this questionnaire.  
 

3/13/2025 9:03 AM 
 
TOC Procurement Policy Effective 20250101 Reflecting Amendment on 20241219 On One-Sided Paper.docx 
 
page 57 
 
 
19. 
 
HAVE ANY BANKRUPTCY PROCEEDINGS BEEN INITIATED BY OR AGAINST THE VENDOR OR 
ITS AFFILIATES WITHIN THE PAST SEVEN (7) YEARS (WHETHER OR NOT CLOSED) OR IS ANY 
BANKRUPTCY PROCEEDING PENDING BY OR AGAINST THE VENDOR OR ITS AFFILIATES 
REGARDLESS OR THE DATE OF FILING? 
Indicate if this is applicable to the submitting vendor or affiliate.  If it is an affiliate, include the affiliate’s name 
and FEIN.  Provide the court name, address and docket number.  Indicate if the proceedings have been initiated, 
remain pending or have been closed.  If closed, provide the date closed. 
 
 
 
   
 Yes     
 No 
 
20. 
 
IS THE VENDOR CURRENTLY INSOLVENT, OR DOES VENDOR CURRENTLY HAVE REASON TO 
BELIEVE THAT AN INVOLUNTARY BANKRUPTCY PROCEEDING MAY BE BROUGHT AGAINST 
IT? Provide financial information to support the vendor’s current position, for example, Current Ration, Debt 
Ration, Age of Accounts Payable, Cash Flow and any documents that will provide the agency with an 
understanding of the vendor’s situation. 
 
 
 Yes     
 No 
 
 
 
 
21. 
 
 
IN THE PAST FIVE (5) YEARS, HAS THE VENDOR OR ANY AFFILIATES: 
 
a) defaulted or been terminated on, or had its surety called upon to complete, any contract (public or private) 
awarded; 
 
Indicate if this is applicable to the submitting vendor or affiliate.  Detail the situation(s) that gave rise to the 
negative action, any corrective action taken by the vendor and the name of the contracting agency.   
 
 
 Yes     
 No 
22. 
HAS THE VENDOR OR ANY AFFILIATES RECEIVED TWO FINAL DETERMINATIONS WITHIN ANY 
CONSECUTIVE SIX-YEAR PERIOD, THE SECOND FINAL DETERMINATION OCCURING WITHIN 
THE PAST FIVE-YEARS, THAT YOUR FIRM WILLFULLY FAILED TO PAY THE PREVAILING RATE 
OF WAGES OR TO PROVIDE SUPPLEMENTS IN ACCORDANCE WITH ARTICLE 8 OF THE LABOR 
LAW. 
If yes, indicate if this is applicable to the submitting vendor or affiliate.  If it is an affiliate, include the affiliate’s 
name and FEIN. For either, provide details. 
 Yes     
 No 
 
 
 
 
BIDDERS QUALIFICATION 
 
 
The undersigned guarantees the accuracy of all statements and answers herein contained.  (Please 
print in ink or type in the spaces provided).  Attach additional sheets if necessary.  This statement of 
Bidder's qualifications is required of all Bidders.  Additional data on Bidder's qualifications may be 
requested from selected Bidders after the Bid opening. 
 
1. 
How many years has your firm been in business as a Contractor? 
 
2. 
List up to three projects of this nature that you have completed in the last three years, and give 
the name, address and telephone number of a reference from each.  Also give the completion date, the 
original contract bid price and the completed cost of each project listed. 
 
 
 
 
 
 
 
 
 
3. 
List projects presently under construction by your firm, the 
 
dollar volume of the contract and the percentage completion of the contract. 

3/13/2025 9:03 AM 
 
TOC Procurement Policy Effective 20250101 Reflecting Amendment on 20241219 On One-Sided Paper.docx 
 
page 58 
 
 
 
 
 
 
 
4.. 
Do you plan to sublet any part of this work?  If so, give details. 
 
 
 
 
 
5. 
What equipment do you own that is available for this work?  
 
 
 
 
 
 
6. 
What equipment do you plan to rent or purchase for this work? 
 
 
 
 
 
 
 
7. 
Have you ever performed work under the direction of a Professional Engineer or Registered 
Architect?  If so, list up to three such firms giving the name of the firm, its address, telephone number and 
the name of the project.  (List most recent projects). 
 
 
 
 
 
 
8. 
Give the name, address and telephone number of an individual who represents each of the 
following and whom the Owner may contact to investigate your financial responsibility:  a surety, a bank, 
and a major material supplier. 
 
 
 
 
 
 
 
 
 
9. 
Give a summary of your financial statement.  (List assets and liabilities; use an insert sheet if 
needed) 
 
 

3/13/2025 9:03 AM 
 
TOC Procurement Policy Effective 20250101 Reflecting Amendment on 20241219 On One-Sided Paper.docx 
 
page 59 
TOWN OF COLONIE 
VENDOR RESPONSIBILITY QUESTIONNAIRE 
 
FEIN # 
State of: 
 
) 
 
 
 
) ss: 
County of: 
 
) 
 
CERTIFICATION: 
 
The undersigned: recognizes that this questionnaire is submitted for the express purpose of assisting the 
Town of Colonie in making a determination regarding an award of contract or approval of a subcontract; 
acknowledges that the Town may in its discretion, by means which it may choose, verify the truth and 
accuracy of all statements made herein; acknowledges that intentional submission of false or misleading 
information may constitute a felony under Penal Law Section 210.40 or a misdemeanor under Penal Law 
Section 210.35 or Section 210.45, and may also be punishable by a fine and/or imprisonment of up to five 
years under 18 USC Section 1001 and may result in contract termination; and states that the information 
submitted in this questionnaire and any attached pages is true, accurate and complete. 
 
The undersigned certifies that he/she: 
 
Has not altered the content of the questions in the questionnaire in any manner; 
 
Has read and understands all of the items contained in the questionnaire and any pages attached 
by the submitting vendor; 
 
Has supplied full and complete responses to each item therein to the best of his/her knowledge, 
information and belief; 
 
Is knowledgeable about the submitting vendor’s business and operations; 
 
Understands that the Town of Colonie will rely on the information supplied in the questionnaire 
when entering into a contract with the vendor; 
 
 Is under duty to notify the Town of Colonie Purchasing Division of any material changes to the 
vendor’s responses. 
 
 
Name of Business 
 
 
 
Signature of Owner 
_________________________ 
 
Address 
 
 
 
 
Printed Name of Signatory 
___________________ 
 
City, State, Zip 
 
 
 
Title 
 
 
Sworn before me this _____ day of _____________, 20___; 
_________________________ 
Notary Public 
 
 
_____________________________________ 
 
 
 
Printed Name 
 
 
____________________________________ 
 
 
 
Signature 
 
 
_____________________________________ 
 
 
 
Date"
public,USER -01 Digital Accessibility Policy.pdf,pdf,5,9419,"1 
 
 DIGITAL ACCESSIBILITY POLICY 
 
See Also: 
RCW 43.105.054 WaTech Governance 
RCW 43.105.052 Powers and duties of agency—Application to higher education, legislature, and judiciary.  
RCW 43.105.020 (22) “State agency” 
 
1. All covered technology must be accessible to and usable by individuals with 
disabilities, either directly or by supporting the use of assistive technology. The 
USER-01-01-S Digital Accessibility Standard outlines the minimum levels for 
compliance.  
a. This includes all technology whether: 
i. Acquired.  
ii. Procured. 
iii. Developed.  
iv. Substantially modified.  
v. Substantially enhanced.  
vi. Technology available at no cost. 
2. Regardless of exceptions provided in this policy, agencies must provide 
individuals with disabilities with effective communication, reasonable 
modifications, and an equal opportunity to participate in or benefit from their 
services, programs, and activities. 
3. The following exceptions apply to public facing content: 
a. Web content that meets all four of the following points: 
i. The content was created before the date the state or local 
government must comply with this rule, or reproduces paper 
documents or the contents of other physical media (audiotapes, film 
negatives, and CD-ROMs for example) that were created before the 
government must comply with this rule; and 
ii. The content is kept only for reference, research, or 
recordkeeping; and 
USER-01 
State CIO Adopted: Dec. 10, 2024    
TSB Approved: Dec. 10, 2024    
Sunset Review: Dec. 10, 2027    
Replaces: 
Policy 188 
March 10, 2010 
 

2 
 
iii. The content is kept in a special area for archived content, and 
iv. The content has not been changed since it was archived. 
b. Preexisting conventional electronic documents that meet all of the 
following points: 
i. The documents are word processing, presentation, PDF, or 
spreadsheet files; and 
ii. They were available on the stated or local government’s website or 
mobile app before the date the state or local government must 
comply with this rule; and 
iii. Documents that are not currently being used to apply for, access, or 
participate in a state or local government’s services, programs, or 
activities. 
c. Content posted by a third party when outside of contractual, licensing, or 
other arrangements with a public entity. Tools and platforms that allow third 
parties to post content are not part of this exception. 
d. Individualized documents meet all three of the following conditions: 
i. The documents are word processing, presentation, PDF, or 
spreadsheet files; and 
ii. The documents are about a specific person, property, or account; 
and 
iii. The documents are password-protected or otherwise individually 
secured. 
e. Preexisting social media posts.  
f. Where strict adherence would result in a fundamental alteration in the 
nature of a service, program, or activity of the public entity or in undue 
financial and administrative burdens. 
4. Where a covered technology is not able to be brought into compliance, the 
system or content owner is responsible for providing individuals with disabilities 
equivalent access. 
5. Effective July 1, 2029, in addition to the requirements set forth in this policy for 
covered technology, all content and tools that employees or users need to 
perform essential job duties, access information, or participate in programs must 

3 
 
be accessible or content owner is responsible for providing individuals with 
disabilities equivalent access. 
6. Technology that agencies use at an enterprise level must be held responsible at 
the service owner level.  
7. This policy does not release agencies of their responsibility to provide language 
access, physical access to buildings, accessible communications to their staff and 
the public with limited or no internet access, where digital communications may 
not meet the needs. Agencies must also follow the relevant state policies for 
language access and disability access. 
8. WaTech will sponsor annual digital accessibility awareness training for state 
agency consumption. WaTech will update this training to keep up with changes 
in the industry as needed. 
9. Agencies must develop an agency policy to support and ensure compliance with 
this policy and USER-01-01-S Digital Accessibility Standard. 
a. Agencies must have a digital accessibility policy that describes how the 
agency will execute the state policy and defines accessibility roles and 
responsibilities within the agency to support this, including the accessibility 
coordinator.  
b. Agencies will require and document annual digital accessibility awareness 
training for all employees. 
c. Agencies will require and document additional training for roles with a 
larger impact on IT accessibility, such as software development. Agencies 
will determine and document the frequency of the training.  
10. Agencies must evaluate current technology accessibility to develop and 
implement an IT Accessibility Plan and update it at least annually.  
a. The agency’s IT Accessibility Plan identifies how the agency will ensure new 
covered technologies are accessible and the plan for making existing 
covered technologies accessible. See Guidance on Applying WCAG 2 to 
Non-Web Information and Communications Technologies (WCAG2ICT) 
(w3.org) 
b.  Agency plans must minimally contain: 
i. A list of prioritized non-accessible covered technology 
recommended alternative access methods, and actions to correct the 
issue.  

4 
 
1. Agencies must consider impact to users and frequency of use 
when prioritizing corrective action, especially for users with 
disabilities and/or users of assistive technology.  
2. Agencies must consult community members with related lived 
experience in building IT Accessibility Plan priorities. 
ii. Agencies must identify what agency functions are needed by state 
staff and members of the public and evaluate non-accessible content 
impacts to those functions. 
c. Agencies must post a public version of their IT Accessibility Plan including 
recommended alternative access methods. This may be incorporated into 
the Americans with Disabilities Act transition plan. See ADA Update: A 
Primer for State and Local Governments, Planning for Success 
11. Agencies must identify an information technology accessibility coordinator to be 
the key contact regarding the agency's information technology accessibility plan 
and to support complaint resolution.  
a. Agencies must have contact information for the agency accessibility 
coordinator for any individuals who may encounter access issues or need to 
request alternate formats.  
b. Agencies may need to meet additional requirements for federal or other 
partners. 
12. Agencies must develop processes and procedures to ensure new covered 
technology is accessible according to the USER-01-01-S Accessibility Standard. 
REFERENCES 
 
1. Definition of Terms Used in WaTech Policies and Reports. 
2. Guidance on Applying WCAG 2 to Non-Web Information and Communications 
Technologies (WCAG2ICT).  
3. USER-01-01-S Digital Accessibility Standard. 
4. Executive Order 24-05 Improving Employment Outcomes for People with 
Disabilities. 
CONTACT INFORMATION 
 
For questions about this policy, please email the WaTech Policy Mailbox.  
For technical assistance, please request support at support@watech.wa.gov. 
 
 
 

5 
 
DEFINITIONS 
 
Covered Technology: 
All public-facing digital content and tools, including: 
• Websites, 
• applications,  
• documents and media,  
• blog posts, and  
• social media content.  
 
Certain non-public-facing content that must also comply including:  
• All electronic content used for official business to communicate,  
• emergency notifications,  
• internal data collection structures, 
• initial or final decisions adjudicating administrative claims or proceedings,  
• internal or external program or policy announcements,  
• notices of benefits, program eligibility, employment opportunities, or 
• personnel actions, formal acknowledgements or receipts. 
 
Disability  
An actual, perceived, or non-apparent physical, sensory, mental, or cognitive 
condition that has an adverse effect on a person’s ability to carry out day-to-day life 
functions. Environmental barriers may hinder persons with disabilities from fully and 
effectively participating on an equitable basis (Diversity, Equity, Inclusion (DEI 
Glossary | SPSCC) 
 
Equivalent Access 
Equivalent access has such a minimal impact on access that it would not affect the 
ability of individuals with disabilities to use the agency’s web content or mobile app 
to do any of the following in a manner that provides substantially equivalent 
timeliness, privacy, independence, and ease of use: 
a. Access the same information as individuals without disabilities. 
b. Engage in the same interactions as individuals without disabilities. 
c. Conduct the same transactions as individuals without disabilities; and 
d. Otherwise participate in or benefit from the same services, programs, and 
activities as individuals without disabilities. 
 
Information Technology Accessibility/Digital Accessibility 
Information technology accessibility or digital accessibility means all people can 
perceive, understand, navigate, and interact with electronic information and be active 
in the digital world. Accessibility supports social inclusion."
synthetic,COMPANY_PROFILE.md,markdown,1,602,"# Fake company profile: MapleSure Operations

## Overview
MapleSure Operations is a fictional Canadian services company that supports insurance administration, claims intake, member support, vendor management, and corporate operations.

## Departments
- Human Resources (HR)
- Finance
- Operations
- IT & Security
- Procurement
- Customer Care
- Compliance

## Knowledge assistant use cases
- HR policy Q&A
- Travel and expense questions
- Version comparison across policy updates
- Approval-threshold extraction
- Checklist generation for onboarding and audits
- Source-grounded answers with citations"
synthetic,CUSTOMER_COMPLAINT_HANDLING_GUIDE.md,markdown,1,785,"# Customer Complaint Handling Guide

## Metadata
- document_title: Customer Complaint Handling Guide
- version: 1.0
- department: Customer Care
- effective_date: 2025-05-15
- doc_type: guide
- source_type: synthetic

## 1. Intake
All complaints must be logged in the case management system within 1 business day.

## 2. Severity levels
- Low: service issue with no financial impact
- Medium: repeat service issue or moderate delay
- High: financial harm, privacy concern, or regulatory risk

## 3. Escalation
High-severity complaints must be escalated to Compliance on the same business day.

## 4. Response timelines
Initial acknowledgement must be sent within 2 business days. Final resolution target is 10 business days for low/medium severity and 5 business days for high severity."
synthetic,EMPLOYEE_HANDBOOK_V1.md,markdown,1,1244,"# Employee Handbook v1

## Metadata
- document_title: Employee Handbook
- version: 1.0
- department: HR
- effective_date: 2025-01-01
- doc_type: handbook
- source_type: synthetic

## 1. Purpose
This handbook describes the core employment practices of MapleSure Operations.

## 2. Work Hours
Standard work hours are 9:00 AM to 5:00 PM local time, Monday to Friday. Managers may approve flexible schedules based on team needs.

## 3. Remote Work
Employees may work remotely up to three days per week with manager approval. Fully remote roles require director approval and must be documented in the employee record.

## 4. Leave
Full-time employees receive 15 vacation days annually. Sick leave is accrued at 1.25 days per month. Personal emergency leave may be approved by HR for exceptional circumstances.

## 5. Code of Conduct
Employees must protect confidential information, avoid harassment and discrimination, and follow all information-security requirements.

## 6. Equipment
Company-issued laptops must be used for all work involving internal systems. Personal devices may not store customer data.

## 7. Training
All new hires must complete information-security training and workplace conduct training within 10 business days of joining."
synthetic,EMPLOYEE_HANDBOOK_V2.md,markdown,1,1371,"# Employee Handbook v2

## Metadata
- document_title: Employee Handbook
- version: 2.0
- department: HR
- effective_date: 2025-09-01
- doc_type: handbook
- source_type: synthetic

## 1. Purpose
This handbook describes the core employment practices of MapleSure Operations.

## 2. Work Hours
Standard work hours are 8:30 AM to 4:30 PM local time, Monday to Friday. Managers may approve flexible schedules based on business coverage requirements.

## 3. Remote Work
Employees may work remotely up to four days per week with manager approval. Fully remote roles require director approval and annual review.

## 4. Leave
Full-time employees receive 18 vacation days annually. Sick leave is accrued at 1.25 days per month. Up to two wellness days may be used each year without medical documentation.

## 5. Code of Conduct
Employees must protect confidential information, avoid harassment and discrimination, complete annual compliance training, and report policy breaches promptly.

## 6. Equipment
Company-issued laptops and approved endpoint protection must be used for all work involving internal systems. Personal devices may not store customer data unless specifically approved through mobile device management.

## 7. Training
All new hires must complete information-security training, workplace conduct training, and privacy training within 7 business days of joining."
synthetic,EXPENSE_APPROVAL_MATRIX.md,markdown,1,597,"# Expense Approval Matrix

## Metadata
- document_title: Expense Approval Matrix
- version: 1.0
- department: Finance
- effective_date: 2025-03-15
- doc_type: matrix
- source_type: synthetic

## Approval thresholds
- Up to 250 CAD: employee's direct manager
- 250.01 to 1,000 CAD: department manager
- 1,000.01 to 5,000 CAD: director
- Above 5,000 CAD: vice president

## Special rules
- International travel always requires director approval.
- Software subscriptions longer than 12 months require procurement review.
- Any exception to policy requires written justification and finance approval."
synthetic,HR_FAQ.md,markdown,1,624,"# HR FAQ

## Metadata
- document_title: HR FAQ
- version: 1.0
- department: HR
- effective_date: 2025-06-10
- doc_type: faq
- source_type: synthetic

## Q: When do I complete mandatory training?
New hires must complete mandatory training during their first week, and some annual compliance training may apply later.

## Q: Can I use a personal laptop?
No. Company work involving internal systems must use approved company-managed devices unless an exception is formally approved.

## Q: How many vacation days do I receive?
Check the latest handbook version because vacation entitlements changed in the 2025 handbook update."
synthetic,INTERNAL_AUDIT_CHECKLIST.md,markdown,1,489,"# Internal Audit Checklist

## Metadata
- document_title: Internal Audit Checklist
- version: 1.0
- department: Compliance
- effective_date: 2025-06-01
- doc_type: checklist
- source_type: synthetic

## Quarterly review items
- Verify completion of mandatory training.
- Confirm privileged access approvals are logged.
- Sample 10 expense claims for receipt compliance.
- Review vendor files for tax and banking verification.
- Confirm complaints were acknowledged within policy timelines."
synthetic,IT_ACCESS_REQUEST_SOP.md,markdown,1,820,"# IT Access Request SOP

## Metadata
- document_title: IT Access Request SOP
- version: 1.0
- department: IT & Security
- effective_date: 2025-04-10
- doc_type: sop
- source_type: synthetic

## 1. Access request types
Requests may include laptop issuance, email setup, VPN access, CRM access, analytics access, and shared drive access.

## 2. Approval requirements
Standard access requires manager approval. Access to production systems requires manager approval and security approval. Admin privileges require director approval.

## 3. Provisioning timelines
- Email and chat: within 1 business day
- VPN: within 2 business days
- Shared drive: within 2 business days
- Production system access: within 3 business days after approval

## 4. Audit logging
All privileged access approvals must be logged for audit review."
synthetic,NEW_HIRE_ONBOARDING_SOP.md,markdown,1,778,"# New Hire Onboarding SOP

## Metadata
- document_title: New Hire Onboarding SOP
- version: 1.0
- department: HR
- effective_date: 2025-04-01
- doc_type: sop
- source_type: synthetic

## 1. Pre-start checklist
- Confirm signed offer letter.
- Create employee profile in HRIS.
- Request laptop and access badge.
- Assign manager buddy.

## 2. Day-one tasks
- Verify identity documents.
- Provide handbook and policy links.
- Review code of conduct.
- Enroll the employee in mandatory training.

## 3. First-week tasks
- Complete IT access provisioning.
- Complete security awareness training.
- Complete privacy training.
- Review team operating procedures.

## 4. Ownership
HR owns employee record creation. IT owns account provisioning. Hiring managers own role-specific setup."
synthetic,POLICY_CHANGE_MEMO_2025_Q4.md,markdown,1,672,"# Policy Change Memo - Q4 2025

## Metadata
- document_title: Policy Change Memo - Q4 2025
- version: 1.0
- department: Compliance
- effective_date: 2025-10-05
- doc_type: memo
- source_type: synthetic

## Summary of changes
The Q4 2025 update introduced higher hotel and meal limits in the travel policy, shorter expense submission timelines, additional privacy training for all new hires, and more permissive remote-work rules in the updated employee handbook.

## Impacted documents
- Travel and Expense Policy v2
- Employee Handbook v2

## Implementation note
Managers should communicate these changes during team meetings and ensure outdated policy links are removed."
synthetic,PROCUREMENT_POLICY.md,markdown,1,777,"# Procurement Policy

## Metadata
- document_title: Procurement Policy
- version: 1.0
- department: Procurement
- effective_date: 2025-05-01
- doc_type: policy
- source_type: synthetic

## 1. Purpose
This policy governs purchasing of goods and services.

## 2. Competitive quotes
- Purchases below 1,000 CAD do not require competitive quotes.
- Purchases from 1,000 CAD to 9,999.99 CAD require one written quote.
- Purchases from 10,000 CAD to 49,999.99 CAD require at least three written quotes.
- Purchases of 50,000 CAD or more require a formal procurement process.

## 3. Vendor onboarding
New vendors must complete tax and banking verification before payment setup.

## 4. Conflict of interest
Employees involved in vendor selection must disclose any conflict of interest."
synthetic,TRAVEL_EXPENSE_POLICY_V1.md,markdown,1,996,"# Travel and Expense Policy v1

## Metadata
- document_title: Travel and Expense Policy
- version: 1.0
- department: Finance
- effective_date: 2025-02-01
- doc_type: policy
- source_type: synthetic

## 1. Purpose
This policy explains reimbursable business travel and expense rules.

## 2. Air Travel
Economy airfare is reimbursable. Premium economy requires director approval for flights longer than 6 hours. Business class is not reimbursable.

## 3. Hotels
Hotel costs up to 225 CAD per night before taxes are reimbursable in major Canadian cities. Higher rates require pre-approval.

## 4. Meals
Daily meal reimbursement caps are 20 CAD for breakfast, 25 CAD for lunch, and 45 CAD for dinner.

## 5. Ground Transport
Taxi, rideshare, public transit, and mileage are reimbursable when reasonable and business-related.

## 6. Receipt Rules
Receipts are required for all expenses above 25 CAD.

## 7. Submission Timeline
Expense claims must be submitted within 20 calendar days after travel ends."
synthetic,TRAVEL_EXPENSE_POLICY_V2.md,markdown,1,1102,"# Travel and Expense Policy v2

## Metadata
- document_title: Travel and Expense Policy
- version: 2.0
- department: Finance
- effective_date: 2025-10-01
- doc_type: policy
- source_type: synthetic

## 1. Purpose
This policy explains reimbursable business travel and expense rules.

## 2. Air Travel
Economy airfare is reimbursable. Premium economy requires director approval for flights longer than 5 hours. Business class remains non-reimbursable unless explicitly approved by the vice president for medical or operational reasons.

## 3. Hotels
Hotel costs up to 250 CAD per night before taxes are reimbursable in major Canadian cities. Higher rates require written pre-approval.

## 4. Meals
Daily meal reimbursement caps are 22 CAD for breakfast, 28 CAD for lunch, and 50 CAD for dinner.

## 5. Ground Transport
Taxi, rideshare, public transit, mileage, and parking are reimbursable when reasonable and business-related.

## 6. Receipt Rules
Receipts are required for all expenses above 20 CAD.

## 7. Submission Timeline
Expense claims must be submitted within 15 calendar days after travel ends."
